ISO-10303-21;
HEADER;
FILE_DESCRIPTION(('FreeCAD Model'),'2;1');
FILE_NAME('Open CASCADE Shape Model','2026-07-24T17:27:02',(''),(''),
  'Open CASCADE STEP processor 7.8','FreeCAD','Unknown');
FILE_SCHEMA(('AUTOMOTIVE_DESIGN { 1 0 10303 214 1 1 1 1 }'));
ENDSEC;
DATA;
#1 = APPLICATION_PROTOCOL_DEFINITION('international standard',
  'automotive_design',2000,#2);
#2 = APPLICATION_CONTEXT(
  'core data for automotive mechanical design processes');
#3 = SHAPE_DEFINITION_REPRESENTATION(#4,#10);
#4 = PRODUCT_DEFINITION_SHAPE('','',#5);
#5 = PRODUCT_DEFINITION('design','',#6,#9);
#6 = PRODUCT_DEFINITION_FORMATION('','',#7);
#7 = PRODUCT('Unnamed1','Unnamed1','',(#8));
#8 = PRODUCT_CONTEXT('',#2,'mechanical');
#9 = PRODUCT_DEFINITION_CONTEXT('part definition',#2,'design');
#10 = SHAPE_REPRESENTATION('',(#11,#15,#19,#23,#27,#31,#35),#39);
#11 = AXIS2_PLACEMENT_3D('',#12,#13,#14);
#12 = CARTESIAN_POINT('',(0.,0.,0.));
#13 = DIRECTION('',(0.,0.,1.));
#14 = DIRECTION('',(1.,0.,-0.));
#15 = AXIS2_PLACEMENT_3D('',#16,#17,#18);
#16 = CARTESIAN_POINT('',(0.,0.,0.));
#17 = DIRECTION('',(0.,0.,1.));
#18 = DIRECTION('',(1.,0.,0.));
#19 = AXIS2_PLACEMENT_3D('',#20,#21,#22);
#20 = CARTESIAN_POINT('',(-13.25,9.5,5.));
#21 = DIRECTION('',(8.659560562355E-17,-8.659560562355E-17,-1.));
#22 = DIRECTION('',(-2.22044604925E-16,1.,-8.659560562355E-17));
#23 = AXIS2_PLACEMENT_3D('',#24,#25,#26);
#24 = CARTESIAN_POINT('',(-13.25,9.5,5.));
#25 = DIRECTION('',(8.659560562355E-17,-8.659560562355E-17,-1.));
#26 = DIRECTION('',(-2.22044604925E-16,1.,-8.659560562355E-17));
#27 = AXIS2_PLACEMENT_3D('',#28,#29,#30);
#28 = CARTESIAN_POINT('',(-13.25,9.5,5.));
#29 = DIRECTION('',(8.659560562355E-17,-8.659560562355E-17,-1.));
#30 = DIRECTION('',(-2.22044604925E-16,1.,-8.659560562355E-17));
#31 = AXIS2_PLACEMENT_3D('',#32,#33,#34);
#32 = CARTESIAN_POINT('',(-13.25,9.5,5.));
#33 = DIRECTION('',(8.659560562355E-17,-8.659560562355E-17,-1.));
#34 = DIRECTION('',(-2.22044604925E-16,1.,-8.659560562355E-17));
#35 = AXIS2_PLACEMENT_3D('',#36,#37,#38);
#36 = CARTESIAN_POINT('',(0.,0.,0.));
#37 = DIRECTION('',(0.,0.,1.));
#38 = DIRECTION('',(1.,0.,0.));
#39 = ( GEOMETRIC_REPRESENTATION_CONTEXT(3) 
GLOBAL_UNCERTAINTY_ASSIGNED_CONTEXT((#43)) GLOBAL_UNIT_ASSIGNED_CONTEXT(
(#40,#41,#42)) REPRESENTATION_CONTEXT('Context #1',
  '3D Context with UNIT and UNCERTAINTY') );
#40 = ( LENGTH_UNIT() NAMED_UNIT(*) SI_UNIT(.MILLI.,.METRE.) );
#41 = ( NAMED_UNIT(*) PLANE_ANGLE_UNIT() SI_UNIT($,.RADIAN.) );
#42 = ( NAMED_UNIT(*) SI_UNIT($,.STERADIAN.) SOLID_ANGLE_UNIT() );
#43 = UNCERTAINTY_MEASURE_WITH_UNIT(LENGTH_MEASURE(5.E-07),#40,
  'distance_accuracy_value','confusion accuracy');
#44 = PRODUCT_RELATED_PRODUCT_CATEGORY('part',$,(#7));
#45 = SHAPE_DEFINITION_REPRESENTATION(#46,#52);
#46 = PRODUCT_DEFINITION_SHAPE('','',#47);
#47 = PRODUCT_DEFINITION('design','',#48,#51);
#48 = PRODUCT_DEFINITION_FORMATION('','',#49);
#49 = PRODUCT('Cut','Cut','',(#50));
#50 = PRODUCT_CONTEXT('',#2,'mechanical');
#51 = PRODUCT_DEFINITION_CONTEXT('part definition',#2,'design');
#52 = ADVANCED_BREP_SHAPE_REPRESENTATION('',(#11,#53),#623);
#53 = MANIFOLD_SOLID_BREP('',#54);
#54 = CLOSED_SHELL('',(#55,#127,#158,#214,#238,#294,#318,#342,#388,#405,
    #426,#492,#504,#543,#555,#572,#589,#606));
#55 = ADVANCED_FACE('',(#56),#122,.F.);
#56 = FACE_BOUND('',#57,.F.);
#57 = EDGE_LOOP('',(#58,#68,#76,#84,#92,#100,#108,#116));
#58 = ORIENTED_EDGE('',*,*,#59,.F.);
#59 = EDGE_CURVE('',#60,#62,#64,.T.);
#60 = VERTEX_POINT('',#61);
#61 = CARTESIAN_POINT('',(-1.690212,20.007004,6.5));
#62 = VERTEX_POINT('',#63);
#63 = CARTESIAN_POINT('',(-1.690212,19.998438,6.5));
#64 = LINE('',#65,#66);
#65 = CARTESIAN_POINT('',(-1.690212,20.007004,6.5));
#66 = VECTOR('',#67,1.);
#67 = DIRECTION('',(0.,-1.,0.));
#68 = ORIENTED_EDGE('',*,*,#69,.T.);
#69 = EDGE_CURVE('',#60,#70,#72,.T.);
#70 = VERTEX_POINT('',#71);
#71 = CARTESIAN_POINT('',(-1.690212,20.007004,24.));
#72 = LINE('',#73,#74);
#73 = CARTESIAN_POINT('',(-1.690212,20.007004,6.5));
#74 = VECTOR('',#75,1.);
#75 = DIRECTION('',(0.,0.,1.));
#76 = ORIENTED_EDGE('',*,*,#77,.T.);
#77 = EDGE_CURVE('',#70,#78,#80,.T.);
#78 = VERTEX_POINT('',#79);
#79 = CARTESIAN_POINT('',(-1.690212,-1.030892,24.));
#80 = LINE('',#81,#82);
#81 = CARTESIAN_POINT('',(-1.690212,20.007004,24.));
#82 = VECTOR('',#83,1.);
#83 = DIRECTION('',(0.,-1.,0.));
#84 = ORIENTED_EDGE('',*,*,#85,.F.);
#85 = EDGE_CURVE('',#86,#78,#88,.T.);
#86 = VERTEX_POINT('',#87);
#87 = CARTESIAN_POINT('',(-1.690212,-1.030892,6.5));
#88 = LINE('',#89,#90);
#89 = CARTESIAN_POINT('',(-1.690212,-1.030892,6.5));
#90 = VECTOR('',#91,1.);
#91 = DIRECTION('',(0.,0.,1.));
#92 = ORIENTED_EDGE('',*,*,#93,.F.);
#93 = EDGE_CURVE('',#94,#86,#96,.T.);
#94 = VERTEX_POINT('',#95);
#95 = CARTESIAN_POINT('',(-1.690212,-0.999823,6.5));
#96 = LINE('',#97,#98);
#97 = CARTESIAN_POINT('',(-1.690212,20.007004,6.5));
#98 = VECTOR('',#99,1.);
#99 = DIRECTION('',(0.,-1.,0.));
#100 = ORIENTED_EDGE('',*,*,#101,.T.);
#101 = EDGE_CURVE('',#94,#102,#104,.T.);
#102 = VERTEX_POINT('',#103);
#103 = CARTESIAN_POINT('',(-1.690212,-0.999823,6.57));
#104 = LINE('',#105,#106);
#105 = CARTESIAN_POINT('',(-1.690212,-0.999823,5.7));
#106 = VECTOR('',#107,1.);
#107 = DIRECTION('',(0.,0.,1.));
#108 = ORIENTED_EDGE('',*,*,#109,.F.);
#109 = EDGE_CURVE('',#110,#102,#112,.T.);
#110 = VERTEX_POINT('',#111);
#111 = CARTESIAN_POINT('',(-1.690212,19.998438,6.57));
#112 = LINE('',#113,#114);
#113 = CARTESIAN_POINT('',(-1.690212,14.75315575,6.57));
#114 = VECTOR('',#115,1.);
#115 = DIRECTION('',(0.,-1.,0.));
#116 = ORIENTED_EDGE('',*,*,#117,.T.);
#117 = EDGE_CURVE('',#110,#62,#118,.T.);
#118 = LINE('',#119,#120);
#119 = CARTESIAN_POINT('',(-1.690212,19.998438,5.7));
#120 = VECTOR('',#121,1.);
#121 = DIRECTION('',(0.,0.,-1.));
#122 = PLANE('',#123);
#123 = AXIS2_PLACEMENT_3D('',#124,#125,#126);
#124 = CARTESIAN_POINT('',(-1.690212,20.007004,6.5));
#125 = DIRECTION('',(1.,0.,0.));
#126 = DIRECTION('',(0.,-1.,0.));
#127 = ADVANCED_FACE('',(#128),#153,.F.);
#128 = FACE_BOUND('',#129,.F.);
#129 = EDGE_LOOP('',(#130,#138,#139,#147));
#130 = ORIENTED_EDGE('',*,*,#131,.T.);
#131 = EDGE_CURVE('',#132,#60,#134,.T.);
#132 = VERTEX_POINT('',#133);
#133 = CARTESIAN_POINT('',(34.496284,20.007004,6.5));
#134 = LINE('',#135,#136);
#135 = CARTESIAN_POINT('',(34.496284,20.007004,6.5));
#136 = VECTOR('',#137,1.);
#137 = DIRECTION('',(-1.,0.,0.));
#138 = ORIENTED_EDGE('',*,*,#59,.T.);
#139 = ORIENTED_EDGE('',*,*,#140,.T.);
#140 = EDGE_CURVE('',#62,#141,#143,.T.);
#141 = VERTEX_POINT('',#142);
#142 = CARTESIAN_POINT('',(34.496284,19.998438,6.5));
#143 = LINE('',#144,#145);
#144 = CARTESIAN_POINT('',(36.201192,19.998438,6.5));
#145 = VECTOR('',#146,1.);
#146 = DIRECTION('',(1.,0.,0.));
#147 = ORIENTED_EDGE('',*,*,#148,.T.);
#148 = EDGE_CURVE('',#141,#132,#149,.T.);
#149 = LINE('',#150,#151);
#150 = CARTESIAN_POINT('',(34.496284,-1.030892,6.5));
#151 = VECTOR('',#152,1.);
#152 = DIRECTION('',(0.,1.,0.));
#153 = PLANE('',#154);
#154 = AXIS2_PLACEMENT_3D('',#155,#156,#157);
#155 = CARTESIAN_POINT('',(16.403036,9.488056,6.5));
#156 = DIRECTION('',(0.,0.,1.));
#157 = DIRECTION('',(1.,0.,0.));
#158 = ADVANCED_FACE('',(#159),#209,.F.);
#159 = FACE_BOUND('',#160,.F.);
#160 = EDGE_LOOP('',(#161,#171,#179,#187,#193,#194,#195,#203));
#161 = ORIENTED_EDGE('',*,*,#162,.F.);
#162 = EDGE_CURVE('',#163,#165,#167,.T.);
#163 = VERTEX_POINT('',#164);
#164 = CARTESIAN_POINT('',(55.999348,19.998438,4.9));
#165 = VERTEX_POINT('',#166);
#166 = CARTESIAN_POINT('',(-17.003164,19.998438,4.9));
#167 = LINE('',#168,#169);
#168 = CARTESIAN_POINT('',(55.999348,19.998438,4.9));
#169 = VECTOR('',#170,1.);
#170 = DIRECTION('',(-1.,0.,0.));
#171 = ORIENTED_EDGE('',*,*,#172,.T.);
#172 = EDGE_CURVE('',#163,#173,#175,.T.);
#173 = VERTEX_POINT('',#174);
#174 = CARTESIAN_POINT('',(55.999348,19.998438,6.57));
#175 = LINE('',#176,#177);
#176 = CARTESIAN_POINT('',(55.999348,19.998438,4.9));
#177 = VECTOR('',#178,1.);
#178 = DIRECTION('',(0.,0.,1.));
#179 = ORIENTED_EDGE('',*,*,#180,.T.);
#180 = EDGE_CURVE('',#173,#181,#183,.T.);
#181 = VERTEX_POINT('',#182);
#182 = CARTESIAN_POINT('',(34.496284,19.998438,6.57));
#183 = LINE('',#184,#185);
#184 = CARTESIAN_POINT('',(55.999348,19.998438,6.57));
#185 = VECTOR('',#186,1.);
#186 = DIRECTION('',(-1.,0.,0.));
#187 = ORIENTED_EDGE('',*,*,#188,.F.);
#188 = EDGE_CURVE('',#141,#181,#189,.T.);
#189 = LINE('',#190,#191);
#190 = CARTESIAN_POINT('',(34.496284,19.998438,5.7));
#191 = VECTOR('',#192,1.);
#192 = DIRECTION('',(0.,0.,1.));
#193 = ORIENTED_EDGE('',*,*,#140,.F.);
#194 = ORIENTED_EDGE('',*,*,#117,.F.);
#195 = ORIENTED_EDGE('',*,*,#196,.T.);
#196 = EDGE_CURVE('',#110,#197,#199,.T.);
#197 = VERTEX_POINT('',#198);
#198 = CARTESIAN_POINT('',(-17.003164,19.998438,6.57));
#199 = LINE('',#200,#201);
#200 = CARTESIAN_POINT('',(55.999348,19.998438,6.57));
#201 = VECTOR('',#202,1.);
#202 = DIRECTION('',(-1.,0.,0.));
#203 = ORIENTED_EDGE('',*,*,#204,.F.);
#204 = EDGE_CURVE('',#165,#197,#205,.T.);
#205 = LINE('',#206,#207);
#206 = CARTESIAN_POINT('',(-17.003164,19.998438,4.9));
#207 = VECTOR('',#208,1.);
#208 = DIRECTION('',(0.,0.,1.));
#209 = PLANE('',#210);
#210 = AXIS2_PLACEMENT_3D('',#211,#212,#213);
#211 = CARTESIAN_POINT('',(55.999348,19.998438,4.9));
#212 = DIRECTION('',(0.,-1.,0.));
#213 = DIRECTION('',(-1.,0.,0.));
#214 = ADVANCED_FACE('',(#215),#233,.T.);
#215 = FACE_BOUND('',#216,.T.);
#216 = EDGE_LOOP('',(#217,#218,#226,#232));
#217 = ORIENTED_EDGE('',*,*,#196,.T.);
#218 = ORIENTED_EDGE('',*,*,#219,.T.);
#219 = EDGE_CURVE('',#197,#220,#222,.T.);
#220 = VERTEX_POINT('',#221);
#221 = CARTESIAN_POINT('',(-17.003164,-0.999823,6.57));
#222 = LINE('',#223,#224);
#223 = CARTESIAN_POINT('',(-17.003164,19.998438,6.57));
#224 = VECTOR('',#225,1.);
#225 = DIRECTION('',(0.,-1.,0.));
#226 = ORIENTED_EDGE('',*,*,#227,.T.);
#227 = EDGE_CURVE('',#220,#102,#228,.T.);
#228 = LINE('',#229,#230);
#229 = CARTESIAN_POINT('',(-17.003164,-0.999823,6.57));
#230 = VECTOR('',#231,1.);
#231 = DIRECTION('',(1.,0.,0.));
#232 = ORIENTED_EDGE('',*,*,#109,.F.);
#233 = PLANE('',#234);
#234 = AXIS2_PLACEMENT_3D('',#235,#236,#237);
#235 = CARTESIAN_POINT('',(19.498092,9.4993075,6.57));
#236 = DIRECTION('',(0.,0.,1.));
#237 = DIRECTION('',(1.,0.,0.));
#238 = ADVANCED_FACE('',(#239),#289,.F.);
#239 = FACE_BOUND('',#240,.F.);
#240 = EDGE_LOOP('',(#241,#251,#257,#258,#259,#267,#275,#283));
#241 = ORIENTED_EDGE('',*,*,#242,.F.);
#242 = EDGE_CURVE('',#243,#245,#247,.T.);
#243 = VERTEX_POINT('',#244);
#244 = CARTESIAN_POINT('',(-17.003164,-0.999823,4.9));
#245 = VERTEX_POINT('',#246);
#246 = CARTESIAN_POINT('',(55.999348,-0.999823,4.9));
#247 = LINE('',#248,#249);
#248 = CARTESIAN_POINT('',(-17.003164,-0.999823,4.9));
#249 = VECTOR('',#250,1.);
#250 = DIRECTION('',(1.,0.,0.));
#251 = ORIENTED_EDGE('',*,*,#252,.T.);
#252 = EDGE_CURVE('',#243,#220,#253,.T.);
#253 = LINE('',#254,#255);
#254 = CARTESIAN_POINT('',(-17.003164,-0.999823,4.9));
#255 = VECTOR('',#256,1.);
#256 = DIRECTION('',(0.,0.,1.));
#257 = ORIENTED_EDGE('',*,*,#227,.T.);
#258 = ORIENTED_EDGE('',*,*,#101,.F.);
#259 = ORIENTED_EDGE('',*,*,#260,.F.);
#260 = EDGE_CURVE('',#261,#94,#263,.T.);
#261 = VERTEX_POINT('',#262);
#262 = CARTESIAN_POINT('',(34.496284,-0.999823,6.5));
#263 = LINE('',#264,#265);
#264 = CARTESIAN_POINT('',(-0.300064,-0.999823,6.5));
#265 = VECTOR('',#266,1.);
#266 = DIRECTION('',(-1.,0.,0.));
#267 = ORIENTED_EDGE('',*,*,#268,.F.);
#268 = EDGE_CURVE('',#269,#261,#271,.T.);
#269 = VERTEX_POINT('',#270);
#270 = CARTESIAN_POINT('',(34.496284,-0.999823,6.57));
#271 = LINE('',#272,#273);
#272 = CARTESIAN_POINT('',(34.496284,-0.999823,5.7));
#273 = VECTOR('',#274,1.);
#274 = DIRECTION('',(0.,0.,-1.));
#275 = ORIENTED_EDGE('',*,*,#276,.T.);
#276 = EDGE_CURVE('',#269,#277,#279,.T.);
#277 = VERTEX_POINT('',#278);
#278 = CARTESIAN_POINT('',(55.999348,-0.999823,6.57));
#279 = LINE('',#280,#281);
#280 = CARTESIAN_POINT('',(-17.003164,-0.999823,6.57));
#281 = VECTOR('',#282,1.);
#282 = DIRECTION('',(1.,0.,0.));
#283 = ORIENTED_EDGE('',*,*,#284,.F.);
#284 = EDGE_CURVE('',#245,#277,#285,.T.);
#285 = LINE('',#286,#287);
#286 = CARTESIAN_POINT('',(55.999348,-0.999823,4.9));
#287 = VECTOR('',#288,1.);
#288 = DIRECTION('',(0.,0.,1.));
#289 = PLANE('',#290);
#290 = AXIS2_PLACEMENT_3D('',#291,#292,#293);
#291 = CARTESIAN_POINT('',(-17.003164,-0.999823,4.9));
#292 = DIRECTION('',(0.,1.,0.));
#293 = DIRECTION('',(1.,0.,0.));
#294 = ADVANCED_FACE('',(#295),#313,.F.);
#295 = FACE_BOUND('',#296,.F.);
#296 = EDGE_LOOP('',(#297,#298,#299,#307));
#297 = ORIENTED_EDGE('',*,*,#260,.T.);
#298 = ORIENTED_EDGE('',*,*,#93,.T.);
#299 = ORIENTED_EDGE('',*,*,#300,.T.);
#300 = EDGE_CURVE('',#86,#301,#303,.T.);
#301 = VERTEX_POINT('',#302);
#302 = CARTESIAN_POINT('',(34.496284,-1.030892,6.5));
#303 = LINE('',#304,#305);
#304 = CARTESIAN_POINT('',(-1.690212,-1.030892,6.5));
#305 = VECTOR('',#306,1.);
#306 = DIRECTION('',(1.,0.,0.));
#307 = ORIENTED_EDGE('',*,*,#308,.T.);
#308 = EDGE_CURVE('',#301,#261,#309,.T.);
#309 = LINE('',#310,#311);
#310 = CARTESIAN_POINT('',(34.496284,-1.030892,6.5));
#311 = VECTOR('',#312,1.);
#312 = DIRECTION('',(0.,1.,0.));
#313 = PLANE('',#314);
#314 = AXIS2_PLACEMENT_3D('',#315,#316,#317);
#315 = CARTESIAN_POINT('',(16.403036,9.488056,6.5));
#316 = DIRECTION('',(0.,0.,1.));
#317 = DIRECTION('',(1.,0.,0.));
#318 = ADVANCED_FACE('',(#319),#337,.F.);
#319 = FACE_BOUND('',#320,.F.);
#320 = EDGE_LOOP('',(#321,#322,#330,#336));
#321 = ORIENTED_EDGE('',*,*,#85,.T.);
#322 = ORIENTED_EDGE('',*,*,#323,.T.);
#323 = EDGE_CURVE('',#78,#324,#326,.T.);
#324 = VERTEX_POINT('',#325);
#325 = CARTESIAN_POINT('',(34.496284,-1.030892,24.));
#326 = LINE('',#327,#328);
#327 = CARTESIAN_POINT('',(-1.690212,-1.030892,24.));
#328 = VECTOR('',#329,1.);
#329 = DIRECTION('',(1.,0.,0.));
#330 = ORIENTED_EDGE('',*,*,#331,.F.);
#331 = EDGE_CURVE('',#301,#324,#332,.T.);
#332 = LINE('',#333,#334);
#333 = CARTESIAN_POINT('',(34.496284,-1.030892,6.5));
#334 = VECTOR('',#335,1.);
#335 = DIRECTION('',(0.,0.,1.));
#336 = ORIENTED_EDGE('',*,*,#300,.F.);
#337 = PLANE('',#338);
#338 = AXIS2_PLACEMENT_3D('',#339,#340,#341);
#339 = CARTESIAN_POINT('',(-1.690212,-1.030892,6.5));
#340 = DIRECTION('',(0.,1.,0.));
#341 = DIRECTION('',(1.,0.,0.));
#342 = ADVANCED_FACE('',(#343,#361,#372),#383,.T.);
#343 = FACE_BOUND('',#344,.T.);
#344 = EDGE_LOOP('',(#345,#346,#347,#355));
#345 = ORIENTED_EDGE('',*,*,#77,.T.);
#346 = ORIENTED_EDGE('',*,*,#323,.T.);
#347 = ORIENTED_EDGE('',*,*,#348,.T.);
#348 = EDGE_CURVE('',#324,#349,#351,.T.);
#349 = VERTEX_POINT('',#350);
#350 = CARTESIAN_POINT('',(34.496284,20.007004,24.));
#351 = LINE('',#352,#353);
#352 = CARTESIAN_POINT('',(34.496284,-1.030892,24.));
#353 = VECTOR('',#354,1.);
#354 = DIRECTION('',(0.,1.,0.));
#355 = ORIENTED_EDGE('',*,*,#356,.T.);
#356 = EDGE_CURVE('',#349,#70,#357,.T.);
#357 = LINE('',#358,#359);
#358 = CARTESIAN_POINT('',(34.496284,20.007004,24.));
#359 = VECTOR('',#360,1.);
#360 = DIRECTION('',(-1.,0.,0.));
#361 = FACE_BOUND('',#362,.T.);
#362 = EDGE_LOOP('',(#363));
#363 = ORIENTED_EDGE('',*,*,#364,.T.);
#364 = EDGE_CURVE('',#365,#365,#367,.T.);
#365 = VERTEX_POINT('',#366);
#366 = CARTESIAN_POINT('',(1.145787,0.338327,24.));
#367 = CIRCLE('',#368,0.825);
#368 = AXIS2_PLACEMENT_3D('',#369,#370,#371);
#369 = CARTESIAN_POINT('',(0.320787,0.338327,24.));
#370 = DIRECTION('',(0.,0.,-1.));
#371 = DIRECTION('',(1.,0.,0.));
#372 = FACE_BOUND('',#373,.T.);
#373 = EDGE_LOOP('',(#374));
#374 = ORIENTED_EDGE('',*,*,#375,.T.);
#375 = EDGE_CURVE('',#376,#376,#378,.T.);
#376 = VERTEX_POINT('',#377);
#377 = CARTESIAN_POINT('',(1.145787,18.738327,24.));
#378 = CIRCLE('',#379,0.825);
#379 = AXIS2_PLACEMENT_3D('',#380,#381,#382);
#380 = CARTESIAN_POINT('',(0.320787,18.738327,24.));
#381 = DIRECTION('',(0.,0.,-1.));
#382 = DIRECTION('',(1.,0.,0.));
#383 = PLANE('',#384);
#384 = AXIS2_PLACEMENT_3D('',#385,#386,#387);
#385 = CARTESIAN_POINT('',(16.403036,9.488056,24.));
#386 = DIRECTION('',(0.,0.,1.));
#387 = DIRECTION('',(1.,0.,0.));
#388 = ADVANCED_FACE('',(#389),#400,.F.);
#389 = FACE_BOUND('',#390,.F.);
#390 = EDGE_LOOP('',(#391,#397,#398,#399));
#391 = ORIENTED_EDGE('',*,*,#392,.T.);
#392 = EDGE_CURVE('',#132,#349,#393,.T.);
#393 = LINE('',#394,#395);
#394 = CARTESIAN_POINT('',(34.496284,20.007004,6.5));
#395 = VECTOR('',#396,1.);
#396 = DIRECTION('',(0.,0.,1.));
#397 = ORIENTED_EDGE('',*,*,#356,.T.);
#398 = ORIENTED_EDGE('',*,*,#69,.F.);
#399 = ORIENTED_EDGE('',*,*,#131,.F.);
#400 = PLANE('',#401);
#401 = AXIS2_PLACEMENT_3D('',#402,#403,#404);
#402 = CARTESIAN_POINT('',(34.496284,20.007004,6.5));
#403 = DIRECTION('',(0.,-1.,0.));
#404 = DIRECTION('',(-1.,0.,0.));
#405 = ADVANCED_FACE('',(#406),#421,.F.);
#406 = FACE_BOUND('',#407,.F.);
#407 = EDGE_LOOP('',(#408,#409,#410,#411,#412,#413,#414,#420));
#408 = ORIENTED_EDGE('',*,*,#308,.F.);
#409 = ORIENTED_EDGE('',*,*,#331,.T.);
#410 = ORIENTED_EDGE('',*,*,#348,.T.);
#411 = ORIENTED_EDGE('',*,*,#392,.F.);
#412 = ORIENTED_EDGE('',*,*,#148,.F.);
#413 = ORIENTED_EDGE('',*,*,#188,.T.);
#414 = ORIENTED_EDGE('',*,*,#415,.F.);
#415 = EDGE_CURVE('',#269,#181,#416,.T.);
#416 = LINE('',#417,#418);
#417 = CARTESIAN_POINT('',(34.496284,4.23420775,6.57));
#418 = VECTOR('',#419,1.);
#419 = DIRECTION('',(0.,1.,0.));
#420 = ORIENTED_EDGE('',*,*,#268,.T.);
#421 = PLANE('',#422);
#422 = AXIS2_PLACEMENT_3D('',#423,#424,#425);
#423 = CARTESIAN_POINT('',(34.496284,-1.030892,6.5));
#424 = DIRECTION('',(-1.,0.,0.));
#425 = DIRECTION('',(0.,1.,0.));
#426 = ADVANCED_FACE('',(#427,#443,#454,#465,#476),#487,.F.);
#427 = FACE_BOUND('',#428,.F.);
#428 = EDGE_LOOP('',(#429,#435,#436,#442));
#429 = ORIENTED_EDGE('',*,*,#430,.T.);
#430 = EDGE_CURVE('',#165,#243,#431,.T.);
#431 = LINE('',#432,#433);
#432 = CARTESIAN_POINT('',(-17.003164,19.998438,4.9));
#433 = VECTOR('',#434,1.);
#434 = DIRECTION('',(0.,-1.,0.));
#435 = ORIENTED_EDGE('',*,*,#242,.T.);
#436 = ORIENTED_EDGE('',*,*,#437,.T.);
#437 = EDGE_CURVE('',#245,#163,#438,.T.);
#438 = LINE('',#439,#440);
#439 = CARTESIAN_POINT('',(55.999348,-0.999823,4.9));
#440 = VECTOR('',#441,1.);
#441 = DIRECTION('',(0.,1.,0.));
#442 = ORIENTED_EDGE('',*,*,#162,.T.);
#443 = FACE_BOUND('',#444,.F.);
#444 = EDGE_LOOP('',(#445));
#445 = ORIENTED_EDGE('',*,*,#446,.T.);
#446 = EDGE_CURVE('',#447,#447,#449,.T.);
#447 = VERTEX_POINT('',#448);
#448 = CARTESIAN_POINT('',(1.145787,0.338327,4.9));
#449 = CIRCLE('',#450,0.825);
#450 = AXIS2_PLACEMENT_3D('',#451,#452,#453);
#451 = CARTESIAN_POINT('',(0.320787,0.338327,4.9));
#452 = DIRECTION('',(0.,0.,-1.));
#453 = DIRECTION('',(1.,0.,0.));
#454 = FACE_BOUND('',#455,.F.);
#455 = EDGE_LOOP('',(#456));
#456 = ORIENTED_EDGE('',*,*,#457,.T.);
#457 = EDGE_CURVE('',#458,#458,#460,.T.);
#458 = VERTEX_POINT('',#459);
#459 = CARTESIAN_POINT('',(46.4857,0.338327,4.9));
#460 = CIRCLE('',#461,0.825);
#461 = AXIS2_PLACEMENT_3D('',#462,#463,#464);
#462 = CARTESIAN_POINT('',(45.6607,0.338327,4.9));
#463 = DIRECTION('',(0.,0.,-1.));
#464 = DIRECTION('',(1.,0.,0.));
#465 = FACE_BOUND('',#466,.F.);
#466 = EDGE_LOOP('',(#467));
#467 = ORIENTED_EDGE('',*,*,#468,.T.);
#468 = EDGE_CURVE('',#469,#469,#471,.T.);
#469 = VERTEX_POINT('',#470);
#470 = CARTESIAN_POINT('',(1.145787,18.738327,4.9));
#471 = CIRCLE('',#472,0.825);
#472 = AXIS2_PLACEMENT_3D('',#473,#474,#475);
#473 = CARTESIAN_POINT('',(0.320787,18.738327,4.9));
#474 = DIRECTION('',(0.,0.,-1.));
#475 = DIRECTION('',(1.,0.,0.));
#476 = FACE_BOUND('',#477,.F.);
#477 = EDGE_LOOP('',(#478));
#478 = ORIENTED_EDGE('',*,*,#479,.T.);
#479 = EDGE_CURVE('',#480,#480,#482,.T.);
#480 = VERTEX_POINT('',#481);
#481 = CARTESIAN_POINT('',(46.4857,18.738327,4.9));
#482 = CIRCLE('',#483,0.825);
#483 = AXIS2_PLACEMENT_3D('',#484,#485,#486);
#484 = CARTESIAN_POINT('',(45.6607,18.738327,4.9));
#485 = DIRECTION('',(0.,0.,-1.));
#486 = DIRECTION('',(1.,0.,0.));
#487 = PLANE('',#488);
#488 = AXIS2_PLACEMENT_3D('',#489,#490,#491);
#489 = CARTESIAN_POINT('',(19.498092,9.4993075,4.9));
#490 = DIRECTION('',(0.,0.,1.));
#491 = DIRECTION('',(1.,0.,0.));
#492 = ADVANCED_FACE('',(#493),#499,.F.);
#493 = FACE_BOUND('',#494,.F.);
#494 = EDGE_LOOP('',(#495,#496,#497,#498));
#495 = ORIENTED_EDGE('',*,*,#204,.T.);
#496 = ORIENTED_EDGE('',*,*,#219,.T.);
#497 = ORIENTED_EDGE('',*,*,#252,.F.);
#498 = ORIENTED_EDGE('',*,*,#430,.F.);
#499 = PLANE('',#500);
#500 = AXIS2_PLACEMENT_3D('',#501,#502,#503);
#501 = CARTESIAN_POINT('',(-17.003164,19.998438,4.9));
#502 = DIRECTION('',(1.,0.,0.));
#503 = DIRECTION('',(0.,-1.,0.));
#504 = ADVANCED_FACE('',(#505,#516,#527),#538,.T.);
#505 = FACE_BOUND('',#506,.T.);
#506 = EDGE_LOOP('',(#507,#508,#509,#510));
#507 = ORIENTED_EDGE('',*,*,#180,.T.);
#508 = ORIENTED_EDGE('',*,*,#415,.F.);
#509 = ORIENTED_EDGE('',*,*,#276,.T.);
#510 = ORIENTED_EDGE('',*,*,#511,.T.);
#511 = EDGE_CURVE('',#277,#173,#512,.T.);
#512 = LINE('',#513,#514);
#513 = CARTESIAN_POINT('',(55.999348,-0.999823,6.57));
#514 = VECTOR('',#515,1.);
#515 = DIRECTION('',(0.,1.,0.));
#516 = FACE_BOUND('',#517,.T.);
#517 = EDGE_LOOP('',(#518));
#518 = ORIENTED_EDGE('',*,*,#519,.T.);
#519 = EDGE_CURVE('',#520,#520,#522,.T.);
#520 = VERTEX_POINT('',#521);
#521 = CARTESIAN_POINT('',(46.4857,0.338327,6.57));
#522 = CIRCLE('',#523,0.825);
#523 = AXIS2_PLACEMENT_3D('',#524,#525,#526);
#524 = CARTESIAN_POINT('',(45.6607,0.338327,6.57));
#525 = DIRECTION('',(0.,0.,-1.));
#526 = DIRECTION('',(1.,0.,0.));
#527 = FACE_BOUND('',#528,.T.);
#528 = EDGE_LOOP('',(#529));
#529 = ORIENTED_EDGE('',*,*,#530,.T.);
#530 = EDGE_CURVE('',#531,#531,#533,.T.);
#531 = VERTEX_POINT('',#532);
#532 = CARTESIAN_POINT('',(46.4857,18.738327,6.57));
#533 = CIRCLE('',#534,0.825);
#534 = AXIS2_PLACEMENT_3D('',#535,#536,#537);
#535 = CARTESIAN_POINT('',(45.6607,18.738327,6.57));
#536 = DIRECTION('',(0.,0.,-1.));
#537 = DIRECTION('',(1.,0.,0.));
#538 = PLANE('',#539);
#539 = AXIS2_PLACEMENT_3D('',#540,#541,#542);
#540 = CARTESIAN_POINT('',(19.498092,9.4993075,6.57));
#541 = DIRECTION('',(0.,0.,1.));
#542 = DIRECTION('',(1.,0.,0.));
#543 = ADVANCED_FACE('',(#544),#550,.F.);
#544 = FACE_BOUND('',#545,.F.);
#545 = EDGE_LOOP('',(#546,#547,#548,#549));
#546 = ORIENTED_EDGE('',*,*,#284,.T.);
#547 = ORIENTED_EDGE('',*,*,#511,.T.);
#548 = ORIENTED_EDGE('',*,*,#172,.F.);
#549 = ORIENTED_EDGE('',*,*,#437,.F.);
#550 = PLANE('',#551);
#551 = AXIS2_PLACEMENT_3D('',#552,#553,#554);
#552 = CARTESIAN_POINT('',(55.999348,-0.999823,4.9));
#553 = DIRECTION('',(-1.,0.,0.));
#554 = DIRECTION('',(0.,1.,0.));
#555 = ADVANCED_FACE('',(#556),#567,.F.);
#556 = FACE_BOUND('',#557,.T.);
#557 = EDGE_LOOP('',(#558,#559,#565,#566));
#558 = ORIENTED_EDGE('',*,*,#446,.T.);
#559 = ORIENTED_EDGE('',*,*,#560,.T.);
#560 = EDGE_CURVE('',#447,#365,#561,.T.);
#561 = LINE('',#562,#563);
#562 = CARTESIAN_POINT('',(1.145787,0.338327,-5.));
#563 = VECTOR('',#564,1.);
#564 = DIRECTION('',(0.,0.,1.));
#565 = ORIENTED_EDGE('',*,*,#364,.F.);
#566 = ORIENTED_EDGE('',*,*,#560,.F.);
#567 = CYLINDRICAL_SURFACE('',#568,0.825);
#568 = AXIS2_PLACEMENT_3D('',#569,#570,#571);
#569 = CARTESIAN_POINT('',(0.320787,0.338327,-5.));
#570 = DIRECTION('',(-0.,-0.,-1.));
#571 = DIRECTION('',(1.,0.,0.));
#572 = ADVANCED_FACE('',(#573),#584,.F.);
#573 = FACE_BOUND('',#574,.T.);
#574 = EDGE_LOOP('',(#575,#576,#582,#583));
#575 = ORIENTED_EDGE('',*,*,#468,.T.);
#576 = ORIENTED_EDGE('',*,*,#577,.T.);
#577 = EDGE_CURVE('',#469,#376,#578,.T.);
#578 = LINE('',#579,#580);
#579 = CARTESIAN_POINT('',(1.145787,18.738327,-5.));
#580 = VECTOR('',#581,1.);
#581 = DIRECTION('',(0.,0.,1.));
#582 = ORIENTED_EDGE('',*,*,#375,.F.);
#583 = ORIENTED_EDGE('',*,*,#577,.F.);
#584 = CYLINDRICAL_SURFACE('',#585,0.825);
#585 = AXIS2_PLACEMENT_3D('',#586,#587,#588);
#586 = CARTESIAN_POINT('',(0.320787,18.738327,-5.));
#587 = DIRECTION('',(-0.,-0.,-1.));
#588 = DIRECTION('',(1.,0.,0.));
#589 = ADVANCED_FACE('',(#590),#601,.F.);
#590 = FACE_BOUND('',#591,.T.);
#591 = EDGE_LOOP('',(#592,#593,#599,#600));
#592 = ORIENTED_EDGE('',*,*,#457,.T.);
#593 = ORIENTED_EDGE('',*,*,#594,.T.);
#594 = EDGE_CURVE('',#458,#520,#595,.T.);
#595 = LINE('',#596,#597);
#596 = CARTESIAN_POINT('',(46.4857,0.338327,-5.));
#597 = VECTOR('',#598,1.);
#598 = DIRECTION('',(0.,0.,1.));
#599 = ORIENTED_EDGE('',*,*,#519,.F.);
#600 = ORIENTED_EDGE('',*,*,#594,.F.);
#601 = CYLINDRICAL_SURFACE('',#602,0.825);
#602 = AXIS2_PLACEMENT_3D('',#603,#604,#605);
#603 = CARTESIAN_POINT('',(45.6607,0.338327,-5.));
#604 = DIRECTION('',(-0.,-0.,-1.));
#605 = DIRECTION('',(1.,0.,0.));
#606 = ADVANCED_FACE('',(#607),#618,.F.);
#607 = FACE_BOUND('',#608,.T.);
#608 = EDGE_LOOP('',(#609,#610,#616,#617));
#609 = ORIENTED_EDGE('',*,*,#479,.T.);
#610 = ORIENTED_EDGE('',*,*,#611,.T.);
#611 = EDGE_CURVE('',#480,#531,#612,.T.);
#612 = LINE('',#613,#614);
#613 = CARTESIAN_POINT('',(46.4857,18.738327,-5.));
#614 = VECTOR('',#615,1.);
#615 = DIRECTION('',(0.,0.,1.));
#616 = ORIENTED_EDGE('',*,*,#530,.F.);
#617 = ORIENTED_EDGE('',*,*,#611,.F.);
#618 = CYLINDRICAL_SURFACE('',#619,0.825);
#619 = AXIS2_PLACEMENT_3D('',#620,#621,#622);
#620 = CARTESIAN_POINT('',(45.6607,18.738327,-5.));
#621 = DIRECTION('',(-0.,-0.,-1.));
#622 = DIRECTION('',(1.,0.,0.));
#623 = ( GEOMETRIC_REPRESENTATION_CONTEXT(3) 
GLOBAL_UNCERTAINTY_ASSIGNED_CONTEXT((#627)) GLOBAL_UNIT_ASSIGNED_CONTEXT
((#624,#625,#626)) REPRESENTATION_CONTEXT('Context #1',
  '3D Context with UNIT and UNCERTAINTY') );
#624 = ( LENGTH_UNIT() NAMED_UNIT(*) SI_UNIT(.MILLI.,.METRE.) );
#625 = ( NAMED_UNIT(*) PLANE_ANGLE_UNIT() SI_UNIT($,.RADIAN.) );
#626 = ( NAMED_UNIT(*) SI_UNIT($,.STERADIAN.) SOLID_ANGLE_UNIT() );
#627 = UNCERTAINTY_MEASURE_WITH_UNIT(LENGTH_MEASURE(1.E-05),#624,
  'distance_accuracy_value','confusion accuracy');
#628 = CONTEXT_DEPENDENT_SHAPE_REPRESENTATION(#629,#631);
#629 = ( REPRESENTATION_RELATIONSHIP('','',#52,#10) 
REPRESENTATION_RELATIONSHIP_WITH_TRANSFORMATION(#630) 
SHAPE_REPRESENTATION_RELATIONSHIP() );
#630 = ITEM_DEFINED_TRANSFORMATION('','',#11,#15);
#631 = PRODUCT_DEFINITION_SHAPE('Placement','Placement of an item',#632
  );
#632 = NEXT_ASSEMBLY_USAGE_OCCURRENCE('56','Cut','',#5,#47,$);
#633 = PRODUCT_RELATED_PRODUCT_CATEGORY('part',$,(#49));
#634 = SHAPE_DEFINITION_REPRESENTATION(#635,#641);
#635 = PRODUCT_DEFINITION_SHAPE('','',#636);
#636 = PRODUCT_DEFINITION('design','',#637,#640);
#637 = PRODUCT_DEFINITION_FORMATION('','',#638);
#638 = PRODUCT(
  'USB_C_Receptacle_16P_TopMnt_Horizontal_GCT_USB4105-xx-A037',
  'USB_C_Receptacle_16P_TopMnt_Horizontal_GCT_USB4105-xx-A037','',(#639)
  );
#639 = PRODUCT_CONTEXT('',#2,'mechanical');
#640 = PRODUCT_DEFINITION_CONTEXT('part definition',#2,'design');
#641 = ADVANCED_BREP_SHAPE_REPRESENTATION('',(#11,#642),#5709);
#642 = MANIFOLD_SOLID_BREP('',#643);
#643 = CLOSED_SHELL('',(#644,#898,#963,#988,#1013,#1037,#1068,#1093,
    #1125,#1149,#1191,#1216,#1262,#1286,#1343,#1361,#1378,#1395,#1419,
    #1451,#1500,#1539,#1556,#1580,#1612,#1661,#1700,#1717,#1804,#1829,
    #1992,#2017,#2158,#2183,#2245,#2269,#2286,#2303,#2320,#2337,#2361,
    #2394,#2411,#2428,#2452,#2469,#2493,#2510,#2543,#2567,#2579,#2591,
    #2608,#2762,#2830,#2862,#2879,#2896,#2913,#2930,#2947,#3056,#3073,
    #3151,#3168,#3277,#3431,#3448,#3472,#3637,#3662,#3679,#3696,#3708,
    #3720,#3737,#3754,#3771,#3788,#3805,#3822,#3839,#3856,#3873,#3890,
    #3907,#3924,#3941,#3958,#3975,#3992,#4004,#4021,#4038,#4055,#4081,
    #4098,#4120,#4132,#4149,#4166,#4183,#4200,#4217,#4234,#4251,#4268,
    #4280,#4495,#4512,#4529,#4546,#4563,#4580,#4597,#4638,#4655,#4672,
    #4689,#4729,#4769,#4810,#4827,#4844,#4868,#4900,#4939,#4956,#4980,
    #5012,#5051,#5068,#5085,#5107,#5119,#5152,#5169,#5186,#5205,#5224,
    #5257,#5274,#5291,#5308,#5341,#5358,#5382,#5415,#5439,#5456,#5473,
    #5522,#5539,#5551,#5600,#5617,#5629,#5646,#5663,#5680,#5697));
#644 = ADVANCED_FACE('',(#645,#763),#893,.T.);
#645 = FACE_BOUND('',#646,.T.);
#646 = EDGE_LOOP('',(#647,#657,#665,#673,#681,#689,#697,#705,#714,#722,
    #731,#739,#748,#756));
#647 = ORIENTED_EDGE('',*,*,#648,.T.);
#648 = EDGE_CURVE('',#649,#651,#653,.T.);
#649 = VERTEX_POINT('',#650);
#650 = CARTESIAN_POINT('',(-2.,-1.875,0.45));
#651 = VERTEX_POINT('',#652);
#652 = CARTESIAN_POINT('',(-3.19,-1.875,0.45));
#653 = LINE('',#654,#655);
#654 = CARTESIAN_POINT('',(-2.235,-1.875,0.45));
#655 = VECTOR('',#656,1.);
#656 = DIRECTION('',(-1.,0.,0.));
#657 = ORIENTED_EDGE('',*,*,#658,.F.);
#658 = EDGE_CURVE('',#659,#651,#661,.T.);
#659 = VERTEX_POINT('',#660);
#660 = CARTESIAN_POINT('',(-3.19,-3.375,0.45));
#661 = LINE('',#662,#663);
#662 = CARTESIAN_POINT('',(-3.19,-3.675,0.45));
#663 = VECTOR('',#664,1.);
#664 = DIRECTION('',(0.,1.,-2.2E-16));
#665 = ORIENTED_EDGE('',*,*,#666,.T.);
#666 = EDGE_CURVE('',#659,#667,#669,.T.);
#667 = VERTEX_POINT('',#668);
#668 = CARTESIAN_POINT('',(0.,-3.375,0.45));
#669 = LINE('',#670,#671);
#670 = CARTESIAN_POINT('',(-3.19,-3.375,0.45));
#671 = VECTOR('',#672,1.);
#672 = DIRECTION('',(1.,0.,0.));
#673 = ORIENTED_EDGE('',*,*,#674,.T.);
#674 = EDGE_CURVE('',#667,#675,#677,.T.);
#675 = VERTEX_POINT('',#676);
#676 = CARTESIAN_POINT('',(0.,2.145,0.45));
#677 = LINE('',#678,#679);
#678 = CARTESIAN_POINT('',(0.,-3.675,0.45));
#679 = VECTOR('',#680,1.);
#680 = DIRECTION('',(0.,1.,-2.2E-16));
#681 = ORIENTED_EDGE('',*,*,#682,.T.);
#682 = EDGE_CURVE('',#675,#683,#685,.T.);
#683 = VERTEX_POINT('',#684);
#684 = CARTESIAN_POINT('',(-3.19,2.145,0.45));
#685 = LINE('',#686,#687);
#686 = CARTESIAN_POINT('',(-2.235,2.145,0.45));
#687 = VECTOR('',#688,1.);
#688 = DIRECTION('',(-1.,0.,0.));
#689 = ORIENTED_EDGE('',*,*,#690,.F.);
#690 = EDGE_CURVE('',#691,#683,#693,.T.);
#691 = VERTEX_POINT('',#692);
#692 = CARTESIAN_POINT('',(-3.19,0.225,0.45));
#693 = LINE('',#694,#695);
#694 = CARTESIAN_POINT('',(-3.19,-3.675,0.45));
#695 = VECTOR('',#696,1.);
#696 = DIRECTION('',(0.,1.,-2.2E-16));
#697 = ORIENTED_EDGE('',*,*,#698,.T.);
#698 = EDGE_CURVE('',#691,#699,#701,.T.);
#699 = VERTEX_POINT('',#700);
#700 = CARTESIAN_POINT('',(-3.,0.225,0.45));
#701 = LINE('',#702,#703);
#702 = CARTESIAN_POINT('',(-1.425,0.225,0.45));
#703 = VECTOR('',#704,1.);
#704 = DIRECTION('',(1.,0.,0.));
#705 = ORIENTED_EDGE('',*,*,#706,.F.);
#706 = EDGE_CURVE('',#707,#699,#709,.T.);
#707 = VERTEX_POINT('',#708);
#708 = CARTESIAN_POINT('',(-2.85,7.5E-02,0.45));
#709 = CIRCLE('',#710,0.15);
#710 = AXIS2_PLACEMENT_3D('',#711,#712,#713);
#711 = CARTESIAN_POINT('',(-3.,7.5E-02,0.45));
#712 = DIRECTION('',(-0.,3.3E-16,1.));
#713 = DIRECTION('',(0.,-1.,3.3E-16));
#714 = ORIENTED_EDGE('',*,*,#715,.T.);
#715 = EDGE_CURVE('',#707,#716,#718,.T.);
#716 = VERTEX_POINT('',#717);
#717 = CARTESIAN_POINT('',(-2.85,-2.5E-02,0.45));
#718 = LINE('',#719,#720);
#719 = CARTESIAN_POINT('',(-2.85,-1.925,0.45));
#720 = VECTOR('',#721,1.);
#721 = DIRECTION('',(0.,-1.,2.2E-16));
#722 = ORIENTED_EDGE('',*,*,#723,.F.);
#723 = EDGE_CURVE('',#724,#716,#726,.T.);
#724 = VERTEX_POINT('',#725);
#725 = CARTESIAN_POINT('',(-2.7,-0.175,0.45));
#726 = CIRCLE('',#727,0.15);
#727 = AXIS2_PLACEMENT_3D('',#728,#729,#730);
#728 = CARTESIAN_POINT('',(-2.7,-2.5E-02,0.45));
#729 = DIRECTION('',(-0.,-3.3E-16,-1.));
#730 = DIRECTION('',(0.,-1.,3.3E-16));
#731 = ORIENTED_EDGE('',*,*,#732,.T.);
#732 = EDGE_CURVE('',#724,#733,#735,.T.);
#733 = VERTEX_POINT('',#734);
#734 = CARTESIAN_POINT('',(-2.,-0.175,0.45));
#735 = LINE('',#736,#737);
#736 = CARTESIAN_POINT('',(-0.925,-0.175,0.45));
#737 = VECTOR('',#738,1.);
#738 = DIRECTION('',(1.,0.,0.));
#739 = ORIENTED_EDGE('',*,*,#740,.F.);
#740 = EDGE_CURVE('',#741,#733,#743,.T.);
#741 = VERTEX_POINT('',#742);
#742 = CARTESIAN_POINT('',(-1.85,-0.325,0.45));
#743 = CIRCLE('',#744,0.15);
#744 = AXIS2_PLACEMENT_3D('',#745,#746,#747);
#745 = CARTESIAN_POINT('',(-2.,-0.325,0.45));
#746 = DIRECTION('',(-0.,3.3E-16,1.));
#747 = DIRECTION('',(0.,-1.,3.3E-16));
#748 = ORIENTED_EDGE('',*,*,#749,.T.);
#749 = EDGE_CURVE('',#741,#750,#752,.T.);
#750 = VERTEX_POINT('',#751);
#751 = CARTESIAN_POINT('',(-1.85,-1.725,0.45));
#752 = LINE('',#753,#754);
#753 = CARTESIAN_POINT('',(-1.85,-2.775,0.45));
#754 = VECTOR('',#755,1.);
#755 = DIRECTION('',(0.,-1.,2.2E-16));
#756 = ORIENTED_EDGE('',*,*,#757,.F.);
#757 = EDGE_CURVE('',#649,#750,#758,.T.);
#758 = CIRCLE('',#759,0.15);
#759 = AXIS2_PLACEMENT_3D('',#760,#761,#762);
#760 = CARTESIAN_POINT('',(-2.,-1.725,0.45));
#761 = DIRECTION('',(-0.,3.3E-16,1.));
#762 = DIRECTION('',(0.,-1.,3.3E-16));
#763 = FACE_BOUND('',#764,.T.);
#764 = EDGE_LOOP('',(#765,#775,#783,#791,#799,#807,#815,#823,#831,#839,
    #847,#855,#863,#871,#879,#887));
#765 = ORIENTED_EDGE('',*,*,#766,.T.);
#766 = EDGE_CURVE('',#767,#769,#771,.T.);
#767 = VERTEX_POINT('',#768);
#768 = CARTESIAN_POINT('',(-1.16,1.625,0.45));
#769 = VERTEX_POINT('',#770);
#770 = CARTESIAN_POINT('',(-1.16,1.125,0.45));
#771 = LINE('',#772,#773);
#772 = CARTESIAN_POINT('',(-1.16,-1.025,0.45));
#773 = VECTOR('',#774,1.);
#774 = DIRECTION('',(0.,-1.,2.2E-16));
#775 = ORIENTED_EDGE('',*,*,#776,.T.);
#776 = EDGE_CURVE('',#769,#777,#779,.T.);
#777 = VERTEX_POINT('',#778);
#778 = CARTESIAN_POINT('',(-1.21,1.125,0.45));
#779 = LINE('',#780,#781);
#780 = CARTESIAN_POINT('',(-0.58,1.125,0.45));
#781 = VECTOR('',#782,1.);
#782 = DIRECTION('',(-1.,0.,0.));
#783 = ORIENTED_EDGE('',*,*,#784,.T.);
#784 = EDGE_CURVE('',#777,#785,#787,.T.);
#785 = VERTEX_POINT('',#786);
#786 = CARTESIAN_POINT('',(-1.272132034356,1.125,0.45));
#787 = LINE('',#788,#789);
#788 = CARTESIAN_POINT('',(-0.58,1.125,0.45));
#789 = VECTOR('',#790,1.);
#790 = DIRECTION('',(-1.,0.,0.));
#791 = ORIENTED_EDGE('',*,*,#792,.T.);
#792 = EDGE_CURVE('',#785,#793,#795,.T.);
#793 = VERTEX_POINT('',#794);
#794 = CARTESIAN_POINT('',(-1.66,1.125,0.45));
#795 = LINE('',#796,#797);
#796 = CARTESIAN_POINT('',(-0.58,1.125,0.45));
#797 = VECTOR('',#798,1.);
#798 = DIRECTION('',(-1.,0.,0.));
#799 = ORIENTED_EDGE('',*,*,#800,.T.);
#800 = EDGE_CURVE('',#793,#801,#803,.T.);
#801 = VERTEX_POINT('',#802);
#802 = CARTESIAN_POINT('',(-1.88,1.125,0.45));
#803 = LINE('',#804,#805);
#804 = CARTESIAN_POINT('',(-0.58,1.125,0.45));
#805 = VECTOR('',#806,1.);
#806 = DIRECTION('',(-1.,0.,0.));
#807 = ORIENTED_EDGE('',*,*,#808,.T.);
#808 = EDGE_CURVE('',#801,#809,#811,.T.);
#809 = VERTEX_POINT('',#810);
#810 = CARTESIAN_POINT('',(-2.267867965644,1.125,0.45));
#811 = LINE('',#812,#813);
#812 = CARTESIAN_POINT('',(-0.58,1.125,0.45));
#813 = VECTOR('',#814,1.);
#814 = DIRECTION('',(-1.,0.,0.));
#815 = ORIENTED_EDGE('',*,*,#816,.T.);
#816 = EDGE_CURVE('',#809,#817,#819,.T.);
#817 = VERTEX_POINT('',#818);
#818 = CARTESIAN_POINT('',(-2.33,1.125,0.45));
#819 = LINE('',#820,#821);
#820 = CARTESIAN_POINT('',(-0.58,1.125,0.45));
#821 = VECTOR('',#822,1.);
#822 = DIRECTION('',(-1.,0.,0.));
#823 = ORIENTED_EDGE('',*,*,#824,.T.);
#824 = EDGE_CURVE('',#817,#825,#827,.T.);
#825 = VERTEX_POINT('',#826);
#826 = CARTESIAN_POINT('',(-2.38,1.125,0.45));
#827 = LINE('',#828,#829);
#828 = CARTESIAN_POINT('',(-0.58,1.125,0.45));
#829 = VECTOR('',#830,1.);
#830 = DIRECTION('',(-1.,0.,0.));
#831 = ORIENTED_EDGE('',*,*,#832,.T.);
#832 = EDGE_CURVE('',#825,#833,#835,.T.);
#833 = VERTEX_POINT('',#834);
#834 = CARTESIAN_POINT('',(-2.38,1.625,0.45));
#835 = LINE('',#836,#837);
#836 = CARTESIAN_POINT('',(-2.38,-1.275,0.45));
#837 = VECTOR('',#838,1.);
#838 = DIRECTION('',(0.,1.,-2.2E-16));
#839 = ORIENTED_EDGE('',*,*,#840,.T.);
#840 = EDGE_CURVE('',#833,#841,#843,.T.);
#841 = VERTEX_POINT('',#842);
#842 = CARTESIAN_POINT('',(-2.33,1.625,0.45));
#843 = LINE('',#844,#845);
#844 = CARTESIAN_POINT('',(-1.19,1.625,0.45));
#845 = VECTOR('',#846,1.);
#846 = DIRECTION('',(1.,0.,0.));
#847 = ORIENTED_EDGE('',*,*,#848,.T.);
#848 = EDGE_CURVE('',#841,#849,#851,.T.);
#849 = VERTEX_POINT('',#850);
#850 = CARTESIAN_POINT('',(-2.267867965644,1.625,0.45));
#851 = LINE('',#852,#853);
#852 = CARTESIAN_POINT('',(-1.19,1.625,0.45));
#853 = VECTOR('',#854,1.);
#854 = DIRECTION('',(1.,0.,0.));
#855 = ORIENTED_EDGE('',*,*,#856,.T.);
#856 = EDGE_CURVE('',#849,#857,#859,.T.);
#857 = VERTEX_POINT('',#858);
#858 = CARTESIAN_POINT('',(-1.88,1.625,0.45));
#859 = LINE('',#860,#861);
#860 = CARTESIAN_POINT('',(-1.19,1.625,0.45));
#861 = VECTOR('',#862,1.);
#862 = DIRECTION('',(1.,0.,0.));
#863 = ORIENTED_EDGE('',*,*,#864,.T.);
#864 = EDGE_CURVE('',#857,#865,#867,.T.);
#865 = VERTEX_POINT('',#866);
#866 = CARTESIAN_POINT('',(-1.66,1.625,0.45));
#867 = LINE('',#868,#869);
#868 = CARTESIAN_POINT('',(-1.19,1.625,0.45));
#869 = VECTOR('',#870,1.);
#870 = DIRECTION('',(1.,0.,0.));
#871 = ORIENTED_EDGE('',*,*,#872,.T.);
#872 = EDGE_CURVE('',#865,#873,#875,.T.);
#873 = VERTEX_POINT('',#874);
#874 = CARTESIAN_POINT('',(-1.272132034356,1.625,0.45));
#875 = LINE('',#876,#877);
#876 = CARTESIAN_POINT('',(-1.19,1.625,0.45));
#877 = VECTOR('',#878,1.);
#878 = DIRECTION('',(1.,0.,0.));
#879 = ORIENTED_EDGE('',*,*,#880,.T.);
#880 = EDGE_CURVE('',#873,#881,#883,.T.);
#881 = VERTEX_POINT('',#882);
#882 = CARTESIAN_POINT('',(-1.21,1.625,0.45));
#883 = LINE('',#884,#885);
#884 = CARTESIAN_POINT('',(-1.19,1.625,0.45));
#885 = VECTOR('',#886,1.);
#886 = DIRECTION('',(1.,0.,0.));
#887 = ORIENTED_EDGE('',*,*,#888,.T.);
#888 = EDGE_CURVE('',#881,#767,#889,.T.);
#889 = LINE('',#890,#891);
#890 = CARTESIAN_POINT('',(-1.19,1.625,0.45));
#891 = VECTOR('',#892,1.);
#892 = DIRECTION('',(1.,0.,0.));
#893 = PLANE('',#894);
#894 = AXIS2_PLACEMENT_3D('',#895,#896,#897);
#895 = CARTESIAN_POINT('',(0.,-3.675,0.45));
#896 = DIRECTION('',(0.,2.2E-16,1.));
#897 = DIRECTION('',(-1.,0.,0.));
#898 = ADVANCED_FACE('',(#899),#958,.T.);
#899 = FACE_BOUND('',#900,.T.);
#900 = EDGE_LOOP('',(#901,#911,#920,#928,#936,#944,#951,#952));
#901 = ORIENTED_EDGE('',*,*,#902,.F.);
#902 = EDGE_CURVE('',#903,#905,#907,.T.);
#903 = VERTEX_POINT('',#904);
#904 = CARTESIAN_POINT('',(-3.19,-1.875,0.15));
#905 = VERTEX_POINT('',#906);
#906 = CARTESIAN_POINT('',(-2.,-1.875,0.15));
#907 = LINE('',#908,#909);
#908 = CARTESIAN_POINT('',(-4.47,-1.875,0.15));
#909 = VECTOR('',#910,1.);
#910 = DIRECTION('',(1.,0.,0.));
#911 = ORIENTED_EDGE('',*,*,#912,.F.);
#912 = EDGE_CURVE('',#913,#903,#915,.T.);
#913 = VERTEX_POINT('',#914);
#914 = CARTESIAN_POINT('',(-4.47,-1.875,1.43));
#915 = CIRCLE('',#916,1.28);
#916 = AXIS2_PLACEMENT_3D('',#917,#918,#919);
#917 = CARTESIAN_POINT('',(-3.19,-1.875,1.43));
#918 = DIRECTION('',(0.,-1.,2.2E-16));
#919 = DIRECTION('',(1.,0.,0.));
#920 = ORIENTED_EDGE('',*,*,#921,.T.);
#921 = EDGE_CURVE('',#913,#922,#924,.T.);
#922 = VERTEX_POINT('',#923);
#923 = CARTESIAN_POINT('',(-4.47,-1.875,1.5));
#924 = LINE('',#925,#926);
#925 = CARTESIAN_POINT('',(-4.47,-1.875,0.15));
#926 = VECTOR('',#927,1.);
#927 = DIRECTION('',(0.,2.2E-16,1.));
#928 = ORIENTED_EDGE('',*,*,#929,.T.);
#929 = EDGE_CURVE('',#922,#930,#932,.T.);
#930 = VERTEX_POINT('',#931);
#931 = CARTESIAN_POINT('',(-4.17,-1.875,1.5));
#932 = LINE('',#933,#934);
#933 = CARTESIAN_POINT('',(-4.47,-1.875,1.5));
#934 = VECTOR('',#935,1.);
#935 = DIRECTION('',(1.,0.,0.));
#936 = ORIENTED_EDGE('',*,*,#937,.F.);
#937 = EDGE_CURVE('',#938,#930,#940,.T.);
#938 = VERTEX_POINT('',#939);
#939 = CARTESIAN_POINT('',(-4.17,-1.875,1.43));
#940 = LINE('',#941,#942);
#941 = CARTESIAN_POINT('',(-4.17,-1.875,0.79));
#942 = VECTOR('',#943,1.);
#943 = DIRECTION('',(0.,2.2E-16,1.));
#944 = ORIENTED_EDGE('',*,*,#945,.T.);
#945 = EDGE_CURVE('',#938,#651,#946,.T.);
#946 = CIRCLE('',#947,0.98);
#947 = AXIS2_PLACEMENT_3D('',#948,#949,#950);
#948 = CARTESIAN_POINT('',(-3.19,-1.875,1.43));
#949 = DIRECTION('',(0.,-1.,2.2E-16));
#950 = DIRECTION('',(1.,0.,0.));
#951 = ORIENTED_EDGE('',*,*,#648,.F.);
#952 = ORIENTED_EDGE('',*,*,#953,.F.);
#953 = EDGE_CURVE('',#905,#649,#954,.T.);
#954 = LINE('',#955,#956);
#955 = CARTESIAN_POINT('',(-2.,-1.875,0.15));
#956 = VECTOR('',#957,1.);
#957 = DIRECTION('',(0.,3.3E-16,1.));
#958 = PLANE('',#959);
#959 = AXIS2_PLACEMENT_3D('',#960,#961,#962);
#960 = CARTESIAN_POINT('',(-4.47,-1.875,0.15));
#961 = DIRECTION('',(0.,1.,-2.2E-16));
#962 = DIRECTION('',(1.,0.,0.));
#963 = ADVANCED_FACE('',(#964),#983,.F.);
#964 = FACE_BOUND('',#965,.F.);
#965 = EDGE_LOOP('',(#966,#975,#981,#982));
#966 = ORIENTED_EDGE('',*,*,#967,.T.);
#967 = EDGE_CURVE('',#905,#968,#970,.T.);
#968 = VERTEX_POINT('',#969);
#969 = CARTESIAN_POINT('',(-1.85,-1.725,0.15));
#970 = CIRCLE('',#971,0.15);
#971 = AXIS2_PLACEMENT_3D('',#972,#973,#974);
#972 = CARTESIAN_POINT('',(-2.,-1.725,0.15));
#973 = DIRECTION('',(-0.,3.3E-16,1.));
#974 = DIRECTION('',(0.,-1.,3.3E-16));
#975 = ORIENTED_EDGE('',*,*,#976,.T.);
#976 = EDGE_CURVE('',#968,#750,#977,.T.);
#977 = LINE('',#978,#979);
#978 = CARTESIAN_POINT('',(-1.85,-1.725,0.15));
#979 = VECTOR('',#980,1.);
#980 = DIRECTION('',(0.,3.3E-16,1.));
#981 = ORIENTED_EDGE('',*,*,#757,.F.);
#982 = ORIENTED_EDGE('',*,*,#953,.F.);
#983 = CYLINDRICAL_SURFACE('',#984,0.15);
#984 = AXIS2_PLACEMENT_3D('',#985,#986,#987);
#985 = CARTESIAN_POINT('',(-2.,-1.725,0.15));
#986 = DIRECTION('',(0.,3.3E-16,1.));
#987 = DIRECTION('',(0.,-1.,3.3E-16));
#988 = ADVANCED_FACE('',(#989),#1008,.F.);
#989 = FACE_BOUND('',#990,.F.);
#990 = EDGE_LOOP('',(#991,#1000,#1006,#1007));
#991 = ORIENTED_EDGE('',*,*,#992,.F.);
#992 = EDGE_CURVE('',#993,#659,#995,.T.);
#993 = VERTEX_POINT('',#994);
#994 = CARTESIAN_POINT('',(-4.17,-3.375,1.43));
#995 = CIRCLE('',#996,0.98);
#996 = AXIS2_PLACEMENT_3D('',#997,#998,#999);
#997 = CARTESIAN_POINT('',(-3.19,-3.375,1.43));
#998 = DIRECTION('',(0.,-1.,2.2E-16));
#999 = DIRECTION('',(-1.,5.06E-32,2.3E-16));
#1000 = ORIENTED_EDGE('',*,*,#1001,.T.);
#1001 = EDGE_CURVE('',#993,#938,#1002,.T.);
#1002 = LINE('',#1003,#1004);
#1003 = CARTESIAN_POINT('',(-4.17,-3.675,1.43));
#1004 = VECTOR('',#1005,1.);
#1005 = DIRECTION('',(0.,1.,-2.2E-16));
#1006 = ORIENTED_EDGE('',*,*,#945,.T.);
#1007 = ORIENTED_EDGE('',*,*,#658,.F.);
#1008 = CYLINDRICAL_SURFACE('',#1009,0.98);
#1009 = AXIS2_PLACEMENT_3D('',#1010,#1011,#1012);
#1010 = CARTESIAN_POINT('',(-3.19,-3.675,1.43));
#1011 = DIRECTION('',(0.,-1.,2.2E-16));
#1012 = DIRECTION('',(1.,0.,0.));
#1013 = ADVANCED_FACE('',(#1014),#1032,.T.);
#1014 = FACE_BOUND('',#1015,.T.);
#1015 = EDGE_LOOP('',(#1016,#1024,#1025,#1026));
#1016 = ORIENTED_EDGE('',*,*,#1017,.F.);
#1017 = EDGE_CURVE('',#968,#1018,#1020,.T.);
#1018 = VERTEX_POINT('',#1019);
#1019 = CARTESIAN_POINT('',(-1.85,-0.325,0.15));
#1020 = LINE('',#1021,#1022);
#1021 = CARTESIAN_POINT('',(-1.85,-1.875,0.15));
#1022 = VECTOR('',#1023,1.);
#1023 = DIRECTION('',(0.,1.,-2.2E-16));
#1024 = ORIENTED_EDGE('',*,*,#976,.T.);
#1025 = ORIENTED_EDGE('',*,*,#749,.F.);
#1026 = ORIENTED_EDGE('',*,*,#1027,.F.);
#1027 = EDGE_CURVE('',#1018,#741,#1028,.T.);
#1028 = LINE('',#1029,#1030);
#1029 = CARTESIAN_POINT('',(-1.85,-0.325,0.15));
#1030 = VECTOR('',#1031,1.);
#1031 = DIRECTION('',(0.,3.3E-16,1.));
#1032 = PLANE('',#1033);
#1033 = AXIS2_PLACEMENT_3D('',#1034,#1035,#1036);
#1034 = CARTESIAN_POINT('',(-1.85,-1.875,0.15));
#1035 = DIRECTION('',(-1.,0.,0.));
#1036 = DIRECTION('',(0.,1.,-2.2E-16));
#1037 = ADVANCED_FACE('',(#1038),#1063,.F.);
#1038 = FACE_BOUND('',#1039,.F.);
#1039 = EDGE_LOOP('',(#1040,#1048,#1049,#1057));
#1040 = ORIENTED_EDGE('',*,*,#1041,.F.);
#1041 = EDGE_CURVE('',#659,#1042,#1044,.T.);
#1042 = VERTEX_POINT('',#1043);
#1043 = CARTESIAN_POINT('',(-3.19,-3.675,0.35));
#1044 = LINE('',#1045,#1046);
#1045 = CARTESIAN_POINT('',(-3.19,-3.375,0.45));
#1046 = VECTOR('',#1047,1.);
#1047 = DIRECTION('',(-9.E-17,-0.948683298051,-0.316227766017));
#1048 = ORIENTED_EDGE('',*,*,#666,.T.);
#1049 = ORIENTED_EDGE('',*,*,#1050,.T.);
#1050 = EDGE_CURVE('',#667,#1051,#1053,.T.);
#1051 = VERTEX_POINT('',#1052);
#1052 = CARTESIAN_POINT('',(0.,-3.675,0.35));
#1053 = LINE('',#1054,#1055);
#1054 = CARTESIAN_POINT('',(0.,-3.585,0.38));
#1055 = VECTOR('',#1056,1.);
#1056 = DIRECTION('',(0.,-0.948683298051,-0.316227766017));
#1057 = ORIENTED_EDGE('',*,*,#1058,.F.);
#1058 = EDGE_CURVE('',#1042,#1051,#1059,.T.);
#1059 = LINE('',#1060,#1061);
#1060 = CARTESIAN_POINT('',(-3.19,-3.675,0.35));
#1061 = VECTOR('',#1062,1.);
#1062 = DIRECTION('',(1.,0.,0.));
#1063 = PLANE('',#1064);
#1064 = AXIS2_PLACEMENT_3D('',#1065,#1066,#1067);
#1065 = CARTESIAN_POINT('',(-3.19,-3.525,0.4));
#1066 = DIRECTION('',(0.,0.316227766017,-0.948683298051));
#1067 = DIRECTION('',(1.,0.,0.));
#1068 = ADVANCED_FACE('',(#1069),#1088,.F.);
#1069 = FACE_BOUND('',#1070,.F.);
#1070 = EDGE_LOOP('',(#1071,#1080,#1086,#1087));
#1071 = ORIENTED_EDGE('',*,*,#1072,.T.);
#1072 = EDGE_CURVE('',#1018,#1073,#1075,.T.);
#1073 = VERTEX_POINT('',#1074);
#1074 = CARTESIAN_POINT('',(-2.,-0.175,0.15));
#1075 = CIRCLE('',#1076,0.15);
#1076 = AXIS2_PLACEMENT_3D('',#1077,#1078,#1079);
#1077 = CARTESIAN_POINT('',(-2.,-0.325,0.15));
#1078 = DIRECTION('',(-0.,3.3E-16,1.));
#1079 = DIRECTION('',(0.,-1.,3.3E-16));
#1080 = ORIENTED_EDGE('',*,*,#1081,.T.);
#1081 = EDGE_CURVE('',#1073,#733,#1082,.T.);
#1082 = LINE('',#1083,#1084);
#1083 = CARTESIAN_POINT('',(-2.,-0.175,0.15));
#1084 = VECTOR('',#1085,1.);
#1085 = DIRECTION('',(0.,3.3E-16,1.));
#1086 = ORIENTED_EDGE('',*,*,#740,.F.);
#1087 = ORIENTED_EDGE('',*,*,#1027,.F.);
#1088 = CYLINDRICAL_SURFACE('',#1089,0.15);
#1089 = AXIS2_PLACEMENT_3D('',#1090,#1091,#1092);
#1090 = CARTESIAN_POINT('',(-2.,-0.325,0.15));
#1091 = DIRECTION('',(0.,3.3E-16,1.));
#1092 = DIRECTION('',(1.,0.,-0.));
#1093 = ADVANCED_FACE('',(#1094),#1120,.F.);
#1094 = FACE_BOUND('',#1095,.F.);
#1095 = EDGE_LOOP('',(#1096,#1097,#1098,#1106,#1114));
#1096 = ORIENTED_EDGE('',*,*,#1050,.F.);
#1097 = ORIENTED_EDGE('',*,*,#674,.T.);
#1098 = ORIENTED_EDGE('',*,*,#1099,.F.);
#1099 = EDGE_CURVE('',#1100,#675,#1102,.T.);
#1100 = VERTEX_POINT('',#1101);
#1101 = CARTESIAN_POINT('',(0.,2.145,0.15));
#1102 = LINE('',#1103,#1104);
#1103 = CARTESIAN_POINT('',(0.,2.145,0.15));
#1104 = VECTOR('',#1105,1.);
#1105 = DIRECTION('',(0.,2.2E-16,1.));
#1106 = ORIENTED_EDGE('',*,*,#1107,.F.);
#1107 = EDGE_CURVE('',#1108,#1100,#1110,.T.);
#1108 = VERTEX_POINT('',#1109);
#1109 = CARTESIAN_POINT('',(0.,-3.675,0.15));
#1110 = LINE('',#1111,#1112);
#1111 = CARTESIAN_POINT('',(0.,-3.675,0.15));
#1112 = VECTOR('',#1113,1.);
#1113 = DIRECTION('',(0.,1.,-2.2E-16));
#1114 = ORIENTED_EDGE('',*,*,#1115,.F.);
#1115 = EDGE_CURVE('',#1051,#1108,#1116,.T.);
#1116 = LINE('',#1117,#1118);
#1117 = CARTESIAN_POINT('',(0.,-3.675,0.45));
#1118 = VECTOR('',#1119,1.);
#1119 = DIRECTION('',(0.,-2.2E-16,-1.));
#1120 = PLANE('',#1121);
#1121 = AXIS2_PLACEMENT_3D('',#1122,#1123,#1124);
#1122 = CARTESIAN_POINT('',(0.,-3.675,0.45));
#1123 = DIRECTION('',(-1.,0.,0.));
#1124 = DIRECTION('',(-0.,-2.2E-16,-1.));
#1125 = ADVANCED_FACE('',(#1126),#1144,.T.);
#1126 = FACE_BOUND('',#1127,.T.);
#1127 = EDGE_LOOP('',(#1128,#1136,#1137,#1138));
#1128 = ORIENTED_EDGE('',*,*,#1129,.F.);
#1129 = EDGE_CURVE('',#1073,#1130,#1132,.T.);
#1130 = VERTEX_POINT('',#1131);
#1131 = CARTESIAN_POINT('',(-2.7,-0.175,0.15));
#1132 = LINE('',#1133,#1134);
#1133 = CARTESIAN_POINT('',(-1.85,-0.175,0.15));
#1134 = VECTOR('',#1135,1.);
#1135 = DIRECTION('',(-1.,0.,0.));
#1136 = ORIENTED_EDGE('',*,*,#1081,.T.);
#1137 = ORIENTED_EDGE('',*,*,#732,.F.);
#1138 = ORIENTED_EDGE('',*,*,#1139,.F.);
#1139 = EDGE_CURVE('',#1130,#724,#1140,.T.);
#1140 = LINE('',#1141,#1142);
#1141 = CARTESIAN_POINT('',(-2.7,-0.175,0.15));
#1142 = VECTOR('',#1143,1.);
#1143 = DIRECTION('',(0.,3.3E-16,1.));
#1144 = PLANE('',#1145);
#1145 = AXIS2_PLACEMENT_3D('',#1146,#1147,#1148);
#1146 = CARTESIAN_POINT('',(-1.85,-0.175,0.15));
#1147 = DIRECTION('',(0.,-1.,2.2E-16));
#1148 = DIRECTION('',(-1.,0.,0.));
#1149 = ADVANCED_FACE('',(#1150),#1186,.T.);
#1150 = FACE_BOUND('',#1151,.T.);
#1151 = EDGE_LOOP('',(#1152,#1163,#1171,#1178,#1179,#1180));
#1152 = ORIENTED_EDGE('',*,*,#1153,.F.);
#1153 = EDGE_CURVE('',#1154,#1156,#1158,.T.);
#1154 = VERTEX_POINT('',#1155);
#1155 = CARTESIAN_POINT('',(-4.461180553659,2.145,1.28));
#1156 = VERTEX_POINT('',#1157);
#1157 = CARTESIAN_POINT('',(-3.19,2.145,0.15));
#1158 = CIRCLE('',#1159,1.28);
#1159 = AXIS2_PLACEMENT_3D('',#1160,#1161,#1162);
#1160 = CARTESIAN_POINT('',(-3.19,2.145,1.43));
#1161 = DIRECTION('',(0.,-1.,2.2E-16));
#1162 = DIRECTION('',(1.,0.,0.));
#1163 = ORIENTED_EDGE('',*,*,#1164,.T.);
#1164 = EDGE_CURVE('',#1154,#1165,#1167,.T.);
#1165 = VERTEX_POINT('',#1166);
#1166 = CARTESIAN_POINT('',(-4.158452373635,2.145,1.28));
#1167 = LINE('',#1168,#1169);
#1168 = CARTESIAN_POINT('',(-4.47,2.145,1.28));
#1169 = VECTOR('',#1170,1.);
#1170 = DIRECTION('',(1.,0.,0.));
#1171 = ORIENTED_EDGE('',*,*,#1172,.T.);
#1172 = EDGE_CURVE('',#1165,#683,#1173,.T.);
#1173 = CIRCLE('',#1174,0.98);
#1174 = AXIS2_PLACEMENT_3D('',#1175,#1176,#1177);
#1175 = CARTESIAN_POINT('',(-3.19,2.145,1.43));
#1176 = DIRECTION('',(0.,-1.,2.2E-16));
#1177 = DIRECTION('',(1.,0.,0.));
#1178 = ORIENTED_EDGE('',*,*,#682,.F.);
#1179 = ORIENTED_EDGE('',*,*,#1099,.F.);
#1180 = ORIENTED_EDGE('',*,*,#1181,.F.);
#1181 = EDGE_CURVE('',#1156,#1100,#1182,.T.);
#1182 = LINE('',#1183,#1184);
#1183 = CARTESIAN_POINT('',(-4.47,2.145,0.15));
#1184 = VECTOR('',#1185,1.);
#1185 = DIRECTION('',(1.,0.,0.));
#1186 = PLANE('',#1187);
#1187 = AXIS2_PLACEMENT_3D('',#1188,#1189,#1190);
#1188 = CARTESIAN_POINT('',(-4.47,2.145,0.15));
#1189 = DIRECTION('',(0.,1.,-2.2E-16));
#1190 = DIRECTION('',(1.,0.,0.));
#1191 = ADVANCED_FACE('',(#1192),#1211,.T.);
#1192 = FACE_BOUND('',#1193,.T.);
#1193 = EDGE_LOOP('',(#1194,#1195,#1196,#1204));
#1194 = ORIENTED_EDGE('',*,*,#1139,.T.);
#1195 = ORIENTED_EDGE('',*,*,#723,.T.);
#1196 = ORIENTED_EDGE('',*,*,#1197,.F.);
#1197 = EDGE_CURVE('',#1198,#716,#1200,.T.);
#1198 = VERTEX_POINT('',#1199);
#1199 = CARTESIAN_POINT('',(-2.85,-2.5E-02,0.15));
#1200 = LINE('',#1201,#1202);
#1201 = CARTESIAN_POINT('',(-2.85,-2.5E-02,0.15));
#1202 = VECTOR('',#1203,1.);
#1203 = DIRECTION('',(0.,3.3E-16,1.));
#1204 = ORIENTED_EDGE('',*,*,#1205,.F.);
#1205 = EDGE_CURVE('',#1130,#1198,#1206,.T.);
#1206 = CIRCLE('',#1207,0.15);
#1207 = AXIS2_PLACEMENT_3D('',#1208,#1209,#1210);
#1208 = CARTESIAN_POINT('',(-2.7,-2.5E-02,0.15));
#1209 = DIRECTION('',(-0.,-3.3E-16,-1.));
#1210 = DIRECTION('',(0.,-1.,3.3E-16));
#1211 = CYLINDRICAL_SURFACE('',#1212,0.15);
#1212 = AXIS2_PLACEMENT_3D('',#1213,#1214,#1215);
#1213 = CARTESIAN_POINT('',(-2.7,-2.5E-02,0.15));
#1214 = DIRECTION('',(0.,3.3E-16,1.));
#1215 = DIRECTION('',(0.,-1.,3.3E-16));
#1216 = ADVANCED_FACE('',(#1217),#1257,.F.);
#1217 = FACE_BOUND('',#1218,.F.);
#1218 = EDGE_LOOP('',(#1219,#1220,#1221,#1230,#1238,#1246));
#1219 = ORIENTED_EDGE('',*,*,#1172,.T.);
#1220 = ORIENTED_EDGE('',*,*,#690,.F.);
#1221 = ORIENTED_EDGE('',*,*,#1222,.F.);
#1222 = EDGE_CURVE('',#1223,#691,#1225,.T.);
#1223 = VERTEX_POINT('',#1224);
#1224 = CARTESIAN_POINT('',(-4.17,0.225,1.43));
#1225 = CIRCLE('',#1226,0.98);
#1226 = AXIS2_PLACEMENT_3D('',#1227,#1228,#1229);
#1227 = CARTESIAN_POINT('',(-3.19,0.225,1.43));
#1228 = DIRECTION('',(0.,-1.,2.2E-16));
#1229 = DIRECTION('',(1.,0.,0.));
#1230 = ORIENTED_EDGE('',*,*,#1231,.T.);
#1231 = EDGE_CURVE('',#1223,#1232,#1234,.T.);
#1232 = VERTEX_POINT('',#1233);
#1233 = CARTESIAN_POINT('',(-4.17,2.145,1.43));
#1234 = LINE('',#1235,#1236);
#1235 = CARTESIAN_POINT('',(-4.17,-3.675,1.43));
#1236 = VECTOR('',#1237,1.);
#1237 = DIRECTION('',(0.,1.,-2.2E-16));
#1238 = ORIENTED_EDGE('',*,*,#1239,.T.);
#1239 = EDGE_CURVE('',#1232,#1240,#1242,.T.);
#1240 = VERTEX_POINT('',#1241);
#1241 = CARTESIAN_POINT('',(-4.17,2.295,1.43));
#1242 = LINE('',#1243,#1244);
#1243 = CARTESIAN_POINT('',(-4.17,-3.675,1.43));
#1244 = VECTOR('',#1245,1.);
#1245 = DIRECTION('',(0.,1.,-3.3E-16));
#1246 = ORIENTED_EDGE('',*,*,#1247,.F.);
#1247 = EDGE_CURVE('',#1165,#1240,#1248,.T.);
#1248 = B_SPLINE_CURVE_WITH_KNOTS('',7,(#1249,#1250,#1251,#1252,#1253,
    #1254,#1255,#1256),.UNSPECIFIED.,.F.,.F.,(8,8),(0.,1.),
  .PIECEWISE_BEZIER_KNOTS.);
#1249 = CARTESIAN_POINT('',(-4.158452373635,2.145,1.28));
#1250 = CARTESIAN_POINT('',(-4.163660671629,2.145,1.313626590364));
#1251 = CARTESIAN_POINT('',(-4.167478908959,2.153794382551,
    1.347286632701));
#1252 = CARTESIAN_POINT('',(-4.169503268907,2.171416933345,
    1.378181809389));
#1253 = CARTESIAN_POINT('',(-4.169999802572,2.196748717078,
    1.403532755354));
#1254 = CARTESIAN_POINT('',(-4.169999943857,2.227646618798,
    1.421184876937));
#1255 = CARTESIAN_POINT('',(-4.17,2.261333852922,1.43));
#1256 = CARTESIAN_POINT('',(-4.17,2.295,1.43));
#1257 = CYLINDRICAL_SURFACE('',#1258,0.98);
#1258 = AXIS2_PLACEMENT_3D('',#1259,#1260,#1261);
#1259 = CARTESIAN_POINT('',(-3.19,-3.675,1.43));
#1260 = DIRECTION('',(0.,-1.,2.2E-16));
#1261 = DIRECTION('',(1.,0.,0.));
#1262 = ADVANCED_FACE('',(#1263),#1281,.T.);
#1263 = FACE_BOUND('',#1264,.T.);
#1264 = EDGE_LOOP('',(#1265,#1273,#1274,#1275));
#1265 = ORIENTED_EDGE('',*,*,#1266,.F.);
#1266 = EDGE_CURVE('',#1198,#1267,#1269,.T.);
#1267 = VERTEX_POINT('',#1268);
#1268 = CARTESIAN_POINT('',(-2.85,7.5E-02,0.15));
#1269 = LINE('',#1270,#1271);
#1270 = CARTESIAN_POINT('',(-2.85,-0.175,0.15));
#1271 = VECTOR('',#1272,1.);
#1272 = DIRECTION('',(0.,1.,-2.2E-16));
#1273 = ORIENTED_EDGE('',*,*,#1197,.T.);
#1274 = ORIENTED_EDGE('',*,*,#715,.F.);
#1275 = ORIENTED_EDGE('',*,*,#1276,.F.);
#1276 = EDGE_CURVE('',#1267,#707,#1277,.T.);
#1277 = LINE('',#1278,#1279);
#1278 = CARTESIAN_POINT('',(-2.85,7.5E-02,0.15));
#1279 = VECTOR('',#1280,1.);
#1280 = DIRECTION('',(0.,3.3E-16,1.));
#1281 = PLANE('',#1282);
#1282 = AXIS2_PLACEMENT_3D('',#1283,#1284,#1285);
#1283 = CARTESIAN_POINT('',(-2.85,-0.175,0.15));
#1284 = DIRECTION('',(-1.,0.,0.));
#1285 = DIRECTION('',(0.,1.,-2.2E-16));
#1286 = ADVANCED_FACE('',(#1287),#1338,.T.);
#1287 = FACE_BOUND('',#1288,.T.);
#1288 = EDGE_LOOP('',(#1289,#1299,#1305,#1306,#1307,#1315,#1323,#1331));
#1289 = ORIENTED_EDGE('',*,*,#1290,.F.);
#1290 = EDGE_CURVE('',#1291,#1293,#1295,.T.);
#1291 = VERTEX_POINT('',#1292);
#1292 = CARTESIAN_POINT('',(-3.,0.225,0.15));
#1293 = VERTEX_POINT('',#1294);
#1294 = CARTESIAN_POINT('',(-3.19,0.225,0.15));
#1295 = LINE('',#1296,#1297);
#1296 = CARTESIAN_POINT('',(-2.85,0.225,0.15));
#1297 = VECTOR('',#1298,1.);
#1298 = DIRECTION('',(-1.,0.,0.));
#1299 = ORIENTED_EDGE('',*,*,#1300,.T.);
#1300 = EDGE_CURVE('',#1291,#699,#1301,.T.);
#1301 = LINE('',#1302,#1303);
#1302 = CARTESIAN_POINT('',(-3.,0.225,0.15));
#1303 = VECTOR('',#1304,1.);
#1304 = DIRECTION('',(0.,3.3E-16,1.));
#1305 = ORIENTED_EDGE('',*,*,#698,.F.);
#1306 = ORIENTED_EDGE('',*,*,#1222,.F.);
#1307 = ORIENTED_EDGE('',*,*,#1308,.F.);
#1308 = EDGE_CURVE('',#1309,#1223,#1311,.T.);
#1309 = VERTEX_POINT('',#1310);
#1310 = CARTESIAN_POINT('',(-4.17,0.225,1.5));
#1311 = LINE('',#1312,#1313);
#1312 = CARTESIAN_POINT('',(-4.17,0.225,0.79));
#1313 = VECTOR('',#1314,1.);
#1314 = DIRECTION('',(0.,-2.2E-16,-1.));
#1315 = ORIENTED_EDGE('',*,*,#1316,.T.);
#1316 = EDGE_CURVE('',#1309,#1317,#1319,.T.);
#1317 = VERTEX_POINT('',#1318);
#1318 = CARTESIAN_POINT('',(-4.47,0.225,1.5));
#1319 = LINE('',#1320,#1321);
#1320 = CARTESIAN_POINT('',(-4.17,0.225,1.5));
#1321 = VECTOR('',#1322,1.);
#1322 = DIRECTION('',(-1.,0.,0.));
#1323 = ORIENTED_EDGE('',*,*,#1324,.F.);
#1324 = EDGE_CURVE('',#1325,#1317,#1327,.T.);
#1325 = VERTEX_POINT('',#1326);
#1326 = CARTESIAN_POINT('',(-4.47,0.225,1.43));
#1327 = LINE('',#1328,#1329);
#1328 = CARTESIAN_POINT('',(-4.47,0.225,0.15));
#1329 = VECTOR('',#1330,1.);
#1330 = DIRECTION('',(0.,2.2E-16,1.));
#1331 = ORIENTED_EDGE('',*,*,#1332,.T.);
#1332 = EDGE_CURVE('',#1325,#1293,#1333,.T.);
#1333 = CIRCLE('',#1334,1.28);
#1334 = AXIS2_PLACEMENT_3D('',#1335,#1336,#1337);
#1335 = CARTESIAN_POINT('',(-3.19,0.225,1.43));
#1336 = DIRECTION('',(0.,-1.,2.2E-16));
#1337 = DIRECTION('',(1.,0.,0.));
#1338 = PLANE('',#1339);
#1339 = AXIS2_PLACEMENT_3D('',#1340,#1341,#1342);
#1340 = CARTESIAN_POINT('',(-2.85,0.225,0.15));
#1341 = DIRECTION('',(0.,-1.,2.2E-16));
#1342 = DIRECTION('',(-1.,0.,0.));
#1343 = ADVANCED_FACE('',(#1344),#1356,.F.);
#1344 = FACE_BOUND('',#1345,.F.);
#1345 = EDGE_LOOP('',(#1346,#1353,#1354,#1355));
#1346 = ORIENTED_EDGE('',*,*,#1347,.T.);
#1347 = EDGE_CURVE('',#1267,#1291,#1348,.T.);
#1348 = CIRCLE('',#1349,0.15);
#1349 = AXIS2_PLACEMENT_3D('',#1350,#1351,#1352);
#1350 = CARTESIAN_POINT('',(-3.,7.5E-02,0.15));
#1351 = DIRECTION('',(-0.,3.3E-16,1.));
#1352 = DIRECTION('',(0.,-1.,3.3E-16));
#1353 = ORIENTED_EDGE('',*,*,#1300,.T.);
#1354 = ORIENTED_EDGE('',*,*,#706,.F.);
#1355 = ORIENTED_EDGE('',*,*,#1276,.F.);
#1356 = CYLINDRICAL_SURFACE('',#1357,0.15);
#1357 = AXIS2_PLACEMENT_3D('',#1358,#1359,#1360);
#1358 = CARTESIAN_POINT('',(-3.,7.5E-02,0.15));
#1359 = DIRECTION('',(0.,3.3E-16,1.));
#1360 = DIRECTION('',(1.,0.,-0.));
#1361 = ADVANCED_FACE('',(#1362),#1373,.T.);
#1362 = FACE_BOUND('',#1363,.F.);
#1363 = EDGE_LOOP('',(#1364,#1365,#1366,#1367));
#1364 = ORIENTED_EDGE('',*,*,#888,.T.);
#1365 = ORIENTED_EDGE('',*,*,#766,.T.);
#1366 = ORIENTED_EDGE('',*,*,#776,.T.);
#1367 = ORIENTED_EDGE('',*,*,#1368,.F.);
#1368 = EDGE_CURVE('',#881,#777,#1369,.T.);
#1369 = LINE('',#1370,#1371);
#1370 = CARTESIAN_POINT('',(-1.21,-1.275,0.45));
#1371 = VECTOR('',#1372,1.);
#1372 = DIRECTION('',(0.,-1.,2.2E-16));
#1373 = PLANE('',#1374);
#1374 = AXIS2_PLACEMENT_3D('',#1375,#1376,#1377);
#1375 = CARTESIAN_POINT('',(-1.16,-1.275,0.45));
#1376 = DIRECTION('',(0.,2.2E-16,1.));
#1377 = DIRECTION('',(0.,1.,-2.2E-16));
#1378 = ADVANCED_FACE('',(#1379),#1390,.T.);
#1379 = FACE_BOUND('',#1380,.T.);
#1380 = EDGE_LOOP('',(#1381,#1382,#1383,#1384));
#1381 = ORIENTED_EDGE('',*,*,#840,.F.);
#1382 = ORIENTED_EDGE('',*,*,#832,.F.);
#1383 = ORIENTED_EDGE('',*,*,#824,.F.);
#1384 = ORIENTED_EDGE('',*,*,#1385,.F.);
#1385 = EDGE_CURVE('',#841,#817,#1386,.T.);
#1386 = LINE('',#1387,#1388);
#1387 = CARTESIAN_POINT('',(-2.33,-1.275,0.45));
#1388 = VECTOR('',#1389,1.);
#1389 = DIRECTION('',(0.,-1.,2.2E-16));
#1390 = PLANE('',#1391);
#1391 = AXIS2_PLACEMENT_3D('',#1392,#1393,#1394);
#1392 = CARTESIAN_POINT('',(-2.38,-1.275,0.45));
#1393 = DIRECTION('',(0.,2.2E-16,1.));
#1394 = DIRECTION('',(0.,-1.,2.2E-16));
#1395 = ADVANCED_FACE('',(#1396),#1414,.F.);
#1396 = FACE_BOUND('',#1397,.F.);
#1397 = EDGE_LOOP('',(#1398,#1407,#1408));
#1398 = ORIENTED_EDGE('',*,*,#1399,.F.);
#1399 = EDGE_CURVE('',#841,#1400,#1402,.T.);
#1400 = VERTEX_POINT('',#1401);
#1401 = CARTESIAN_POINT('',(-2.286066017178,1.625,0.468198051534));
#1402 = CIRCLE('',#1403,6.213203435596E-02);
#1403 = AXIS2_PLACEMENT_3D('',#1404,#1405,#1406);
#1404 = CARTESIAN_POINT('',(-2.33,1.625,0.512132034356));
#1405 = DIRECTION('',(0.,-1.,2.2E-16));
#1406 = DIRECTION('',(1.,7.854E-31,3.57E-15));
#1407 = ORIENTED_EDGE('',*,*,#848,.T.);
#1408 = ORIENTED_EDGE('',*,*,#1409,.T.);
#1409 = EDGE_CURVE('',#849,#1400,#1410,.T.);
#1410 = LINE('',#1411,#1412);
#1411 = CARTESIAN_POINT('',(-4.308391411372,1.625,2.490523445727));
#1412 = VECTOR('',#1413,1.);
#1413 = DIRECTION('',(-0.707106781187,5.E-17,0.707106781187));
#1414 = PLANE('',#1415);
#1415 = AXIS2_PLACEMENT_3D('',#1416,#1417,#1418);
#1416 = CARTESIAN_POINT('',(-2.248820584978,1.625,0.316147589625));
#1417 = DIRECTION('',(0.,-1.,2.2E-16));
#1418 = DIRECTION('',(0.923879532511,8.419035512033E-17,0.382683432365)
  );
#1419 = ADVANCED_FACE('',(#1420),#1446,.T.);
#1420 = FACE_BOUND('',#1421,.T.);
#1421 = EDGE_LOOP('',(#1422,#1430,#1431,#1432,#1440));
#1422 = ORIENTED_EDGE('',*,*,#1423,.F.);
#1423 = EDGE_CURVE('',#857,#1424,#1426,.T.);
#1424 = VERTEX_POINT('',#1425);
#1425 = CARTESIAN_POINT('',(-1.813933982822,1.625,0.516066017178));
#1426 = LINE('',#1427,#1428);
#1427 = CARTESIAN_POINT('',(-2.073933982822,1.625,0.256066017178));
#1428 = VECTOR('',#1429,1.);
#1429 = DIRECTION('',(0.707106781187,2.4E-16,0.707106781187));
#1430 = ORIENTED_EDGE('',*,*,#856,.F.);
#1431 = ORIENTED_EDGE('',*,*,#1409,.T.);
#1432 = ORIENTED_EDGE('',*,*,#1433,.T.);
#1433 = EDGE_CURVE('',#1400,#1434,#1436,.T.);
#1434 = VERTEX_POINT('',#1435);
#1435 = CARTESIAN_POINT('',(-2.026066017178,1.625,0.728198051534));
#1436 = LINE('',#1437,#1438);
#1437 = CARTESIAN_POINT('',(-2.286066017178,1.625,0.468198051534));
#1438 = VECTOR('',#1439,1.);
#1439 = DIRECTION('',(0.707106781187,2.4E-16,0.707106781187));
#1440 = ORIENTED_EDGE('',*,*,#1441,.F.);
#1441 = EDGE_CURVE('',#1424,#1434,#1442,.T.);
#1442 = LINE('',#1443,#1444);
#1443 = CARTESIAN_POINT('',(-4.048391411371,1.625,2.750523445727));
#1444 = VECTOR('',#1445,1.);
#1445 = DIRECTION('',(-0.707106781187,1.3E-16,0.707106781187));
#1446 = PLANE('',#1447);
#1447 = AXIS2_PLACEMENT_3D('',#1448,#1449,#1450);
#1448 = CARTESIAN_POINT('',(-4.308391411372,1.625,2.490523445727));
#1449 = DIRECTION('',(-2.E-17,1.,-2.E-16));
#1450 = DIRECTION('',(-0.707106781187,1.272792206136E-16,0.707106781187)
  );
#1451 = ADVANCED_FACE('',(#1452),#1495,.T.);
#1452 = FACE_BOUND('',#1453,.T.);
#1453 = EDGE_LOOP('',(#1454,#1465,#1473,#1482,#1488,#1489));
#1454 = ORIENTED_EDGE('',*,*,#1455,.F.);
#1455 = EDGE_CURVE('',#1456,#1458,#1460,.T.);
#1456 = VERTEX_POINT('',#1457);
#1457 = CARTESIAN_POINT('',(-2.33,1.625,0.15));
#1458 = VERTEX_POINT('',#1459);
#1459 = CARTESIAN_POINT('',(-2.073933982822,1.625,0.256066017178));
#1460 = CIRCLE('',#1461,0.362132034356);
#1461 = AXIS2_PLACEMENT_3D('',#1462,#1463,#1464);
#1462 = CARTESIAN_POINT('',(-2.33,1.625,0.512132034356));
#1463 = DIRECTION('',(0.,-1.,2.2E-16));
#1464 = DIRECTION('',(1.,2.024E-31,9.2E-16));
#1465 = ORIENTED_EDGE('',*,*,#1466,.F.);
#1466 = EDGE_CURVE('',#1467,#1456,#1469,.T.);
#1467 = VERTEX_POINT('',#1468);
#1468 = CARTESIAN_POINT('',(-1.21,1.625,0.15));
#1469 = LINE('',#1470,#1471);
#1470 = CARTESIAN_POINT('',(-2.785,1.625,0.15));
#1471 = VECTOR('',#1472,1.);
#1472 = DIRECTION('',(-1.,0.,0.));
#1473 = ORIENTED_EDGE('',*,*,#1474,.T.);
#1474 = EDGE_CURVE('',#1467,#1475,#1477,.T.);
#1475 = VERTEX_POINT('',#1476);
#1476 = CARTESIAN_POINT('',(-1.466066017178,1.625,0.256066017178));
#1477 = CIRCLE('',#1478,0.362132034356);
#1478 = AXIS2_PLACEMENT_3D('',#1479,#1480,#1481);
#1479 = CARTESIAN_POINT('',(-1.21,1.625,0.512132034356));
#1480 = DIRECTION('',(0.,1.,-2.2E-16));
#1481 = DIRECTION('',(-1.,2.024E-31,9.2E-16));
#1482 = ORIENTED_EDGE('',*,*,#1483,.T.);
#1483 = EDGE_CURVE('',#1475,#865,#1484,.T.);
#1484 = LINE('',#1485,#1486);
#1485 = CARTESIAN_POINT('',(-1.466066017178,1.625,0.256066017178));
#1486 = VECTOR('',#1487,1.);
#1487 = DIRECTION('',(-0.707106781187,2.4E-16,0.707106781187));
#1488 = ORIENTED_EDGE('',*,*,#864,.F.);
#1489 = ORIENTED_EDGE('',*,*,#1490,.F.);
#1490 = EDGE_CURVE('',#1458,#857,#1491,.T.);
#1491 = LINE('',#1492,#1493);
#1492 = CARTESIAN_POINT('',(-2.073933982822,1.625,0.256066017178));
#1493 = VECTOR('',#1494,1.);
#1494 = DIRECTION('',(0.707106781187,2.4E-16,0.707106781187));
#1495 = PLANE('',#1496);
#1496 = AXIS2_PLACEMENT_3D('',#1497,#1498,#1499);
#1497 = CARTESIAN_POINT('',(-2.38,1.625,3.31));
#1498 = DIRECTION('',(0.,-1.,2.2E-16));
#1499 = DIRECTION('',(1.,0.,0.));
#1500 = ADVANCED_FACE('',(#1501),#1534,.T.);
#1501 = FACE_BOUND('',#1502,.F.);
#1502 = EDGE_LOOP('',(#1503,#1511,#1512,#1520,#1528));
#1503 = ORIENTED_EDGE('',*,*,#1504,.F.);
#1504 = EDGE_CURVE('',#865,#1505,#1507,.T.);
#1505 = VERTEX_POINT('',#1506);
#1506 = CARTESIAN_POINT('',(-1.726066017178,1.625,0.516066017178));
#1507 = LINE('',#1508,#1509);
#1508 = CARTESIAN_POINT('',(-1.466066017178,1.625,0.256066017178));
#1509 = VECTOR('',#1510,1.);
#1510 = DIRECTION('',(-0.707106781187,2.4E-16,0.707106781187));
#1511 = ORIENTED_EDGE('',*,*,#872,.T.);
#1512 = ORIENTED_EDGE('',*,*,#1513,.T.);
#1513 = EDGE_CURVE('',#873,#1514,#1516,.T.);
#1514 = VERTEX_POINT('',#1515);
#1515 = CARTESIAN_POINT('',(-1.253933982822,1.625,0.468198051534));
#1516 = LINE('',#1517,#1518);
#1517 = CARTESIAN_POINT('',(0.768391411372,1.625,2.490523445727));
#1518 = VECTOR('',#1519,1.);
#1519 = DIRECTION('',(0.707106781187,5.E-17,0.707106781187));
#1520 = ORIENTED_EDGE('',*,*,#1521,.T.);
#1521 = EDGE_CURVE('',#1514,#1522,#1524,.T.);
#1522 = VERTEX_POINT('',#1523);
#1523 = CARTESIAN_POINT('',(-1.513933982822,1.625,0.728198051534));
#1524 = LINE('',#1525,#1526);
#1525 = CARTESIAN_POINT('',(-1.253933982822,1.625,0.468198051534));
#1526 = VECTOR('',#1527,1.);
#1527 = DIRECTION('',(-0.707106781187,2.4E-16,0.707106781187));
#1528 = ORIENTED_EDGE('',*,*,#1529,.F.);
#1529 = EDGE_CURVE('',#1505,#1522,#1530,.T.);
#1530 = LINE('',#1531,#1532);
#1531 = CARTESIAN_POINT('',(0.508391411371,1.625,2.750523445727));
#1532 = VECTOR('',#1533,1.);
#1533 = DIRECTION('',(0.707106781187,1.3E-16,0.707106781187));
#1534 = PLANE('',#1535);
#1535 = AXIS2_PLACEMENT_3D('',#1536,#1537,#1538);
#1536 = CARTESIAN_POINT('',(0.768391411372,1.625,2.490523445727));
#1537 = DIRECTION('',(2.E-17,1.,-2.E-16));
#1538 = DIRECTION('',(-0.707106781187,-1.272792206136E-16,
    -0.707106781187));
#1539 = ADVANCED_FACE('',(#1540),#1551,.F.);
#1540 = FACE_BOUND('',#1541,.T.);
#1541 = EDGE_LOOP('',(#1542,#1549,#1550));
#1542 = ORIENTED_EDGE('',*,*,#1543,.F.);
#1543 = EDGE_CURVE('',#881,#1514,#1544,.T.);
#1544 = CIRCLE('',#1545,6.213203435596E-02);
#1545 = AXIS2_PLACEMENT_3D('',#1546,#1547,#1548);
#1546 = CARTESIAN_POINT('',(-1.21,1.625,0.512132034356));
#1547 = DIRECTION('',(0.,1.,-2.2E-16));
#1548 = DIRECTION('',(-1.,7.854E-31,3.57E-15));
#1549 = ORIENTED_EDGE('',*,*,#880,.F.);
#1550 = ORIENTED_EDGE('',*,*,#1513,.T.);
#1551 = PLANE('',#1552);
#1552 = AXIS2_PLACEMENT_3D('',#1553,#1554,#1555);
#1553 = CARTESIAN_POINT('',(-1.291179415022,1.625,0.316147589625));
#1554 = DIRECTION('',(0.,-1.,2.2E-16));
#1555 = DIRECTION('',(0.923879532511,-8.419035512033E-17,-0.382683432365
    ));
#1556 = ADVANCED_FACE('',(#1557),#1575,.F.);
#1557 = FACE_BOUND('',#1558,.T.);
#1558 = EDGE_LOOP('',(#1559,#1560,#1569));
#1559 = ORIENTED_EDGE('',*,*,#784,.F.);
#1560 = ORIENTED_EDGE('',*,*,#1561,.T.);
#1561 = EDGE_CURVE('',#777,#1562,#1564,.T.);
#1562 = VERTEX_POINT('',#1563);
#1563 = CARTESIAN_POINT('',(-1.253933982822,1.125,0.468198051534));
#1564 = CIRCLE('',#1565,6.213203435596E-02);
#1565 = AXIS2_PLACEMENT_3D('',#1566,#1567,#1568);
#1566 = CARTESIAN_POINT('',(-1.21,1.125,0.512132034356));
#1567 = DIRECTION('',(0.,1.,-2.2E-16));
#1568 = DIRECTION('',(-1.,7.854E-31,3.57E-15));
#1569 = ORIENTED_EDGE('',*,*,#1570,.T.);
#1570 = EDGE_CURVE('',#1562,#785,#1571,.T.);
#1571 = LINE('',#1572,#1573);
#1572 = CARTESIAN_POINT('',(0.768391411372,1.125,2.490523445727));
#1573 = VECTOR('',#1574,1.);
#1574 = DIRECTION('',(-0.707106781187,-5.E-17,-0.707106781187));
#1575 = PLANE('',#1576);
#1576 = AXIS2_PLACEMENT_3D('',#1577,#1578,#1579);
#1577 = CARTESIAN_POINT('',(-1.291179415022,1.125,0.316147589625));
#1578 = DIRECTION('',(0.,1.,-2.2E-16));
#1579 = DIRECTION('',(0.923879532511,-8.419035512033E-17,-0.382683432365
    ));
#1580 = ADVANCED_FACE('',(#1581),#1607,.T.);
#1581 = FACE_BOUND('',#1582,.F.);
#1582 = EDGE_LOOP('',(#1583,#1591,#1592,#1593,#1601));
#1583 = ORIENTED_EDGE('',*,*,#1584,.F.);
#1584 = EDGE_CURVE('',#1562,#1585,#1587,.T.);
#1585 = VERTEX_POINT('',#1586);
#1586 = CARTESIAN_POINT('',(-1.513933982822,1.125,0.728198051534));
#1587 = LINE('',#1588,#1589);
#1588 = CARTESIAN_POINT('',(-1.253933982822,1.125,0.468198051534));
#1589 = VECTOR('',#1590,1.);
#1590 = DIRECTION('',(-0.707106781187,2.4E-16,0.707106781187));
#1591 = ORIENTED_EDGE('',*,*,#1570,.T.);
#1592 = ORIENTED_EDGE('',*,*,#792,.T.);
#1593 = ORIENTED_EDGE('',*,*,#1594,.T.);
#1594 = EDGE_CURVE('',#793,#1595,#1597,.T.);
#1595 = VERTEX_POINT('',#1596);
#1596 = CARTESIAN_POINT('',(-1.726066017178,1.125,0.516066017178));
#1597 = LINE('',#1598,#1599);
#1598 = CARTESIAN_POINT('',(-1.466066017178,1.125,0.256066017178));
#1599 = VECTOR('',#1600,1.);
#1600 = DIRECTION('',(-0.707106781187,1.6E-16,0.707106781187));
#1601 = ORIENTED_EDGE('',*,*,#1602,.F.);
#1602 = EDGE_CURVE('',#1585,#1595,#1603,.T.);
#1603 = LINE('',#1604,#1605);
#1604 = CARTESIAN_POINT('',(0.508391411371,1.125,2.750523445727));
#1605 = VECTOR('',#1606,1.);
#1606 = DIRECTION('',(-0.707106781187,-1.3E-16,-0.707106781187));
#1607 = PLANE('',#1608);
#1608 = AXIS2_PLACEMENT_3D('',#1609,#1610,#1611);
#1609 = CARTESIAN_POINT('',(0.768391411372,1.125,2.490523445727));
#1610 = DIRECTION('',(-2.E-17,-1.,2.E-16));
#1611 = DIRECTION('',(0.707106781187,1.272792206136E-16,0.707106781187)
  );
#1612 = ADVANCED_FACE('',(#1613),#1656,.T.);
#1613 = FACE_BOUND('',#1614,.T.);
#1614 = EDGE_LOOP('',(#1615,#1625,#1634,#1640,#1641,#1649));
#1615 = ORIENTED_EDGE('',*,*,#1616,.F.);
#1616 = EDGE_CURVE('',#1617,#1619,#1621,.T.);
#1617 = VERTEX_POINT('',#1618);
#1618 = CARTESIAN_POINT('',(-2.33,1.125,0.15));
#1619 = VERTEX_POINT('',#1620);
#1620 = CARTESIAN_POINT('',(-1.21,1.125,0.15));
#1621 = LINE('',#1622,#1623);
#1622 = CARTESIAN_POINT('',(-2.175,1.125,0.15));
#1623 = VECTOR('',#1624,1.);
#1624 = DIRECTION('',(1.,0.,0.));
#1625 = ORIENTED_EDGE('',*,*,#1626,.T.);
#1626 = EDGE_CURVE('',#1617,#1627,#1629,.T.);
#1627 = VERTEX_POINT('',#1628);
#1628 = CARTESIAN_POINT('',(-2.073933982822,1.125,0.256066017178));
#1629 = CIRCLE('',#1630,0.362132034356);
#1630 = AXIS2_PLACEMENT_3D('',#1631,#1632,#1633);
#1631 = CARTESIAN_POINT('',(-2.33,1.125,0.512132034356));
#1632 = DIRECTION('',(0.,-1.,2.2E-16));
#1633 = DIRECTION('',(1.,0.,0.));
#1634 = ORIENTED_EDGE('',*,*,#1635,.T.);
#1635 = EDGE_CURVE('',#1627,#801,#1636,.T.);
#1636 = LINE('',#1637,#1638);
#1637 = CARTESIAN_POINT('',(-2.073933982822,1.125,0.256066017178));
#1638 = VECTOR('',#1639,1.);
#1639 = DIRECTION('',(0.707106781187,1.6E-16,0.707106781187));
#1640 = ORIENTED_EDGE('',*,*,#800,.F.);
#1641 = ORIENTED_EDGE('',*,*,#1642,.F.);
#1642 = EDGE_CURVE('',#1643,#793,#1645,.T.);
#1643 = VERTEX_POINT('',#1644);
#1644 = CARTESIAN_POINT('',(-1.466066017178,1.125,0.256066017178));
#1645 = LINE('',#1646,#1647);
#1646 = CARTESIAN_POINT('',(-1.466066017178,1.125,0.256066017178));
#1647 = VECTOR('',#1648,1.);
#1648 = DIRECTION('',(-0.707106781187,1.6E-16,0.707106781187));
#1649 = ORIENTED_EDGE('',*,*,#1650,.F.);
#1650 = EDGE_CURVE('',#1619,#1643,#1651,.T.);
#1651 = CIRCLE('',#1652,0.362132034356);
#1652 = AXIS2_PLACEMENT_3D('',#1653,#1654,#1655);
#1653 = CARTESIAN_POINT('',(-1.21,1.125,0.512132034356));
#1654 = DIRECTION('',(0.,1.,-2.2E-16));
#1655 = DIRECTION('',(-1.,0.,0.));
#1656 = PLANE('',#1657);
#1657 = AXIS2_PLACEMENT_3D('',#1658,#1659,#1660);
#1658 = CARTESIAN_POINT('',(-1.16,1.125,3.31));
#1659 = DIRECTION('',(0.,1.,-2.2E-16));
#1660 = DIRECTION('',(-1.,0.,0.));
#1661 = ADVANCED_FACE('',(#1662),#1695,.T.);
#1662 = FACE_BOUND('',#1663,.T.);
#1663 = EDGE_LOOP('',(#1664,#1674,#1680,#1681,#1689));
#1664 = ORIENTED_EDGE('',*,*,#1665,.F.);
#1665 = EDGE_CURVE('',#1666,#1668,#1670,.T.);
#1666 = VERTEX_POINT('',#1667);
#1667 = CARTESIAN_POINT('',(-2.286066017178,1.125,0.468198051534));
#1668 = VERTEX_POINT('',#1669);
#1669 = CARTESIAN_POINT('',(-2.026066017178,1.125,0.728198051534));
#1670 = LINE('',#1671,#1672);
#1671 = CARTESIAN_POINT('',(-2.286066017178,1.125,0.468198051534));
#1672 = VECTOR('',#1673,1.);
#1673 = DIRECTION('',(0.707106781187,2.4E-16,0.707106781187));
#1674 = ORIENTED_EDGE('',*,*,#1675,.T.);
#1675 = EDGE_CURVE('',#1666,#809,#1676,.T.);
#1676 = LINE('',#1677,#1678);
#1677 = CARTESIAN_POINT('',(-4.308391411372,1.125,2.490523445727));
#1678 = VECTOR('',#1679,1.);
#1679 = DIRECTION('',(0.707106781187,-5.E-17,-0.707106781187));
#1680 = ORIENTED_EDGE('',*,*,#808,.F.);
#1681 = ORIENTED_EDGE('',*,*,#1682,.T.);
#1682 = EDGE_CURVE('',#801,#1683,#1685,.T.);
#1683 = VERTEX_POINT('',#1684);
#1684 = CARTESIAN_POINT('',(-1.813933982822,1.125,0.516066017178));
#1685 = LINE('',#1686,#1687);
#1686 = CARTESIAN_POINT('',(-2.073933982822,1.125,0.256066017178));
#1687 = VECTOR('',#1688,1.);
#1688 = DIRECTION('',(0.707106781187,1.6E-16,0.707106781187));
#1689 = ORIENTED_EDGE('',*,*,#1690,.F.);
#1690 = EDGE_CURVE('',#1668,#1683,#1691,.T.);
#1691 = LINE('',#1692,#1693);
#1692 = CARTESIAN_POINT('',(-4.048391411371,1.125,2.750523445727));
#1693 = VECTOR('',#1694,1.);
#1694 = DIRECTION('',(0.707106781187,-1.3E-16,-0.707106781187));
#1695 = PLANE('',#1696);
#1696 = AXIS2_PLACEMENT_3D('',#1697,#1698,#1699);
#1697 = CARTESIAN_POINT('',(-4.308391411372,1.125,2.490523445727));
#1698 = DIRECTION('',(2.E-17,-1.,2.E-16));
#1699 = DIRECTION('',(0.707106781187,-1.272792206136E-16,-0.707106781187
    ));
#1700 = ADVANCED_FACE('',(#1701),#1712,.F.);
#1701 = FACE_BOUND('',#1702,.F.);
#1702 = EDGE_LOOP('',(#1703,#1704,#1711));
#1703 = ORIENTED_EDGE('',*,*,#816,.T.);
#1704 = ORIENTED_EDGE('',*,*,#1705,.T.);
#1705 = EDGE_CURVE('',#817,#1666,#1706,.T.);
#1706 = CIRCLE('',#1707,6.213203435596E-02);
#1707 = AXIS2_PLACEMENT_3D('',#1708,#1709,#1710);
#1708 = CARTESIAN_POINT('',(-2.33,1.125,0.512132034356));
#1709 = DIRECTION('',(0.,-1.,2.2E-16));
#1710 = DIRECTION('',(1.,7.854E-31,3.57E-15));
#1711 = ORIENTED_EDGE('',*,*,#1675,.T.);
#1712 = PLANE('',#1713);
#1713 = AXIS2_PLACEMENT_3D('',#1714,#1715,#1716);
#1714 = CARTESIAN_POINT('',(-2.248820584978,1.125,0.316147589625));
#1715 = DIRECTION('',(0.,1.,-2.2E-16));
#1716 = DIRECTION('',(0.923879532511,8.419035512033E-17,0.382683432365)
  );
#1717 = ADVANCED_FACE('',(#1718,#1751),#1799,.T.);
#1718 = FACE_BOUND('',#1719,.T.);
#1719 = EDGE_LOOP('',(#1720,#1721,#1722,#1723,#1724,#1725,#1726,#1727,
    #1728,#1729,#1735,#1736,#1737,#1745));
#1720 = ORIENTED_EDGE('',*,*,#902,.T.);
#1721 = ORIENTED_EDGE('',*,*,#967,.T.);
#1722 = ORIENTED_EDGE('',*,*,#1017,.T.);
#1723 = ORIENTED_EDGE('',*,*,#1072,.T.);
#1724 = ORIENTED_EDGE('',*,*,#1129,.T.);
#1725 = ORIENTED_EDGE('',*,*,#1205,.T.);
#1726 = ORIENTED_EDGE('',*,*,#1266,.T.);
#1727 = ORIENTED_EDGE('',*,*,#1347,.T.);
#1728 = ORIENTED_EDGE('',*,*,#1290,.T.);
#1729 = ORIENTED_EDGE('',*,*,#1730,.T.);
#1730 = EDGE_CURVE('',#1293,#1156,#1731,.T.);
#1731 = LINE('',#1732,#1733);
#1732 = CARTESIAN_POINT('',(-3.19,-3.675,0.15));
#1733 = VECTOR('',#1734,1.);
#1734 = DIRECTION('',(0.,1.,-2.2E-16));
#1735 = ORIENTED_EDGE('',*,*,#1181,.T.);
#1736 = ORIENTED_EDGE('',*,*,#1107,.F.);
#1737 = ORIENTED_EDGE('',*,*,#1738,.F.);
#1738 = EDGE_CURVE('',#1739,#1108,#1741,.T.);
#1739 = VERTEX_POINT('',#1740);
#1740 = CARTESIAN_POINT('',(-3.19,-3.675,0.15));
#1741 = LINE('',#1742,#1743);
#1742 = CARTESIAN_POINT('',(-3.19,-3.675,0.15));
#1743 = VECTOR('',#1744,1.);
#1744 = DIRECTION('',(1.,0.,0.));
#1745 = ORIENTED_EDGE('',*,*,#1746,.T.);
#1746 = EDGE_CURVE('',#1739,#903,#1747,.T.);
#1747 = LINE('',#1748,#1749);
#1748 = CARTESIAN_POINT('',(-3.19,-3.675,0.15));
#1749 = VECTOR('',#1750,1.);
#1750 = DIRECTION('',(0.,1.,-2.2E-16));
#1751 = FACE_BOUND('',#1752,.T.);
#1752 = EDGE_LOOP('',(#1753,#1763,#1769,#1770,#1778,#1786,#1792,#1793));
#1753 = ORIENTED_EDGE('',*,*,#1754,.T.);
#1754 = EDGE_CURVE('',#1755,#1757,#1759,.T.);
#1755 = VERTEX_POINT('',#1756);
#1756 = CARTESIAN_POINT('',(-2.38,1.625,0.15));
#1757 = VERTEX_POINT('',#1758);
#1758 = CARTESIAN_POINT('',(-2.38,1.125,0.15));
#1759 = LINE('',#1760,#1761);
#1760 = CARTESIAN_POINT('',(-2.38,-1.275,0.15));
#1761 = VECTOR('',#1762,1.);
#1762 = DIRECTION('',(0.,-1.,2.2E-16));
#1763 = ORIENTED_EDGE('',*,*,#1764,.T.);
#1764 = EDGE_CURVE('',#1757,#1617,#1765,.T.);
#1765 = LINE('',#1766,#1767);
#1766 = CARTESIAN_POINT('',(-2.175,1.125,0.15));
#1767 = VECTOR('',#1768,1.);
#1768 = DIRECTION('',(1.,0.,0.));
#1769 = ORIENTED_EDGE('',*,*,#1616,.T.);
#1770 = ORIENTED_EDGE('',*,*,#1771,.T.);
#1771 = EDGE_CURVE('',#1619,#1772,#1774,.T.);
#1772 = VERTEX_POINT('',#1773);
#1773 = CARTESIAN_POINT('',(-1.16,1.125,0.15));
#1774 = LINE('',#1775,#1776);
#1775 = CARTESIAN_POINT('',(-2.175,1.125,0.15));
#1776 = VECTOR('',#1777,1.);
#1777 = DIRECTION('',(1.,0.,0.));
#1778 = ORIENTED_EDGE('',*,*,#1779,.T.);
#1779 = EDGE_CURVE('',#1772,#1780,#1782,.T.);
#1780 = VERTEX_POINT('',#1781);
#1781 = CARTESIAN_POINT('',(-1.16,1.625,0.15));
#1782 = LINE('',#1783,#1784);
#1783 = CARTESIAN_POINT('',(-1.16,-1.025,0.15));
#1784 = VECTOR('',#1785,1.);
#1785 = DIRECTION('',(0.,1.,-2.2E-16));
#1786 = ORIENTED_EDGE('',*,*,#1787,.T.);
#1787 = EDGE_CURVE('',#1780,#1467,#1788,.T.);
#1788 = LINE('',#1789,#1790);
#1789 = CARTESIAN_POINT('',(-2.785,1.625,0.15));
#1790 = VECTOR('',#1791,1.);
#1791 = DIRECTION('',(-1.,0.,0.));
#1792 = ORIENTED_EDGE('',*,*,#1466,.T.);
#1793 = ORIENTED_EDGE('',*,*,#1794,.T.);
#1794 = EDGE_CURVE('',#1456,#1755,#1795,.T.);
#1795 = LINE('',#1796,#1797);
#1796 = CARTESIAN_POINT('',(-2.785,1.625,0.15));
#1797 = VECTOR('',#1798,1.);
#1798 = DIRECTION('',(-1.,0.,0.));
#1799 = PLANE('',#1800);
#1800 = AXIS2_PLACEMENT_3D('',#1801,#1802,#1803);
#1801 = CARTESIAN_POINT('',(-3.19,-3.675,0.15));
#1802 = DIRECTION('',(0.,-2.2E-16,-1.));
#1803 = DIRECTION('',(1.,0.,0.));
#1804 = ADVANCED_FACE('',(#1805),#1824,.T.);
#1805 = FACE_BOUND('',#1806,.T.);
#1806 = EDGE_LOOP('',(#1807,#1816,#1822,#1823));
#1807 = ORIENTED_EDGE('',*,*,#1808,.F.);
#1808 = EDGE_CURVE('',#1809,#1739,#1811,.T.);
#1809 = VERTEX_POINT('',#1810);
#1810 = CARTESIAN_POINT('',(-4.47,-3.675,1.43));
#1811 = CIRCLE('',#1812,1.28);
#1812 = AXIS2_PLACEMENT_3D('',#1813,#1814,#1815);
#1813 = CARTESIAN_POINT('',(-3.19,-3.675,1.43));
#1814 = DIRECTION('',(0.,-1.,2.2E-16));
#1815 = DIRECTION('',(1.,0.,0.));
#1816 = ORIENTED_EDGE('',*,*,#1817,.T.);
#1817 = EDGE_CURVE('',#1809,#913,#1818,.T.);
#1818 = LINE('',#1819,#1820);
#1819 = CARTESIAN_POINT('',(-4.47,-3.675,1.43));
#1820 = VECTOR('',#1821,1.);
#1821 = DIRECTION('',(0.,1.,-2.2E-16));
#1822 = ORIENTED_EDGE('',*,*,#912,.T.);
#1823 = ORIENTED_EDGE('',*,*,#1746,.F.);
#1824 = CYLINDRICAL_SURFACE('',#1825,1.28);
#1825 = AXIS2_PLACEMENT_3D('',#1826,#1827,#1828);
#1826 = CARTESIAN_POINT('',(-3.19,-3.675,1.43));
#1827 = DIRECTION('',(0.,-1.,2.2E-16));
#1828 = DIRECTION('',(1.,0.,0.));
#1829 = ADVANCED_FACE('',(#1830),#1987,.T.);
#1830 = FACE_BOUND('',#1831,.T.);
#1831 = EDGE_LOOP('',(#1832,#1833,#1834,#1842,#1850,#1858,#1867,#1875,
    #1884,#1892,#1900,#1908,#1916,#1924,#1930,#1931,#1940,#1948,#1956,
    #1964,#1972,#1980));
#1832 = ORIENTED_EDGE('',*,*,#921,.F.);
#1833 = ORIENTED_EDGE('',*,*,#1817,.F.);
#1834 = ORIENTED_EDGE('',*,*,#1835,.F.);
#1835 = EDGE_CURVE('',#1836,#1809,#1838,.T.);
#1836 = VERTEX_POINT('',#1837);
#1837 = CARTESIAN_POINT('',(-4.47,-3.675,2.03));
#1838 = LINE('',#1839,#1840);
#1839 = CARTESIAN_POINT('',(-4.47,-3.675,2.03));
#1840 = VECTOR('',#1841,1.);
#1841 = DIRECTION('',(0.,-2.2E-16,-1.));
#1842 = ORIENTED_EDGE('',*,*,#1843,.T.);
#1843 = EDGE_CURVE('',#1836,#1844,#1846,.T.);
#1844 = VERTEX_POINT('',#1845);
#1845 = CARTESIAN_POINT('',(-4.47,2.975,2.03));
#1846 = LINE('',#1847,#1848);
#1847 = CARTESIAN_POINT('',(-4.47,-3.675,2.03));
#1848 = VECTOR('',#1849,1.);
#1849 = DIRECTION('',(0.,1.,-2.2E-16));
#1850 = ORIENTED_EDGE('',*,*,#1851,.T.);
#1851 = EDGE_CURVE('',#1844,#1852,#1854,.T.);
#1852 = VERTEX_POINT('',#1853);
#1853 = CARTESIAN_POINT('',(-4.47,2.975,1.88));
#1854 = LINE('',#1855,#1856);
#1855 = CARTESIAN_POINT('',(-4.47,2.975,2.193491911619));
#1856 = VECTOR('',#1857,1.);
#1857 = DIRECTION('',(0.,3.4E-16,-1.));
#1858 = ORIENTED_EDGE('',*,*,#1859,.T.);
#1859 = EDGE_CURVE('',#1852,#1860,#1862,.T.);
#1860 = VERTEX_POINT('',#1861);
#1861 = CARTESIAN_POINT('',(-4.47,3.125,1.73));
#1862 = CIRCLE('',#1863,0.15);
#1863 = AXIS2_PLACEMENT_3D('',#1864,#1865,#1866);
#1864 = CARTESIAN_POINT('',(-4.47,3.125,1.88));
#1865 = DIRECTION('',(1.,0.,0.));
#1866 = DIRECTION('',(0.,-1.,2.2E-16));
#1867 = ORIENTED_EDGE('',*,*,#1868,.T.);
#1868 = EDGE_CURVE('',#1860,#1869,#1871,.T.);
#1869 = VERTEX_POINT('',#1870);
#1870 = CARTESIAN_POINT('',(-4.47,3.505,1.73));
#1871 = LINE('',#1872,#1873);
#1872 = CARTESIAN_POINT('',(-4.47,-1.E-02,1.73));
#1873 = VECTOR('',#1874,1.);
#1874 = DIRECTION('',(0.,1.,1.1E-16));
#1875 = ORIENTED_EDGE('',*,*,#1876,.T.);
#1876 = EDGE_CURVE('',#1869,#1877,#1879,.T.);
#1877 = VERTEX_POINT('',#1878);
#1878 = CARTESIAN_POINT('',(-4.47,3.655,1.58));
#1879 = CIRCLE('',#1880,0.15);
#1880 = AXIS2_PLACEMENT_3D('',#1881,#1882,#1883);
#1881 = CARTESIAN_POINT('',(-4.47,3.505,1.58));
#1882 = DIRECTION('',(-1.,0.,0.));
#1883 = DIRECTION('',(0.,-1.,2.2E-16));
#1884 = ORIENTED_EDGE('',*,*,#1885,.T.);
#1885 = EDGE_CURVE('',#1877,#1886,#1888,.T.);
#1886 = VERTEX_POINT('',#1887);
#1887 = CARTESIAN_POINT('',(-4.47,3.655,1.43));
#1888 = LINE('',#1889,#1890);
#1889 = CARTESIAN_POINT('',(-4.47,3.655,2.03));
#1890 = VECTOR('',#1891,1.);
#1891 = DIRECTION('',(0.,-2.2E-16,-1.));
#1892 = ORIENTED_EDGE('',*,*,#1893,.F.);
#1893 = EDGE_CURVE('',#1894,#1886,#1896,.T.);
#1894 = VERTEX_POINT('',#1895);
#1895 = CARTESIAN_POINT('',(-4.47,2.555,1.43));
#1896 = LINE('',#1897,#1898);
#1897 = CARTESIAN_POINT('',(-4.47,-3.675,1.43));
#1898 = VECTOR('',#1899,1.);
#1899 = DIRECTION('',(0.,1.,-2.2E-16));
#1900 = ORIENTED_EDGE('',*,*,#1901,.F.);
#1901 = EDGE_CURVE('',#1902,#1894,#1904,.T.);
#1902 = VERTEX_POINT('',#1903);
#1903 = CARTESIAN_POINT('',(-4.47,2.405,1.43));
#1904 = LINE('',#1905,#1906);
#1905 = CARTESIAN_POINT('',(-4.47,-3.675,1.43));
#1906 = VECTOR('',#1907,1.);
#1907 = DIRECTION('',(0.,1.,-3.3E-16));
#1908 = ORIENTED_EDGE('',*,*,#1909,.F.);
#1909 = EDGE_CURVE('',#1910,#1902,#1912,.T.);
#1910 = VERTEX_POINT('',#1911);
#1911 = CARTESIAN_POINT('',(-4.47,2.295,1.43));
#1912 = LINE('',#1913,#1914);
#1913 = CARTESIAN_POINT('',(-4.47,-3.675,1.43));
#1914 = VECTOR('',#1915,1.);
#1915 = DIRECTION('',(0.,1.,-2.2E-16));
#1916 = ORIENTED_EDGE('',*,*,#1917,.F.);
#1917 = EDGE_CURVE('',#1918,#1910,#1920,.T.);
#1918 = VERTEX_POINT('',#1919);
#1919 = CARTESIAN_POINT('',(-4.47,2.145,1.43));
#1920 = LINE('',#1921,#1922);
#1921 = CARTESIAN_POINT('',(-4.47,-3.675,1.43));
#1922 = VECTOR('',#1923,1.);
#1923 = DIRECTION('',(0.,1.,-3.3E-16));
#1924 = ORIENTED_EDGE('',*,*,#1925,.F.);
#1925 = EDGE_CURVE('',#1325,#1918,#1926,.T.);
#1926 = LINE('',#1927,#1928);
#1927 = CARTESIAN_POINT('',(-4.47,-3.675,1.43));
#1928 = VECTOR('',#1929,1.);
#1929 = DIRECTION('',(0.,1.,-2.2E-16));
#1930 = ORIENTED_EDGE('',*,*,#1324,.T.);
#1931 = ORIENTED_EDGE('',*,*,#1932,.T.);
#1932 = EDGE_CURVE('',#1317,#1933,#1935,.T.);
#1933 = VERTEX_POINT('',#1934);
#1934 = CARTESIAN_POINT('',(-4.47,7.5E-02,1.65));
#1935 = CIRCLE('',#1936,0.15);
#1936 = AXIS2_PLACEMENT_3D('',#1937,#1938,#1939);
#1937 = CARTESIAN_POINT('',(-4.47,7.5E-02,1.5));
#1938 = DIRECTION('',(1.,-0.,0.));
#1939 = DIRECTION('',(0.,1.,-2.2E-16));
#1940 = ORIENTED_EDGE('',*,*,#1941,.T.);
#1941 = EDGE_CURVE('',#1933,#1942,#1944,.T.);
#1942 = VERTEX_POINT('',#1943);
#1943 = CARTESIAN_POINT('',(-4.47,-2.5E-02,1.65));
#1944 = LINE('',#1945,#1946);
#1945 = CARTESIAN_POINT('',(-4.47,0.225,1.65));
#1946 = VECTOR('',#1947,1.);
#1947 = DIRECTION('',(0.,-1.,2.2E-16));
#1948 = ORIENTED_EDGE('',*,*,#1949,.T.);
#1949 = EDGE_CURVE('',#1942,#1950,#1952,.T.);
#1950 = VERTEX_POINT('',#1951);
#1951 = CARTESIAN_POINT('',(-4.47,-0.175,1.65));
#1952 = LINE('',#1953,#1954);
#1953 = CARTESIAN_POINT('',(-4.47,-0.175,1.65));
#1954 = VECTOR('',#1955,1.);
#1955 = DIRECTION('',(0.,-1.,1.E-16));
#1956 = ORIENTED_EDGE('',*,*,#1957,.T.);
#1957 = EDGE_CURVE('',#1950,#1958,#1960,.T.);
#1958 = VERTEX_POINT('',#1959);
#1959 = CARTESIAN_POINT('',(-4.47,-1.475,1.65));
#1960 = LINE('',#1961,#1962);
#1961 = CARTESIAN_POINT('',(-4.47,-0.175,1.65));
#1962 = VECTOR('',#1963,1.);
#1963 = DIRECTION('',(0.,-1.,2.2E-16));
#1964 = ORIENTED_EDGE('',*,*,#1965,.T.);
#1965 = EDGE_CURVE('',#1958,#1966,#1968,.T.);
#1966 = VERTEX_POINT('',#1967);
#1967 = CARTESIAN_POINT('',(-4.47,-1.625,1.65));
#1968 = LINE('',#1969,#1970);
#1969 = CARTESIAN_POINT('',(-4.47,-0.175,1.65));
#1970 = VECTOR('',#1971,1.);
#1971 = DIRECTION('',(0.,-1.,1.E-16));
#1972 = ORIENTED_EDGE('',*,*,#1973,.T.);
#1973 = EDGE_CURVE('',#1966,#1974,#1976,.T.);
#1974 = VERTEX_POINT('',#1975);
#1975 = CARTESIAN_POINT('',(-4.47,-1.725,1.65));
#1976 = LINE('',#1977,#1978);
#1977 = CARTESIAN_POINT('',(-4.47,0.225,1.65));
#1978 = VECTOR('',#1979,1.);
#1979 = DIRECTION('',(0.,-1.,2.2E-16));
#1980 = ORIENTED_EDGE('',*,*,#1981,.F.);
#1981 = EDGE_CURVE('',#922,#1974,#1982,.T.);
#1982 = CIRCLE('',#1983,0.15);
#1983 = AXIS2_PLACEMENT_3D('',#1984,#1985,#1986);
#1984 = CARTESIAN_POINT('',(-4.47,-1.725,1.5));
#1985 = DIRECTION('',(-1.,0.,0.));
#1986 = DIRECTION('',(0.,-1.,2.2E-16));
#1987 = PLANE('',#1988);
#1988 = AXIS2_PLACEMENT_3D('',#1989,#1990,#1991);
#1989 = CARTESIAN_POINT('',(-4.47,-3.675,2.03));
#1990 = DIRECTION('',(-1.,0.,0.));
#1991 = DIRECTION('',(-0.,-2.2E-16,-1.));
#1992 = ADVANCED_FACE('',(#1993),#2012,.F.);
#1993 = FACE_BOUND('',#1994,.F.);
#1994 = EDGE_LOOP('',(#1995,#1996,#2005,#2011));
#1995 = ORIENTED_EDGE('',*,*,#929,.T.);
#1996 = ORIENTED_EDGE('',*,*,#1997,.T.);
#1997 = EDGE_CURVE('',#930,#1998,#2000,.T.);
#1998 = VERTEX_POINT('',#1999);
#1999 = CARTESIAN_POINT('',(-4.17,-1.725,1.65));
#2000 = CIRCLE('',#2001,0.15);
#2001 = AXIS2_PLACEMENT_3D('',#2002,#2003,#2004);
#2002 = CARTESIAN_POINT('',(-4.17,-1.725,1.5));
#2003 = DIRECTION('',(-1.,0.,0.));
#2004 = DIRECTION('',(0.,-1.,2.2E-16));
#2005 = ORIENTED_EDGE('',*,*,#2006,.F.);
#2006 = EDGE_CURVE('',#1974,#1998,#2007,.T.);
#2007 = LINE('',#2008,#2009);
#2008 = CARTESIAN_POINT('',(-4.47,-1.725,1.65));
#2009 = VECTOR('',#2010,1.);
#2010 = DIRECTION('',(1.,0.,0.));
#2011 = ORIENTED_EDGE('',*,*,#1981,.F.);
#2012 = CYLINDRICAL_SURFACE('',#2013,0.15);
#2013 = AXIS2_PLACEMENT_3D('',#2014,#2015,#2016);
#2014 = CARTESIAN_POINT('',(-4.47,-1.725,1.5));
#2015 = DIRECTION('',(1.,0.,0.));
#2016 = DIRECTION('',(0.,-1.,3.3E-16));
#2017 = ADVANCED_FACE('',(#2018),#2153,.T.);
#2018 = FACE_BOUND('',#2019,.T.);
#2019 = EDGE_LOOP('',(#2020,#2030,#2038,#2044,#2045,#2046,#2047,#2055,
    #2063,#2071,#2079,#2087,#2094,#2095,#2096,#2097,#2105,#2113,#2121,
    #2129,#2138,#2146));
#2020 = ORIENTED_EDGE('',*,*,#2021,.T.);
#2021 = EDGE_CURVE('',#2022,#2024,#2026,.T.);
#2022 = VERTEX_POINT('',#2023);
#2023 = CARTESIAN_POINT('',(-4.17,2.975,1.88));
#2024 = VERTEX_POINT('',#2025);
#2025 = CARTESIAN_POINT('',(-4.17,2.975,2.03));
#2026 = LINE('',#2027,#2028);
#2027 = CARTESIAN_POINT('',(-4.17,2.975,1.893491911619));
#2028 = VECTOR('',#2029,1.);
#2029 = DIRECTION('',(0.,-3.4E-16,1.));
#2030 = ORIENTED_EDGE('',*,*,#2031,.F.);
#2031 = EDGE_CURVE('',#2032,#2024,#2034,.T.);
#2032 = VERTEX_POINT('',#2033);
#2033 = CARTESIAN_POINT('',(-4.17,-3.375,2.03));
#2034 = LINE('',#2035,#2036);
#2035 = CARTESIAN_POINT('',(-4.17,-3.675,2.03));
#2036 = VECTOR('',#2037,1.);
#2037 = DIRECTION('',(0.,1.,-2.2E-16));
#2038 = ORIENTED_EDGE('',*,*,#2039,.T.);
#2039 = EDGE_CURVE('',#2032,#993,#2040,.T.);
#2040 = LINE('',#2041,#2042);
#2041 = CARTESIAN_POINT('',(-4.17,-3.375,2.03));
#2042 = VECTOR('',#2043,1.);
#2043 = DIRECTION('',(-0.,-2.2E-16,-1.));
#2044 = ORIENTED_EDGE('',*,*,#1001,.T.);
#2045 = ORIENTED_EDGE('',*,*,#937,.T.);
#2046 = ORIENTED_EDGE('',*,*,#1997,.T.);
#2047 = ORIENTED_EDGE('',*,*,#2048,.F.);
#2048 = EDGE_CURVE('',#2049,#1998,#2051,.T.);
#2049 = VERTEX_POINT('',#2050);
#2050 = CARTESIAN_POINT('',(-4.17,-1.625,1.65));
#2051 = LINE('',#2052,#2053);
#2052 = CARTESIAN_POINT('',(-4.17,-2.271186440678,1.65));
#2053 = VECTOR('',#2054,1.);
#2054 = DIRECTION('',(0.,-1.,2.2E-16));
#2055 = ORIENTED_EDGE('',*,*,#2056,.T.);
#2056 = EDGE_CURVE('',#2049,#2057,#2059,.T.);
#2057 = VERTEX_POINT('',#2058);
#2058 = CARTESIAN_POINT('',(-4.17,-1.475,1.65));
#2059 = LINE('',#2060,#2061);
#2060 = CARTESIAN_POINT('',(-4.17,-1.475,1.65));
#2061 = VECTOR('',#2062,1.);
#2062 = DIRECTION('',(0.,1.,-1.E-16));
#2063 = ORIENTED_EDGE('',*,*,#2064,.T.);
#2064 = EDGE_CURVE('',#2057,#2065,#2067,.T.);
#2065 = VERTEX_POINT('',#2066);
#2066 = CARTESIAN_POINT('',(-4.17,-0.175,1.65));
#2067 = LINE('',#2068,#2069);
#2068 = CARTESIAN_POINT('',(-4.17,-1.475,1.65));
#2069 = VECTOR('',#2070,1.);
#2070 = DIRECTION('',(0.,1.,-2.2E-16));
#2071 = ORIENTED_EDGE('',*,*,#2072,.T.);
#2072 = EDGE_CURVE('',#2065,#2073,#2075,.T.);
#2073 = VERTEX_POINT('',#2074);
#2074 = CARTESIAN_POINT('',(-4.17,-2.5E-02,1.65));
#2075 = LINE('',#2076,#2077);
#2076 = CARTESIAN_POINT('',(-4.17,-1.475,1.65));
#2077 = VECTOR('',#2078,1.);
#2078 = DIRECTION('',(0.,1.,-1.E-16));
#2079 = ORIENTED_EDGE('',*,*,#2080,.F.);
#2080 = EDGE_CURVE('',#2081,#2073,#2083,.T.);
#2081 = VERTEX_POINT('',#2082);
#2082 = CARTESIAN_POINT('',(-4.17,7.5E-02,1.65));
#2083 = LINE('',#2084,#2085);
#2084 = CARTESIAN_POINT('',(-4.17,-2.271186440678,1.65));
#2085 = VECTOR('',#2086,1.);
#2086 = DIRECTION('',(0.,-1.,2.2E-16));
#2087 = ORIENTED_EDGE('',*,*,#2088,.F.);
#2088 = EDGE_CURVE('',#1309,#2081,#2089,.T.);
#2089 = CIRCLE('',#2090,0.15);
#2090 = AXIS2_PLACEMENT_3D('',#2091,#2092,#2093);
#2091 = CARTESIAN_POINT('',(-4.17,7.5E-02,1.5));
#2092 = DIRECTION('',(1.,-0.,0.));
#2093 = DIRECTION('',(0.,1.,-2.2E-16));
#2094 = ORIENTED_EDGE('',*,*,#1308,.T.);
#2095 = ORIENTED_EDGE('',*,*,#1231,.T.);
#2096 = ORIENTED_EDGE('',*,*,#1239,.T.);
#2097 = ORIENTED_EDGE('',*,*,#2098,.T.);
#2098 = EDGE_CURVE('',#1240,#2099,#2101,.T.);
#2099 = VERTEX_POINT('',#2100);
#2100 = CARTESIAN_POINT('',(-4.17,2.405,1.43));
#2101 = LINE('',#2102,#2103);
#2102 = CARTESIAN_POINT('',(-4.17,-3.675,1.43));
#2103 = VECTOR('',#2104,1.);
#2104 = DIRECTION('',(0.,1.,-2.2E-16));
#2105 = ORIENTED_EDGE('',*,*,#2106,.T.);
#2106 = EDGE_CURVE('',#2099,#2107,#2109,.T.);
#2107 = VERTEX_POINT('',#2108);
#2108 = CARTESIAN_POINT('',(-4.17,2.555,1.43));
#2109 = LINE('',#2110,#2111);
#2110 = CARTESIAN_POINT('',(-4.17,-3.675,1.43));
#2111 = VECTOR('',#2112,1.);
#2112 = DIRECTION('',(0.,1.,-3.3E-16));
#2113 = ORIENTED_EDGE('',*,*,#2114,.T.);
#2114 = EDGE_CURVE('',#2107,#2115,#2117,.T.);
#2115 = VERTEX_POINT('',#2116);
#2116 = CARTESIAN_POINT('',(-4.17,3.655,1.43));
#2117 = LINE('',#2118,#2119);
#2118 = CARTESIAN_POINT('',(-4.17,-3.675,1.43));
#2119 = VECTOR('',#2120,1.);
#2120 = DIRECTION('',(0.,1.,-2.2E-16));
#2121 = ORIENTED_EDGE('',*,*,#2122,.T.);
#2122 = EDGE_CURVE('',#2115,#2123,#2125,.T.);
#2123 = VERTEX_POINT('',#2124);
#2124 = CARTESIAN_POINT('',(-4.17,3.655,1.58));
#2125 = LINE('',#2126,#2127);
#2126 = CARTESIAN_POINT('',(-4.17,3.655,1.43));
#2127 = VECTOR('',#2128,1.);
#2128 = DIRECTION('',(0.,2.2E-16,1.));
#2129 = ORIENTED_EDGE('',*,*,#2130,.F.);
#2130 = EDGE_CURVE('',#2131,#2123,#2133,.T.);
#2131 = VERTEX_POINT('',#2132);
#2132 = CARTESIAN_POINT('',(-4.17,3.505,1.73));
#2133 = CIRCLE('',#2134,0.15);
#2134 = AXIS2_PLACEMENT_3D('',#2135,#2136,#2137);
#2135 = CARTESIAN_POINT('',(-4.17,3.505,1.58));
#2136 = DIRECTION('',(-1.,0.,0.));
#2137 = DIRECTION('',(0.,-1.,2.2E-16));
#2138 = ORIENTED_EDGE('',*,*,#2139,.T.);
#2139 = EDGE_CURVE('',#2131,#2140,#2142,.T.);
#2140 = VERTEX_POINT('',#2141);
#2141 = CARTESIAN_POINT('',(-4.17,3.125,1.73));
#2142 = LINE('',#2143,#2144);
#2143 = CARTESIAN_POINT('',(-4.17,-1.E-02,1.73));
#2144 = VECTOR('',#2145,1.);
#2145 = DIRECTION('',(0.,-1.,-1.1E-16));
#2146 = ORIENTED_EDGE('',*,*,#2147,.F.);
#2147 = EDGE_CURVE('',#2022,#2140,#2148,.T.);
#2148 = CIRCLE('',#2149,0.15);
#2149 = AXIS2_PLACEMENT_3D('',#2150,#2151,#2152);
#2150 = CARTESIAN_POINT('',(-4.17,3.125,1.88));
#2151 = DIRECTION('',(1.,0.,0.));
#2152 = DIRECTION('',(0.,-1.,2.2E-16));
#2153 = PLANE('',#2154);
#2154 = AXIS2_PLACEMENT_3D('',#2155,#2156,#2157);
#2155 = CARTESIAN_POINT('',(-4.17,-3.675,1.43));
#2156 = DIRECTION('',(1.,0.,0.));
#2157 = DIRECTION('',(-0.,2.2E-16,1.));
#2158 = ADVANCED_FACE('',(#2159),#2178,.F.);
#2159 = FACE_BOUND('',#2160,.F.);
#2160 = EDGE_LOOP('',(#2161,#2169,#2170,#2171));
#2161 = ORIENTED_EDGE('',*,*,#2162,.F.);
#2162 = EDGE_CURVE('',#993,#2163,#2165,.T.);
#2163 = VERTEX_POINT('',#2164);
#2164 = CARTESIAN_POINT('',(-4.27,-3.675,1.43));
#2165 = LINE('',#2166,#2167);
#2166 = CARTESIAN_POINT('',(-4.22,-3.525,1.43));
#2167 = VECTOR('',#2168,1.);
#2168 = DIRECTION('',(-0.316227766017,-0.948683298051,2.1E-16));
#2169 = ORIENTED_EDGE('',*,*,#992,.T.);
#2170 = ORIENTED_EDGE('',*,*,#1041,.T.);
#2171 = ORIENTED_EDGE('',*,*,#2172,.F.);
#2172 = EDGE_CURVE('',#2163,#1042,#2173,.T.);
#2173 = CIRCLE('',#2174,1.08);
#2174 = AXIS2_PLACEMENT_3D('',#2175,#2176,#2177);
#2175 = CARTESIAN_POINT('',(-3.19,-3.675,1.43));
#2176 = DIRECTION('',(0.,-1.,2.2E-16));
#2177 = DIRECTION('',(-1.,5.06E-32,2.3E-16));
#2178 = CONICAL_SURFACE('',#2179,0.98,0.321750554397);
#2179 = AXIS2_PLACEMENT_3D('',#2180,#2181,#2182);
#2180 = CARTESIAN_POINT('',(-3.19,-3.375,1.43));
#2181 = DIRECTION('',(0.,-1.,2.2E-16));
#2182 = DIRECTION('',(-1.,5.06E-32,2.3E-16));
#2183 = ADVANCED_FACE('',(#2184),#2240,.F.);
#2184 = FACE_BOUND('',#2185,.F.);
#2185 = EDGE_LOOP('',(#2186,#2187,#2188,#2189,#2190,#2199,#2207,#2215,
    #2223,#2232,#2238,#2239));
#2186 = ORIENTED_EDGE('',*,*,#1115,.T.);
#2187 = ORIENTED_EDGE('',*,*,#1738,.F.);
#2188 = ORIENTED_EDGE('',*,*,#1808,.F.);
#2189 = ORIENTED_EDGE('',*,*,#1835,.F.);
#2190 = ORIENTED_EDGE('',*,*,#2191,.F.);
#2191 = EDGE_CURVE('',#2192,#1836,#2194,.T.);
#2192 = VERTEX_POINT('',#2193);
#2193 = CARTESIAN_POINT('',(-3.19,-3.675,3.31));
#2194 = CIRCLE('',#2195,1.28);
#2195 = AXIS2_PLACEMENT_3D('',#2196,#2197,#2198);
#2196 = CARTESIAN_POINT('',(-3.19,-3.675,2.03));
#2197 = DIRECTION('',(0.,-1.,2.2E-16));
#2198 = DIRECTION('',(1.,0.,0.));
#2199 = ORIENTED_EDGE('',*,*,#2200,.F.);
#2200 = EDGE_CURVE('',#2201,#2192,#2203,.T.);
#2201 = VERTEX_POINT('',#2202);
#2202 = CARTESIAN_POINT('',(0.,-3.675,3.31));
#2203 = LINE('',#2204,#2205);
#2204 = CARTESIAN_POINT('',(0.,-3.675,3.31));
#2205 = VECTOR('',#2206,1.);
#2206 = DIRECTION('',(-1.,0.,0.));
#2207 = ORIENTED_EDGE('',*,*,#2208,.T.);
#2208 = EDGE_CURVE('',#2201,#2209,#2211,.T.);
#2209 = VERTEX_POINT('',#2210);
#2210 = CARTESIAN_POINT('',(0.,-3.675,3.11));
#2211 = LINE('',#2212,#2213);
#2212 = CARTESIAN_POINT('',(0.,-3.675,3.31));
#2213 = VECTOR('',#2214,1.);
#2214 = DIRECTION('',(0.,-2.2E-16,-1.));
#2215 = ORIENTED_EDGE('',*,*,#2216,.T.);
#2216 = EDGE_CURVE('',#2209,#2217,#2219,.T.);
#2217 = VERTEX_POINT('',#2218);
#2218 = CARTESIAN_POINT('',(-3.19,-3.675,3.11));
#2219 = LINE('',#2220,#2221);
#2220 = CARTESIAN_POINT('',(0.,-3.675,3.11));
#2221 = VECTOR('',#2222,1.);
#2222 = DIRECTION('',(-1.,0.,0.));
#2223 = ORIENTED_EDGE('',*,*,#2224,.T.);
#2224 = EDGE_CURVE('',#2217,#2225,#2227,.T.);
#2225 = VERTEX_POINT('',#2226);
#2226 = CARTESIAN_POINT('',(-4.27,-3.675,2.03));
#2227 = CIRCLE('',#2228,1.08);
#2228 = AXIS2_PLACEMENT_3D('',#2229,#2230,#2231);
#2229 = CARTESIAN_POINT('',(-3.19,-3.675,2.03));
#2230 = DIRECTION('',(0.,-1.,2.2E-16));
#2231 = DIRECTION('',(-4.5E-16,2.2E-16,1.));
#2232 = ORIENTED_EDGE('',*,*,#2233,.T.);
#2233 = EDGE_CURVE('',#2225,#2163,#2234,.T.);
#2234 = LINE('',#2235,#2236);
#2235 = CARTESIAN_POINT('',(-4.27,-3.675,2.03));
#2236 = VECTOR('',#2237,1.);
#2237 = DIRECTION('',(-0.,-2.2E-16,-1.));
#2238 = ORIENTED_EDGE('',*,*,#2172,.T.);
#2239 = ORIENTED_EDGE('',*,*,#1058,.T.);
#2240 = PLANE('',#2241);
#2241 = AXIS2_PLACEMENT_3D('',#2242,#2243,#2244);
#2242 = CARTESIAN_POINT('',(-2.453655549214,-3.675,1.73));
#2243 = DIRECTION('',(0.,1.,0.));
#2244 = DIRECTION('',(0.,-0.,1.));
#2245 = ADVANCED_FACE('',(#2246),#2264,.T.);
#2246 = FACE_BOUND('',#2247,.T.);
#2247 = EDGE_LOOP('',(#2248,#2249,#2250,#2251,#2252,#2253));
#2248 = ORIENTED_EDGE('',*,*,#1153,.T.);
#2249 = ORIENTED_EDGE('',*,*,#1730,.F.);
#2250 = ORIENTED_EDGE('',*,*,#1332,.F.);
#2251 = ORIENTED_EDGE('',*,*,#1925,.T.);
#2252 = ORIENTED_EDGE('',*,*,#1917,.T.);
#2253 = ORIENTED_EDGE('',*,*,#2254,.F.);
#2254 = EDGE_CURVE('',#1154,#1910,#2255,.T.);
#2255 = B_SPLINE_CURVE_WITH_KNOTS('',7,(#2256,#2257,#2258,#2259,#2260,
    #2261,#2262,#2263),.UNSPECIFIED.,.F.,.F.,(8,8),(0.,1.),
  .PIECEWISE_BEZIER_KNOTS.);
#2256 = CARTESIAN_POINT('',(-4.461180553659,2.145,1.28));
#2257 = CARTESIAN_POINT('',(-4.465159237328,2.145,1.313717502063));
#2258 = CARTESIAN_POINT('',(-4.468082778014,2.153841912671,
    1.347458489014));
#2259 = CARTESIAN_POINT('',(-4.469626810703,2.171550979019,
    1.378377193633));
#2260 = CARTESIAN_POINT('',(-4.469998380916,2.196943803181,
    1.403662977068));
#2261 = CARTESIAN_POINT('',(-4.470000293829,2.227811290334,
    1.421227336866));
#2262 = CARTESIAN_POINT('',(-4.47,2.261415285246,1.43));
#2263 = CARTESIAN_POINT('',(-4.47,2.295,1.43));
#2264 = CYLINDRICAL_SURFACE('',#2265,1.28);
#2265 = AXIS2_PLACEMENT_3D('',#2266,#2267,#2268);
#2266 = CARTESIAN_POINT('',(-3.19,-3.675,1.43));
#2267 = DIRECTION('',(0.,-1.,2.2E-16));
#2268 = DIRECTION('',(1.,0.,0.));
#2269 = ADVANCED_FACE('',(#2270),#2281,.F.);
#2270 = FACE_BOUND('',#2271,.F.);
#2271 = EDGE_LOOP('',(#2272,#2273,#2274,#2280));
#2272 = ORIENTED_EDGE('',*,*,#1164,.T.);
#2273 = ORIENTED_EDGE('',*,*,#1247,.T.);
#2274 = ORIENTED_EDGE('',*,*,#2275,.F.);
#2275 = EDGE_CURVE('',#1910,#1240,#2276,.T.);
#2276 = LINE('',#2277,#2278);
#2277 = CARTESIAN_POINT('',(-4.47,2.295,1.43));
#2278 = VECTOR('',#2279,1.);
#2279 = DIRECTION('',(1.,0.,0.));
#2280 = ORIENTED_EDGE('',*,*,#2254,.F.);
#2281 = CYLINDRICAL_SURFACE('',#2282,0.15);
#2282 = AXIS2_PLACEMENT_3D('',#2283,#2284,#2285);
#2283 = CARTESIAN_POINT('',(-4.47,2.295,1.28));
#2284 = DIRECTION('',(1.,0.,0.));
#2285 = DIRECTION('',(0.,-1.,3.3E-16));
#2286 = ADVANCED_FACE('',(#2287),#2298,.F.);
#2287 = FACE_BOUND('',#2288,.F.);
#2288 = EDGE_LOOP('',(#2289,#2290,#2291,#2297));
#2289 = ORIENTED_EDGE('',*,*,#1316,.T.);
#2290 = ORIENTED_EDGE('',*,*,#1932,.T.);
#2291 = ORIENTED_EDGE('',*,*,#2292,.F.);
#2292 = EDGE_CURVE('',#2081,#1933,#2293,.T.);
#2293 = LINE('',#2294,#2295);
#2294 = CARTESIAN_POINT('',(-4.17,7.5E-02,1.65));
#2295 = VECTOR('',#2296,1.);
#2296 = DIRECTION('',(-1.,0.,0.));
#2297 = ORIENTED_EDGE('',*,*,#2088,.F.);
#2298 = CYLINDRICAL_SURFACE('',#2299,0.15);
#2299 = AXIS2_PLACEMENT_3D('',#2300,#2301,#2302);
#2300 = CARTESIAN_POINT('',(-4.17,7.5E-02,1.5));
#2301 = DIRECTION('',(-1.,0.,0.));
#2302 = DIRECTION('',(0.,1.,-3.3E-16));
#2303 = ADVANCED_FACE('',(#2304),#2315,.F.);
#2304 = FACE_BOUND('',#2305,.F.);
#2305 = EDGE_LOOP('',(#2306,#2307,#2308,#2314));
#2306 = ORIENTED_EDGE('',*,*,#1368,.T.);
#2307 = ORIENTED_EDGE('',*,*,#1561,.T.);
#2308 = ORIENTED_EDGE('',*,*,#2309,.F.);
#2309 = EDGE_CURVE('',#1514,#1562,#2310,.T.);
#2310 = LINE('',#2311,#2312);
#2311 = CARTESIAN_POINT('',(-1.253933982822,-1.275,0.468198051534));
#2312 = VECTOR('',#2313,1.);
#2313 = DIRECTION('',(0.,-1.,2.2E-16));
#2314 = ORIENTED_EDGE('',*,*,#1543,.F.);
#2315 = CYLINDRICAL_SURFACE('',#2316,6.213203435596E-02);
#2316 = AXIS2_PLACEMENT_3D('',#2317,#2318,#2319);
#2317 = CARTESIAN_POINT('',(-1.21,-1.275,0.512132034356));
#2318 = DIRECTION('',(0.,-1.,2.2E-16));
#2319 = DIRECTION('',(-1.,7.854E-31,3.57E-15));
#2320 = ADVANCED_FACE('',(#2321),#2332,.F.);
#2321 = FACE_BOUND('',#2322,.F.);
#2322 = EDGE_LOOP('',(#2323,#2324,#2330,#2331));
#2323 = ORIENTED_EDGE('',*,*,#1399,.T.);
#2324 = ORIENTED_EDGE('',*,*,#2325,.T.);
#2325 = EDGE_CURVE('',#1400,#1666,#2326,.T.);
#2326 = LINE('',#2327,#2328);
#2327 = CARTESIAN_POINT('',(-2.286066017178,-1.275,0.468198051534));
#2328 = VECTOR('',#2329,1.);
#2329 = DIRECTION('',(0.,-1.,2.2E-16));
#2330 = ORIENTED_EDGE('',*,*,#1705,.F.);
#2331 = ORIENTED_EDGE('',*,*,#1385,.F.);
#2332 = CYLINDRICAL_SURFACE('',#2333,6.213203435596E-02);
#2333 = AXIS2_PLACEMENT_3D('',#2334,#2335,#2336);
#2334 = CARTESIAN_POINT('',(-2.33,-1.275,0.512132034356));
#2335 = DIRECTION('',(0.,-1.,2.2E-16));
#2336 = DIRECTION('',(1.,7.854E-31,3.57E-15));
#2337 = ADVANCED_FACE('',(#2338),#2356,.T.);
#2338 = FACE_BOUND('',#2339,.T.);
#2339 = EDGE_LOOP('',(#2340,#2341,#2347,#2348,#2349,#2355));
#2340 = ORIENTED_EDGE('',*,*,#1635,.F.);
#2341 = ORIENTED_EDGE('',*,*,#2342,.F.);
#2342 = EDGE_CURVE('',#1458,#1627,#2343,.T.);
#2343 = LINE('',#2344,#2345);
#2344 = CARTESIAN_POINT('',(-2.073933982822,-1.275,0.256066017178));
#2345 = VECTOR('',#2346,1.);
#2346 = DIRECTION('',(0.,-1.,2.2E-16));
#2347 = ORIENTED_EDGE('',*,*,#1490,.T.);
#2348 = ORIENTED_EDGE('',*,*,#1423,.T.);
#2349 = ORIENTED_EDGE('',*,*,#2350,.F.);
#2350 = EDGE_CURVE('',#1683,#1424,#2351,.T.);
#2351 = LINE('',#2352,#2353);
#2352 = CARTESIAN_POINT('',(-1.813933982822,-1.275,0.516066017178));
#2353 = VECTOR('',#2354,1.);
#2354 = DIRECTION('',(-8.E-17,1.,-2.5E-16));
#2355 = ORIENTED_EDGE('',*,*,#1682,.F.);
#2356 = PLANE('',#2357);
#2357 = AXIS2_PLACEMENT_3D('',#2358,#2359,#2360);
#2358 = CARTESIAN_POINT('',(-2.073933982822,-1.275,0.256066017178));
#2359 = DIRECTION('',(0.707106781187,-1.3E-16,-0.707106781187));
#2360 = DIRECTION('',(-7.807611844575E-17,1.,-2.619238815543E-16));
#2361 = ADVANCED_FACE('',(#2362),#2389,.F.);
#2362 = FACE_BOUND('',#2363,.F.);
#2363 = EDGE_LOOP('',(#2364,#2373,#2381,#2388));
#2364 = ORIENTED_EDGE('',*,*,#2365,.T.);
#2365 = EDGE_CURVE('',#1424,#2366,#2368,.T.);
#2366 = VERTEX_POINT('',#2367);
#2367 = CARTESIAN_POINT('',(-1.77,1.625,0.534264068712));
#2368 = CIRCLE('',#2369,6.213203435594E-02);
#2369 = AXIS2_PLACEMENT_3D('',#2370,#2371,#2372);
#2370 = CARTESIAN_POINT('',(-1.77,1.625,0.472132034356));
#2371 = DIRECTION('',(0.,1.,-2.2E-16));
#2372 = DIRECTION('',(1.,5.896E-31,2.68E-15));
#2373 = ORIENTED_EDGE('',*,*,#2374,.F.);
#2374 = EDGE_CURVE('',#2375,#2366,#2377,.T.);
#2375 = VERTEX_POINT('',#2376);
#2376 = CARTESIAN_POINT('',(-1.77,1.625,0.834264068712));
#2377 = LINE('',#2378,#2379);
#2378 = CARTESIAN_POINT('',(-1.77,1.625,3.694264068712));
#2379 = VECTOR('',#2380,1.);
#2380 = DIRECTION('',(9.1E-16,-2.2E-16,-1.));
#2381 = ORIENTED_EDGE('',*,*,#2382,.F.);
#2382 = EDGE_CURVE('',#1434,#2375,#2383,.T.);
#2383 = CIRCLE('',#2384,0.362132034356);
#2384 = AXIS2_PLACEMENT_3D('',#2385,#2386,#2387);
#2385 = CARTESIAN_POINT('',(-1.77,1.625,0.472132034356));
#2386 = DIRECTION('',(0.,1.,-2.2E-16));
#2387 = DIRECTION('',(1.,2.354E-31,1.07E-15));
#2388 = ORIENTED_EDGE('',*,*,#1441,.F.);
#2389 = PLANE('',#2390);
#2390 = AXIS2_PLACEMENT_3D('',#2391,#2392,#2393);
#2391 = CARTESIAN_POINT('',(-1.851179415022,1.625,0.668116479087));
#2392 = DIRECTION('',(0.,-1.,2.2E-16));
#2393 = DIRECTION('',(0.923879532511,8.419035512033E-17,0.382683432365)
  );
#2394 = ADVANCED_FACE('',(#2395),#2406,.T.);
#2395 = FACE_BOUND('',#2396,.T.);
#2396 = EDGE_LOOP('',(#2397,#2398,#2399,#2400));
#2397 = ORIENTED_EDGE('',*,*,#1433,.F.);
#2398 = ORIENTED_EDGE('',*,*,#2325,.T.);
#2399 = ORIENTED_EDGE('',*,*,#1665,.T.);
#2400 = ORIENTED_EDGE('',*,*,#2401,.F.);
#2401 = EDGE_CURVE('',#1434,#1668,#2402,.T.);
#2402 = LINE('',#2403,#2404);
#2403 = CARTESIAN_POINT('',(-2.026066017178,-1.275,0.728198051534));
#2404 = VECTOR('',#2405,1.);
#2405 = DIRECTION('',(8.E-17,-1.,2.5E-16));
#2406 = PLANE('',#2407);
#2407 = AXIS2_PLACEMENT_3D('',#2408,#2409,#2410);
#2408 = CARTESIAN_POINT('',(-2.286066017178,-1.275,0.468198051534));
#2409 = DIRECTION('',(-0.707106781187,1.3E-16,0.707106781187));
#2410 = DIRECTION('',(7.807611844575E-17,-1.,2.619238815543E-16));
#2411 = ADVANCED_FACE('',(#2412),#2423,.T.);
#2412 = FACE_BOUND('',#2413,.T.);
#2413 = EDGE_LOOP('',(#2414,#2415,#2421,#2422));
#2414 = ORIENTED_EDGE('',*,*,#1626,.F.);
#2415 = ORIENTED_EDGE('',*,*,#2416,.T.);
#2416 = EDGE_CURVE('',#1617,#1456,#2417,.T.);
#2417 = LINE('',#2418,#2419);
#2418 = CARTESIAN_POINT('',(-2.33,-1.275,0.15));
#2419 = VECTOR('',#2420,1.);
#2420 = DIRECTION('',(0.,1.,-2.2E-16));
#2421 = ORIENTED_EDGE('',*,*,#1455,.T.);
#2422 = ORIENTED_EDGE('',*,*,#2342,.T.);
#2423 = CYLINDRICAL_SURFACE('',#2424,0.362132034356);
#2424 = AXIS2_PLACEMENT_3D('',#2425,#2426,#2427);
#2425 = CARTESIAN_POINT('',(-2.33,-1.275,0.512132034356));
#2426 = DIRECTION('',(0.,-1.,2.2E-16));
#2427 = DIRECTION('',(1.,2.024E-31,9.2E-16));
#2428 = ADVANCED_FACE('',(#2429),#2447,.T.);
#2429 = FACE_BOUND('',#2430,.F.);
#2430 = EDGE_LOOP('',(#2431,#2432,#2438,#2439,#2440,#2446));
#2431 = ORIENTED_EDGE('',*,*,#1642,.F.);
#2432 = ORIENTED_EDGE('',*,*,#2433,.F.);
#2433 = EDGE_CURVE('',#1475,#1643,#2434,.T.);
#2434 = LINE('',#2435,#2436);
#2435 = CARTESIAN_POINT('',(-1.466066017178,-1.275,0.256066017178));
#2436 = VECTOR('',#2437,1.);
#2437 = DIRECTION('',(0.,-1.,2.2E-16));
#2438 = ORIENTED_EDGE('',*,*,#1483,.T.);
#2439 = ORIENTED_EDGE('',*,*,#1504,.T.);
#2440 = ORIENTED_EDGE('',*,*,#2441,.F.);
#2441 = EDGE_CURVE('',#1595,#1505,#2442,.T.);
#2442 = LINE('',#2443,#2444);
#2443 = CARTESIAN_POINT('',(-1.726066017178,-1.275,0.516066017178));
#2444 = VECTOR('',#2445,1.);
#2445 = DIRECTION('',(8.E-17,1.,-2.5E-16));
#2446 = ORIENTED_EDGE('',*,*,#1594,.F.);
#2447 = PLANE('',#2448);
#2448 = AXIS2_PLACEMENT_3D('',#2449,#2450,#2451);
#2449 = CARTESIAN_POINT('',(-1.466066017178,-1.275,0.256066017178));
#2450 = DIRECTION('',(-0.707106781187,-1.3E-16,-0.707106781187));
#2451 = DIRECTION('',(-7.807611844575E-17,-1.,2.619238815543E-16));
#2452 = ADVANCED_FACE('',(#2453),#2464,.T.);
#2453 = FACE_BOUND('',#2454,.T.);
#2454 = EDGE_LOOP('',(#2455,#2456,#2457,#2463));
#2455 = ORIENTED_EDGE('',*,*,#2433,.F.);
#2456 = ORIENTED_EDGE('',*,*,#1474,.F.);
#2457 = ORIENTED_EDGE('',*,*,#2458,.F.);
#2458 = EDGE_CURVE('',#1619,#1467,#2459,.T.);
#2459 = LINE('',#2460,#2461);
#2460 = CARTESIAN_POINT('',(-1.21,-1.275,0.15));
#2461 = VECTOR('',#2462,1.);
#2462 = DIRECTION('',(0.,1.,-2.2E-16));
#2463 = ORIENTED_EDGE('',*,*,#1650,.T.);
#2464 = CYLINDRICAL_SURFACE('',#2465,0.362132034356);
#2465 = AXIS2_PLACEMENT_3D('',#2466,#2467,#2468);
#2466 = CARTESIAN_POINT('',(-1.21,-1.275,0.512132034356));
#2467 = DIRECTION('',(0.,-1.,2.2E-16));
#2468 = DIRECTION('',(-1.,2.024E-31,9.2E-16));
#2469 = ADVANCED_FACE('',(#2470),#2488,.F.);
#2470 = FACE_BOUND('',#2471,.T.);
#2471 = EDGE_LOOP('',(#2472,#2479,#2480,#2487));
#2472 = ORIENTED_EDGE('',*,*,#2473,.T.);
#2473 = EDGE_CURVE('',#1505,#2366,#2474,.T.);
#2474 = CIRCLE('',#2475,6.213203435594E-02);
#2475 = AXIS2_PLACEMENT_3D('',#2476,#2477,#2478);
#2476 = CARTESIAN_POINT('',(-1.77,1.625,0.472132034356));
#2477 = DIRECTION('',(0.,-1.,2.2E-16));
#2478 = DIRECTION('',(-1.,5.896E-31,2.68E-15));
#2479 = ORIENTED_EDGE('',*,*,#2374,.F.);
#2480 = ORIENTED_EDGE('',*,*,#2481,.F.);
#2481 = EDGE_CURVE('',#1522,#2375,#2482,.T.);
#2482 = CIRCLE('',#2483,0.362132034356);
#2483 = AXIS2_PLACEMENT_3D('',#2484,#2485,#2486);
#2484 = CARTESIAN_POINT('',(-1.77,1.625,0.472132034356));
#2485 = DIRECTION('',(0.,-1.,2.2E-16));
#2486 = DIRECTION('',(-1.,2.354E-31,1.07E-15));
#2487 = ORIENTED_EDGE('',*,*,#1529,.F.);
#2488 = PLANE('',#2489);
#2489 = AXIS2_PLACEMENT_3D('',#2490,#2491,#2492);
#2490 = CARTESIAN_POINT('',(-1.688820584978,1.625,0.668116479087));
#2491 = DIRECTION('',(0.,-1.,2.2E-16));
#2492 = DIRECTION('',(0.923879532511,-8.419035512033E-17,-0.382683432365
    ));
#2493 = ADVANCED_FACE('',(#2494),#2505,.T.);
#2494 = FACE_BOUND('',#2495,.F.);
#2495 = EDGE_LOOP('',(#2496,#2497,#2498,#2499));
#2496 = ORIENTED_EDGE('',*,*,#1521,.F.);
#2497 = ORIENTED_EDGE('',*,*,#2309,.T.);
#2498 = ORIENTED_EDGE('',*,*,#1584,.T.);
#2499 = ORIENTED_EDGE('',*,*,#2500,.F.);
#2500 = EDGE_CURVE('',#1522,#1585,#2501,.T.);
#2501 = LINE('',#2502,#2503);
#2502 = CARTESIAN_POINT('',(-1.513933982822,-1.275,0.728198051534));
#2503 = VECTOR('',#2504,1.);
#2504 = DIRECTION('',(-8.E-17,-1.,2.5E-16));
#2505 = PLANE('',#2506);
#2506 = AXIS2_PLACEMENT_3D('',#2507,#2508,#2509);
#2507 = CARTESIAN_POINT('',(-1.253933982822,-1.275,0.468198051534));
#2508 = DIRECTION('',(0.707106781187,1.3E-16,0.707106781187));
#2509 = DIRECTION('',(7.807611844575E-17,1.,-2.619238815543E-16));
#2510 = ADVANCED_FACE('',(#2511),#2538,.F.);
#2511 = FACE_BOUND('',#2512,.T.);
#2512 = EDGE_LOOP('',(#2513,#2522,#2530,#2537));
#2513 = ORIENTED_EDGE('',*,*,#2514,.T.);
#2514 = EDGE_CURVE('',#1585,#2515,#2517,.T.);
#2515 = VERTEX_POINT('',#2516);
#2516 = CARTESIAN_POINT('',(-1.77,1.125,0.834264068712));
#2517 = CIRCLE('',#2518,0.362132034356);
#2518 = AXIS2_PLACEMENT_3D('',#2519,#2520,#2521);
#2519 = CARTESIAN_POINT('',(-1.77,1.125,0.472132034356));
#2520 = DIRECTION('',(0.,-1.,2.2E-16));
#2521 = DIRECTION('',(-1.,2.354E-31,1.07E-15));
#2522 = ORIENTED_EDGE('',*,*,#2523,.T.);
#2523 = EDGE_CURVE('',#2515,#2524,#2526,.T.);
#2524 = VERTEX_POINT('',#2525);
#2525 = CARTESIAN_POINT('',(-1.77,1.125,0.534264068712));
#2526 = LINE('',#2527,#2528);
#2527 = CARTESIAN_POINT('',(-1.77,1.125,3.694264068712));
#2528 = VECTOR('',#2529,1.);
#2529 = DIRECTION('',(9.1E-16,-2.2E-16,-1.));
#2530 = ORIENTED_EDGE('',*,*,#2531,.F.);
#2531 = EDGE_CURVE('',#1595,#2524,#2532,.T.);
#2532 = CIRCLE('',#2533,6.213203435594E-02);
#2533 = AXIS2_PLACEMENT_3D('',#2534,#2535,#2536);
#2534 = CARTESIAN_POINT('',(-1.77,1.125,0.472132034356));
#2535 = DIRECTION('',(0.,-1.,2.2E-16));
#2536 = DIRECTION('',(-1.,-3.938E-31,-1.79E-15));
#2537 = ORIENTED_EDGE('',*,*,#1602,.F.);
#2538 = PLANE('',#2539);
#2539 = AXIS2_PLACEMENT_3D('',#2540,#2541,#2542);
#2540 = CARTESIAN_POINT('',(-1.688820584978,1.125,0.668116479087));
#2541 = DIRECTION('',(0.,1.,-2.2E-16));
#2542 = DIRECTION('',(0.923879532511,-8.419035512033E-17,-0.382683432365
    ));
#2543 = ADVANCED_FACE('',(#2544),#2562,.F.);
#2544 = FACE_BOUND('',#2545,.F.);
#2545 = EDGE_LOOP('',(#2546,#2553,#2554,#2561));
#2546 = ORIENTED_EDGE('',*,*,#2547,.T.);
#2547 = EDGE_CURVE('',#1668,#2515,#2548,.T.);
#2548 = CIRCLE('',#2549,0.362132034356);
#2549 = AXIS2_PLACEMENT_3D('',#2550,#2551,#2552);
#2550 = CARTESIAN_POINT('',(-1.77,1.125,0.472132034356));
#2551 = DIRECTION('',(0.,1.,-2.2E-16));
#2552 = DIRECTION('',(1.,2.354E-31,1.07E-15));
#2553 = ORIENTED_EDGE('',*,*,#2523,.T.);
#2554 = ORIENTED_EDGE('',*,*,#2555,.F.);
#2555 = EDGE_CURVE('',#1683,#2524,#2556,.T.);
#2556 = CIRCLE('',#2557,6.213203435594E-02);
#2557 = AXIS2_PLACEMENT_3D('',#2558,#2559,#2560);
#2558 = CARTESIAN_POINT('',(-1.77,1.125,0.472132034356));
#2559 = DIRECTION('',(0.,1.,-2.2E-16));
#2560 = DIRECTION('',(1.,-3.938E-31,-1.79E-15));
#2561 = ORIENTED_EDGE('',*,*,#1690,.F.);
#2562 = PLANE('',#2563);
#2563 = AXIS2_PLACEMENT_3D('',#2564,#2565,#2566);
#2564 = CARTESIAN_POINT('',(-1.851179415022,1.125,0.668116479087));
#2565 = DIRECTION('',(0.,1.,-2.2E-16));
#2566 = DIRECTION('',(0.923879532511,8.419035512033E-17,0.382683432365)
  );
#2567 = ADVANCED_FACE('',(#2568),#2574,.T.);
#2568 = FACE_BOUND('',#2569,.T.);
#2569 = EDGE_LOOP('',(#2570,#2571,#2572,#2573));
#2570 = ORIENTED_EDGE('',*,*,#1764,.F.);
#2571 = ORIENTED_EDGE('',*,*,#1754,.F.);
#2572 = ORIENTED_EDGE('',*,*,#1794,.F.);
#2573 = ORIENTED_EDGE('',*,*,#2416,.F.);
#2574 = PLANE('',#2575);
#2575 = AXIS2_PLACEMENT_3D('',#2576,#2577,#2578);
#2576 = CARTESIAN_POINT('',(-2.38,-1.275,0.15));
#2577 = DIRECTION('',(0.,-2.2E-16,-1.));
#2578 = DIRECTION('',(0.,1.,-2.2E-16));
#2579 = ADVANCED_FACE('',(#2580),#2586,.T.);
#2580 = FACE_BOUND('',#2581,.F.);
#2581 = EDGE_LOOP('',(#2582,#2583,#2584,#2585));
#2582 = ORIENTED_EDGE('',*,*,#1771,.T.);
#2583 = ORIENTED_EDGE('',*,*,#1779,.T.);
#2584 = ORIENTED_EDGE('',*,*,#1787,.T.);
#2585 = ORIENTED_EDGE('',*,*,#2458,.F.);
#2586 = PLANE('',#2587);
#2587 = AXIS2_PLACEMENT_3D('',#2588,#2589,#2590);
#2588 = CARTESIAN_POINT('',(-1.16,-1.275,0.15));
#2589 = DIRECTION('',(0.,-2.2E-16,-1.));
#2590 = DIRECTION('',(0.,-1.,2.2E-16));
#2591 = ADVANCED_FACE('',(#2592),#2603,.F.);
#2592 = FACE_BOUND('',#2593,.F.);
#2593 = EDGE_LOOP('',(#2594,#2595,#2601,#2602));
#2594 = ORIENTED_EDGE('',*,*,#2048,.F.);
#2595 = ORIENTED_EDGE('',*,*,#2596,.F.);
#2596 = EDGE_CURVE('',#1966,#2049,#2597,.T.);
#2597 = LINE('',#2598,#2599);
#2598 = CARTESIAN_POINT('',(-4.47,-1.625,1.65));
#2599 = VECTOR('',#2600,1.);
#2600 = DIRECTION('',(1.,0.,0.));
#2601 = ORIENTED_EDGE('',*,*,#1973,.T.);
#2602 = ORIENTED_EDGE('',*,*,#2006,.T.);
#2603 = PLANE('',#2604);
#2604 = AXIS2_PLACEMENT_3D('',#2605,#2606,#2607);
#2605 = CARTESIAN_POINT('',(-3.202372881356,-0.867372881356,1.65));
#2606 = DIRECTION('',(0.,-1.E-17,1.));
#2607 = DIRECTION('',(0.,1.,1.E-17));
#2608 = ADVANCED_FACE('',(#2609),#2757,.T.);
#2609 = FACE_BOUND('',#2610,.T.);
#2610 = EDGE_LOOP('',(#2611,#2621,#2628,#2629,#2630,#2631,#2640,#2648,
    #2657,#2665,#2674,#2683,#2691,#2700,#2708,#2717,#2725,#2734,#2742,
    #2751));
#2611 = ORIENTED_EDGE('',*,*,#2612,.F.);
#2612 = EDGE_CURVE('',#2613,#2615,#2617,.T.);
#2613 = VERTEX_POINT('',#2614);
#2614 = CARTESIAN_POINT('',(-4.47,-1.475,1.5));
#2615 = VERTEX_POINT('',#2616);
#2616 = CARTESIAN_POINT('',(-4.47,-1.475,-1.E-15));
#2617 = LINE('',#2618,#2619);
#2618 = CARTESIAN_POINT('',(-4.47,-1.475,1.65));
#2619 = VECTOR('',#2620,1.);
#2620 = DIRECTION('',(0.,1.E-17,-1.));
#2621 = ORIENTED_EDGE('',*,*,#2622,.F.);
#2622 = EDGE_CURVE('',#1966,#2613,#2623,.T.);
#2623 = CIRCLE('',#2624,0.15);
#2624 = AXIS2_PLACEMENT_3D('',#2625,#2626,#2627);
#2625 = CARTESIAN_POINT('',(-4.47,-1.625,1.5));
#2626 = DIRECTION('',(-1.,0.,0.));
#2627 = DIRECTION('',(0.,-1.,2.2E-16));
#2628 = ORIENTED_EDGE('',*,*,#1965,.F.);
#2629 = ORIENTED_EDGE('',*,*,#1957,.F.);
#2630 = ORIENTED_EDGE('',*,*,#1949,.F.);
#2631 = ORIENTED_EDGE('',*,*,#2632,.T.);
#2632 = EDGE_CURVE('',#1942,#2633,#2635,.T.);
#2633 = VERTEX_POINT('',#2634);
#2634 = CARTESIAN_POINT('',(-4.47,-0.175,1.5));
#2635 = CIRCLE('',#2636,0.15);
#2636 = AXIS2_PLACEMENT_3D('',#2637,#2638,#2639);
#2637 = CARTESIAN_POINT('',(-4.47,-2.5E-02,1.5));
#2638 = DIRECTION('',(1.,-0.,0.));
#2639 = DIRECTION('',(0.,1.,-2.2E-16));
#2640 = ORIENTED_EDGE('',*,*,#2641,.T.);
#2641 = EDGE_CURVE('',#2633,#2642,#2644,.T.);
#2642 = VERTEX_POINT('',#2643);
#2643 = CARTESIAN_POINT('',(-4.47,-0.175,0.15));
#2644 = LINE('',#2645,#2646);
#2645 = CARTESIAN_POINT('',(-4.47,-0.175,1.65));
#2646 = VECTOR('',#2647,1.);
#2647 = DIRECTION('',(0.,1.E-17,-1.));
#2648 = ORIENTED_EDGE('',*,*,#2649,.T.);
#2649 = EDGE_CURVE('',#2642,#2650,#2652,.T.);
#2650 = VERTEX_POINT('',#2651);
#2651 = CARTESIAN_POINT('',(-4.47,-0.325,-2.E-15));
#2652 = CIRCLE('',#2653,0.15);
#2653 = AXIS2_PLACEMENT_3D('',#2654,#2655,#2656);
#2654 = CARTESIAN_POINT('',(-4.47,-0.325,0.15));
#2655 = DIRECTION('',(-1.,0.,-2.2E-16));
#2656 = DIRECTION('',(2.2E-16,-2.2E-16,-1.));
#2657 = ORIENTED_EDGE('',*,*,#2658,.T.);
#2658 = EDGE_CURVE('',#2650,#2659,#2661,.T.);
#2659 = VERTEX_POINT('',#2660);
#2660 = CARTESIAN_POINT('',(-4.47,-0.435,-2.E-15));
#2661 = LINE('',#2662,#2663);
#2662 = CARTESIAN_POINT('',(-4.47,0.225,-8.7E-16));
#2663 = VECTOR('',#2664,1.);
#2664 = DIRECTION('',(-2.2E-16,-1.,2.2E-16));
#2665 = ORIENTED_EDGE('',*,*,#2666,.T.);
#2666 = EDGE_CURVE('',#2659,#2667,#2669,.T.);
#2667 = VERTEX_POINT('',#2668);
#2668 = CARTESIAN_POINT('',(-4.47,-0.555,4.970562748477E-02));
#2669 = CIRCLE('',#2670,0.169705627485);
#2670 = AXIS2_PLACEMENT_3D('',#2671,#2672,#2673);
#2671 = CARTESIAN_POINT('',(-4.47,-0.435,0.169705627485));
#2672 = DIRECTION('',(-1.,2.2E-16,-2.2E-16));
#2673 = DIRECTION('',(2.2E-16,-2.2E-16,-1.));
#2674 = ORIENTED_EDGE('',*,*,#2675,.F.);
#2675 = EDGE_CURVE('',#2676,#2667,#2678,.T.);
#2676 = VERTEX_POINT('',#2677);
#2677 = CARTESIAN_POINT('',(-4.47,-0.675,-2.E-15));
#2678 = CIRCLE('',#2679,7.029437251523E-02);
#2679 = AXIS2_PLACEMENT_3D('',#2680,#2681,#2682);
#2680 = CARTESIAN_POINT('',(-4.47,-0.604705627485,-6.8E-16));
#2681 = DIRECTION('',(-1.,2.2E-16,-2.2E-16));
#2682 = DIRECTION('',(2.2E-16,-2.2E-16,-1.));
#2683 = ORIENTED_EDGE('',*,*,#2684,.F.);
#2684 = EDGE_CURVE('',#2685,#2676,#2687,.T.);
#2685 = VERTEX_POINT('',#2686);
#2686 = CARTESIAN_POINT('',(-4.47,-0.675,-0.43));
#2687 = LINE('',#2688,#2689);
#2688 = CARTESIAN_POINT('',(-4.47,-0.675,-0.43));
#2689 = VECTOR('',#2690,1.);
#2690 = DIRECTION('',(-2.2E-16,2.2E-16,1.));
#2691 = ORIENTED_EDGE('',*,*,#2692,.T.);
#2692 = EDGE_CURVE('',#2685,#2693,#2695,.T.);
#2693 = VERTEX_POINT('',#2694);
#2694 = CARTESIAN_POINT('',(-4.47,-0.712669238725,-0.63));
#2695 = CIRCLE('',#2696,0.549771815781);
#2696 = AXIS2_PLACEMENT_3D('',#2697,#2698,#2699);
#2697 = CARTESIAN_POINT('',(-4.47,-1.224771815781,-0.43));
#2698 = DIRECTION('',(-1.,2.2E-16,-2.2E-16));
#2699 = DIRECTION('',(2.2E-16,-2.2E-16,-1.));
#2700 = ORIENTED_EDGE('',*,*,#2701,.F.);
#2701 = EDGE_CURVE('',#2702,#2693,#2704,.T.);
#2702 = VERTEX_POINT('',#2703);
#2703 = CARTESIAN_POINT('',(-4.47,-0.798589524956,-0.85));
#2704 = LINE('',#2705,#2706);
#2705 = CARTESIAN_POINT('',(-4.47,-0.798589524956,-0.85));
#2706 = VECTOR('',#2707,1.);
#2707 = DIRECTION('',(-1.3E-16,0.363787291853,0.93148204829));
#2708 = ORIENTED_EDGE('',*,*,#2709,.T.);
#2709 = EDGE_CURVE('',#2702,#2710,#2712,.T.);
#2710 = VERTEX_POINT('',#2711);
#2711 = CARTESIAN_POINT('',(-4.47,-0.945,-0.95));
#2712 = CIRCLE('',#2713,0.157180136013);
#2713 = AXIS2_PLACEMENT_3D('',#2714,#2715,#2716);
#2714 = CARTESIAN_POINT('',(-4.47,-0.945,-0.792819863987));
#2715 = DIRECTION('',(-1.,2.2E-16,-2.2E-16));
#2716 = DIRECTION('',(2.2E-16,-2.2E-16,-1.));
#2717 = ORIENTED_EDGE('',*,*,#2718,.F.);
#2718 = EDGE_CURVE('',#2719,#2710,#2721,.T.);
#2719 = VERTEX_POINT('',#2720);
#2720 = CARTESIAN_POINT('',(-4.47,-1.205,-0.95));
#2721 = LINE('',#2722,#2723);
#2722 = CARTESIAN_POINT('',(-4.47,-1.205,-0.95));
#2723 = VECTOR('',#2724,1.);
#2724 = DIRECTION('',(2.2E-16,1.,-2.2E-16));
#2725 = ORIENTED_EDGE('',*,*,#2726,.T.);
#2726 = EDGE_CURVE('',#2719,#2727,#2729,.T.);
#2727 = VERTEX_POINT('',#2728);
#2728 = CARTESIAN_POINT('',(-4.47,-1.351410475044,-0.85));
#2729 = CIRCLE('',#2730,0.157180136013);
#2730 = AXIS2_PLACEMENT_3D('',#2731,#2732,#2733);
#2731 = CARTESIAN_POINT('',(-4.47,-1.205,-0.792819863987));
#2732 = DIRECTION('',(-1.,2.2E-16,-2.2E-16));
#2733 = DIRECTION('',(2.2E-16,-2.2E-16,-1.));
#2734 = ORIENTED_EDGE('',*,*,#2735,.F.);
#2735 = EDGE_CURVE('',#2736,#2727,#2738,.T.);
#2736 = VERTEX_POINT('',#2737);
#2737 = CARTESIAN_POINT('',(-4.47,-1.437330761275,-0.63));
#2738 = LINE('',#2739,#2740);
#2739 = CARTESIAN_POINT('',(-4.47,-1.437330761275,-0.63));
#2740 = VECTOR('',#2741,1.);
#2741 = DIRECTION('',(2.9E-16,0.363787291853,-0.93148204829));
#2742 = ORIENTED_EDGE('',*,*,#2743,.T.);
#2743 = EDGE_CURVE('',#2736,#2744,#2746,.T.);
#2744 = VERTEX_POINT('',#2745);
#2745 = CARTESIAN_POINT('',(-4.47,-1.475,-0.43));
#2746 = CIRCLE('',#2747,0.549771815781);
#2747 = AXIS2_PLACEMENT_3D('',#2748,#2749,#2750);
#2748 = CARTESIAN_POINT('',(-4.47,-0.925228184219,-0.43));
#2749 = DIRECTION('',(-1.,2.2E-16,-2.2E-16));
#2750 = DIRECTION('',(2.2E-16,-2.2E-16,-1.));
#2751 = ORIENTED_EDGE('',*,*,#2752,.F.);
#2752 = EDGE_CURVE('',#2615,#2744,#2753,.T.);
#2753 = LINE('',#2754,#2755);
#2754 = CARTESIAN_POINT('',(-4.47,-1.475,-4.9E-16));
#2755 = VECTOR('',#2756,1.);
#2756 = DIRECTION('',(2.2E-16,-2.2E-16,-1.));
#2757 = PLANE('',#2758);
#2758 = AXIS2_PLACEMENT_3D('',#2759,#2760,#2761);
#2759 = CARTESIAN_POINT('',(-4.47,-0.175,1.65));
#2760 = DIRECTION('',(-1.,0.,0.));
#2761 = DIRECTION('',(-0.,-1.,-1.E-17));
#2762 = ADVANCED_FACE('',(#2763),#2825,.T.);
#2763 = FACE_BOUND('',#2764,.T.);
#2764 = EDGE_LOOP('',(#2765,#2774,#2775,#2776,#2784,#2793,#2806,#2814));
#2765 = ORIENTED_EDGE('',*,*,#2766,.T.);
#2766 = EDGE_CURVE('',#2767,#1844,#2769,.T.);
#2767 = VERTEX_POINT('',#2768);
#2768 = CARTESIAN_POINT('',(-4.273127988316,2.975,2.712080465141));
#2769 = CIRCLE('',#2770,1.28);
#2770 = AXIS2_PLACEMENT_3D('',#2771,#2772,#2773);
#2771 = CARTESIAN_POINT('',(-3.19,2.975,2.03));
#2772 = DIRECTION('',(0.,-1.,1.1E-16));
#2773 = DIRECTION('',(1.,0.,0.));
#2774 = ORIENTED_EDGE('',*,*,#1843,.F.);
#2775 = ORIENTED_EDGE('',*,*,#2191,.F.);
#2776 = ORIENTED_EDGE('',*,*,#2777,.T.);
#2777 = EDGE_CURVE('',#2192,#2778,#2780,.T.);
#2778 = VERTEX_POINT('',#2779);
#2779 = CARTESIAN_POINT('',(-3.19,3.655,3.31));
#2780 = LINE('',#2781,#2782);
#2781 = CARTESIAN_POINT('',(-3.19,-3.675,3.31));
#2782 = VECTOR('',#2783,1.);
#2783 = DIRECTION('',(0.,1.,-2.2E-16));
#2784 = ORIENTED_EDGE('',*,*,#2785,.T.);
#2785 = EDGE_CURVE('',#2778,#2786,#2788,.T.);
#2786 = VERTEX_POINT('',#2787);
#2787 = CARTESIAN_POINT('',(-4.080897987335,3.655,2.94907604482));
#2788 = CIRCLE('',#2789,1.28);
#2789 = AXIS2_PLACEMENT_3D('',#2790,#2791,#2792);
#2790 = CARTESIAN_POINT('',(-3.19,3.655,2.03));
#2791 = DIRECTION('',(0.,-1.,2.2E-16));
#2792 = DIRECTION('',(1.,0.,0.));
#2793 = ORIENTED_EDGE('',*,*,#2794,.F.);
#2794 = EDGE_CURVE('',#2795,#2786,#2797,.T.);
#2795 = VERTEX_POINT('',#2796);
#2796 = CARTESIAN_POINT('',(-4.185170055005,3.505,2.835007181099));
#2797 = B_SPLINE_CURVE_WITH_KNOTS('',7,(#2798,#2799,#2800,#2801,#2802,
    #2803,#2804,#2805),.UNSPECIFIED.,.F.,.F.,(8,8),(0.,1.),
  .PIECEWISE_BEZIER_KNOTS.);
#2798 = CARTESIAN_POINT('',(-4.185170055005,3.505,2.835007181099));
#2799 = CARTESIAN_POINT('',(-4.185170055005,3.538610316574,
    2.835007181099));
#2800 = CARTESIAN_POINT('',(-4.179551230761,3.572246840026,
    2.841954045556));
#2801 = CARTESIAN_POINT('',(-4.168294238929,3.603135959511,
    2.855865985796));
#2802 = CARTESIAN_POINT('',(-4.151754459514,3.628515289517,
    2.875702018517));
#2803 = CARTESIAN_POINT('',(-4.130545949646,3.646184748977,
    2.899370584482));
#2804 = CARTESIAN_POINT('',(-4.106229442044,3.655,2.924521230076));
#2805 = CARTESIAN_POINT('',(-4.080897987335,3.655,2.94907604482));
#2806 = ORIENTED_EDGE('',*,*,#2807,.T.);
#2807 = EDGE_CURVE('',#2795,#2808,#2810,.T.);
#2808 = VERTEX_POINT('',#2809);
#2809 = CARTESIAN_POINT('',(-4.185170055005,3.125,2.835007181099));
#2810 = LINE('',#2811,#2812);
#2811 = CARTESIAN_POINT('',(-4.185170055005,-3.675,2.835007181099));
#2812 = VECTOR('',#2813,1.);
#2813 = DIRECTION('',(0.,-1.,1.1E-16));
#2814 = ORIENTED_EDGE('',*,*,#2815,.F.);
#2815 = EDGE_CURVE('',#2767,#2808,#2816,.T.);
#2816 = B_SPLINE_CURVE_WITH_KNOTS('',7,(#2817,#2818,#2819,#2820,#2821,
    #2822,#2823,#2824),.UNSPECIFIED.,.F.,.F.,(8,8),(0.,1.),
  .PIECEWISE_BEZIER_KNOTS.);
#2817 = CARTESIAN_POINT('',(-4.273127988316,2.975,2.712080465141));
#2818 = CARTESIAN_POINT('',(-4.255116155438,2.975,2.740682838773));
#2819 = CARTESIAN_POINT('',(-4.236180983071,2.98384877242,2.768796596856
    ));
#2820 = CARTESIAN_POINT('',(-4.217836773447,3.001560595135,
    2.794005959789));
#2821 = CARTESIAN_POINT('',(-4.202018150951,3.026942094834,2.81417829515
    ));
#2822 = CARTESIAN_POINT('',(-4.190782914416,3.057802094131,
    2.828068460405));
#2823 = CARTESIAN_POINT('',(-4.185170055005,3.091408514908,
    2.835007181099));
#2824 = CARTESIAN_POINT('',(-4.185170055005,3.125,2.835007181099));
#2825 = CYLINDRICAL_SURFACE('',#2826,1.28);
#2826 = AXIS2_PLACEMENT_3D('',#2827,#2828,#2829);
#2827 = CARTESIAN_POINT('',(-3.19,-3.675,2.03));
#2828 = DIRECTION('',(0.,-1.,2.2E-16));
#2829 = DIRECTION('',(1.,0.,0.));
#2830 = ADVANCED_FACE('',(#2831),#2857,.T.);
#2831 = FACE_BOUND('',#2832,.T.);
#2832 = EDGE_LOOP('',(#2833,#2834,#2840,#2841,#2842,#2850));
#2833 = ORIENTED_EDGE('',*,*,#2021,.F.);
#2834 = ORIENTED_EDGE('',*,*,#2835,.F.);
#2835 = EDGE_CURVE('',#1852,#2022,#2836,.T.);
#2836 = LINE('',#2837,#2838);
#2837 = CARTESIAN_POINT('',(-4.47,2.975,1.88));
#2838 = VECTOR('',#2839,1.);
#2839 = DIRECTION('',(1.,0.,0.));
#2840 = ORIENTED_EDGE('',*,*,#1851,.F.);
#2841 = ORIENTED_EDGE('',*,*,#2766,.F.);
#2842 = ORIENTED_EDGE('',*,*,#2843,.T.);
#2843 = EDGE_CURVE('',#2767,#2844,#2846,.T.);
#2844 = VERTEX_POINT('',#2845);
#2845 = CARTESIAN_POINT('',(-4.008762854678,2.975,2.568541909047));
#2846 = LINE('',#2847,#2848);
#2847 = CARTESIAN_POINT('',(-4.256743869044,2.975,2.703184614199));
#2848 = VECTOR('',#2849,1.);
#2849 = DIRECTION('',(0.878817112662,-1.6E-16,-0.47715876026));
#2850 = ORIENTED_EDGE('',*,*,#2851,.T.);
#2851 = EDGE_CURVE('',#2844,#2024,#2852,.T.);
#2852 = CIRCLE('',#2853,0.98);
#2853 = AXIS2_PLACEMENT_3D('',#2854,#2855,#2856);
#2854 = CARTESIAN_POINT('',(-3.19,2.975,2.03));
#2855 = DIRECTION('',(0.,-1.,1.1E-16));
#2856 = DIRECTION('',(1.,0.,0.));
#2857 = PLANE('',#2858);
#2858 = AXIS2_PLACEMENT_3D('',#2859,#2860,#2861);
#2859 = CARTESIAN_POINT('',(-4.364787062796,2.975,2.356983823237));
#2860 = DIRECTION('',(0.,1.,2.2E-16));
#2861 = DIRECTION('',(0.,-2.2E-16,1.));
#2862 = ADVANCED_FACE('',(#2863),#2874,.F.);
#2863 = FACE_BOUND('',#2864,.F.);
#2864 = EDGE_LOOP('',(#2865,#2866,#2872,#2873));
#2865 = ORIENTED_EDGE('',*,*,#1859,.T.);
#2866 = ORIENTED_EDGE('',*,*,#2867,.T.);
#2867 = EDGE_CURVE('',#1860,#2140,#2868,.T.);
#2868 = LINE('',#2869,#2870);
#2869 = CARTESIAN_POINT('',(-4.47,3.125,1.73));
#2870 = VECTOR('',#2871,1.);
#2871 = DIRECTION('',(1.,0.,0.));
#2872 = ORIENTED_EDGE('',*,*,#2147,.F.);
#2873 = ORIENTED_EDGE('',*,*,#2835,.F.);
#2874 = CYLINDRICAL_SURFACE('',#2875,0.15);
#2875 = AXIS2_PLACEMENT_3D('',#2876,#2877,#2878);
#2876 = CARTESIAN_POINT('',(-4.47,3.125,1.88));
#2877 = DIRECTION('',(1.,0.,0.));
#2878 = DIRECTION('',(0.,-1.,-1.1E-16));
#2879 = ADVANCED_FACE('',(#2880),#2891,.F.);
#2880 = FACE_BOUND('',#2881,.F.);
#2881 = EDGE_LOOP('',(#2882,#2883,#2884,#2885));
#2882 = ORIENTED_EDGE('',*,*,#2080,.F.);
#2883 = ORIENTED_EDGE('',*,*,#2292,.T.);
#2884 = ORIENTED_EDGE('',*,*,#1941,.T.);
#2885 = ORIENTED_EDGE('',*,*,#2886,.F.);
#2886 = EDGE_CURVE('',#2073,#1942,#2887,.T.);
#2887 = LINE('',#2888,#2889);
#2888 = CARTESIAN_POINT('',(-4.17,-2.5E-02,1.65));
#2889 = VECTOR('',#2890,1.);
#2890 = DIRECTION('',(-1.,0.,0.));
#2891 = PLANE('',#2892);
#2892 = AXIS2_PLACEMENT_3D('',#2893,#2894,#2895);
#2893 = CARTESIAN_POINT('',(-3.202372881356,-0.867372881356,1.65));
#2894 = DIRECTION('',(0.,-1.E-17,1.));
#2895 = DIRECTION('',(0.,1.,1.E-17));
#2896 = ADVANCED_FACE('',(#2897),#2908,.T.);
#2897 = FACE_BOUND('',#2898,.T.);
#2898 = EDGE_LOOP('',(#2899,#2900,#2906,#2907));
#2899 = ORIENTED_EDGE('',*,*,#2139,.F.);
#2900 = ORIENTED_EDGE('',*,*,#2901,.F.);
#2901 = EDGE_CURVE('',#1869,#2131,#2902,.T.);
#2902 = LINE('',#2903,#2904);
#2903 = CARTESIAN_POINT('',(-4.47,3.505,1.73));
#2904 = VECTOR('',#2905,1.);
#2905 = DIRECTION('',(1.,0.,0.));
#2906 = ORIENTED_EDGE('',*,*,#1868,.F.);
#2907 = ORIENTED_EDGE('',*,*,#2867,.T.);
#2908 = PLANE('',#2909);
#2909 = AXIS2_PLACEMENT_3D('',#2910,#2911,#2912);
#2910 = CARTESIAN_POINT('',(-5.833541772067,3.655,1.73));
#2911 = DIRECTION('',(0.,-1.1E-16,1.));
#2912 = DIRECTION('',(1.,0.,0.));
#2913 = ADVANCED_FACE('',(#2914),#2925,.T.);
#2914 = FACE_BOUND('',#2915,.T.);
#2915 = EDGE_LOOP('',(#2916,#2917,#2918,#2924));
#2916 = ORIENTED_EDGE('',*,*,#2901,.T.);
#2917 = ORIENTED_EDGE('',*,*,#2130,.T.);
#2918 = ORIENTED_EDGE('',*,*,#2919,.F.);
#2919 = EDGE_CURVE('',#1877,#2123,#2920,.T.);
#2920 = LINE('',#2921,#2922);
#2921 = CARTESIAN_POINT('',(-4.47,3.655,1.58));
#2922 = VECTOR('',#2923,1.);
#2923 = DIRECTION('',(1.,0.,0.));
#2924 = ORIENTED_EDGE('',*,*,#1876,.F.);
#2925 = CYLINDRICAL_SURFACE('',#2926,0.15);
#2926 = AXIS2_PLACEMENT_3D('',#2927,#2928,#2929);
#2927 = CARTESIAN_POINT('',(-4.47,3.505,1.58));
#2928 = DIRECTION('',(1.,0.,0.));
#2929 = DIRECTION('',(0.,0.,1.));
#2930 = ADVANCED_FACE('',(#2931),#2942,.T.);
#2931 = FACE_BOUND('',#2932,.T.);
#2932 = EDGE_LOOP('',(#2933,#2934,#2935,#2936));
#2933 = ORIENTED_EDGE('',*,*,#1885,.F.);
#2934 = ORIENTED_EDGE('',*,*,#2919,.T.);
#2935 = ORIENTED_EDGE('',*,*,#2122,.F.);
#2936 = ORIENTED_EDGE('',*,*,#2937,.T.);
#2937 = EDGE_CURVE('',#2115,#1886,#2938,.T.);
#2938 = LINE('',#2939,#2940);
#2939 = CARTESIAN_POINT('',(0.,3.655,1.43));
#2940 = VECTOR('',#2941,1.);
#2941 = DIRECTION('',(-1.,0.,0.));
#2942 = PLANE('',#2943);
#2943 = AXIS2_PLACEMENT_3D('',#2944,#2945,#2946);
#2944 = CARTESIAN_POINT('',(-2.453655549214,3.655,1.73));
#2945 = DIRECTION('',(0.,1.,0.));
#2946 = DIRECTION('',(0.,-0.,1.));
#2947 = ADVANCED_FACE('',(#2948),#3051,.T.);
#2948 = FACE_BOUND('',#2949,.T.);
#2949 = EDGE_LOOP('',(#2950,#2960,#2967,#2968,#2969,#2977,#2985,#2994,
    #3002,#3011,#3019,#3028,#3036,#3045));
#2950 = ORIENTED_EDGE('',*,*,#2951,.F.);
#2951 = EDGE_CURVE('',#2952,#2954,#2956,.T.);
#2952 = VERTEX_POINT('',#2953);
#2953 = CARTESIAN_POINT('',(-4.47,2.555,1.28));
#2954 = VERTEX_POINT('',#2955);
#2955 = CARTESIAN_POINT('',(-4.47,2.555,9.999999999999E-02));
#2956 = LINE('',#2957,#2958);
#2957 = CARTESIAN_POINT('',(-4.47,2.555,1.43));
#2958 = VECTOR('',#2959,1.);
#2959 = DIRECTION('',(0.,0.,-1.));
#2960 = ORIENTED_EDGE('',*,*,#2961,.F.);
#2961 = EDGE_CURVE('',#1902,#2952,#2962,.T.);
#2962 = CIRCLE('',#2963,0.15);
#2963 = AXIS2_PLACEMENT_3D('',#2964,#2965,#2966);
#2964 = CARTESIAN_POINT('',(-4.47,2.405,1.28));
#2965 = DIRECTION('',(-1.,0.,0.));
#2966 = DIRECTION('',(0.,-1.,2.2E-16));
#2967 = ORIENTED_EDGE('',*,*,#1901,.T.);
#2968 = ORIENTED_EDGE('',*,*,#1893,.T.);
#2969 = ORIENTED_EDGE('',*,*,#2970,.T.);
#2970 = EDGE_CURVE('',#1886,#2971,#2973,.T.);
#2971 = VERTEX_POINT('',#2972);
#2972 = CARTESIAN_POINT('',(-4.47,3.655,9.999999999999E-02));
#2973 = LINE('',#2974,#2975);
#2974 = CARTESIAN_POINT('',(-4.47,3.655,1.43));
#2975 = VECTOR('',#2976,1.);
#2976 = DIRECTION('',(0.,0.,-1.));
#2977 = ORIENTED_EDGE('',*,*,#2978,.T.);
#2978 = EDGE_CURVE('',#2971,#2979,#2981,.T.);
#2979 = VERTEX_POINT('',#2980);
#2980 = CARTESIAN_POINT('',(-4.47,3.655,-0.33));
#2981 = LINE('',#2982,#2983);
#2982 = CARTESIAN_POINT('',(-4.47,3.655,0.1));
#2983 = VECTOR('',#2984,1.);
#2984 = DIRECTION('',(2.2E-16,-2.2E-16,-1.));
#2985 = ORIENTED_EDGE('',*,*,#2986,.T.);
#2986 = EDGE_CURVE('',#2979,#2987,#2989,.T.);
#2987 = VERTEX_POINT('',#2988);
#2988 = CARTESIAN_POINT('',(-4.47,3.603108762905,-0.53));
#2989 = CIRCLE('',#2990,0.411367148648);
#2990 = AXIS2_PLACEMENT_3D('',#2991,#2992,#2993);
#2991 = CARTESIAN_POINT('',(-4.47,3.243632851352,-0.33));
#2992 = DIRECTION('',(-1.,2.2E-16,-2.2E-16));
#2993 = DIRECTION('',(2.2E-16,-2.2E-16,-1.));
#2994 = ORIENTED_EDGE('',*,*,#2995,.T.);
#2995 = EDGE_CURVE('',#2987,#2996,#2998,.T.);
#2996 = VERTEX_POINT('',#2997);
#2997 = CARTESIAN_POINT('',(-4.47,3.425071798694,-0.85));
#2998 = LINE('',#2999,#3000);
#2999 = CARTESIAN_POINT('',(-4.47,3.603108762905,-0.53));
#3000 = VECTOR('',#3001,1.);
#3001 = DIRECTION('',(9.E-17,-0.486183694195,-0.873856633264));
#3002 = ORIENTED_EDGE('',*,*,#3003,.T.);
#3003 = EDGE_CURVE('',#2996,#3004,#3006,.T.);
#3004 = VERTEX_POINT('',#3005);
#3005 = CARTESIAN_POINT('',(-4.47,3.255,-0.95));
#3006 = CIRCLE('',#3007,0.194622083554);
#3007 = AXIS2_PLACEMENT_3D('',#3008,#3009,#3010);
#3008 = CARTESIAN_POINT('',(-4.47,3.255,-0.755377916446));
#3009 = DIRECTION('',(-1.,2.2E-16,-2.2E-16));
#3010 = DIRECTION('',(2.2E-16,-2.2E-16,-1.));
#3011 = ORIENTED_EDGE('',*,*,#3012,.F.);
#3012 = EDGE_CURVE('',#3013,#3004,#3015,.T.);
#3013 = VERTEX_POINT('',#3014);
#3014 = CARTESIAN_POINT('',(-4.47,2.955,-0.95));
#3015 = LINE('',#3016,#3017);
#3016 = CARTESIAN_POINT('',(-4.47,2.955,-0.95));
#3017 = VECTOR('',#3018,1.);
#3018 = DIRECTION('',(2.2E-16,1.,-2.2E-16));
#3019 = ORIENTED_EDGE('',*,*,#3020,.T.);
#3020 = EDGE_CURVE('',#3013,#3021,#3023,.T.);
#3021 = VERTEX_POINT('',#3022);
#3022 = CARTESIAN_POINT('',(-4.47,2.784928201306,-0.85));
#3023 = CIRCLE('',#3024,0.194622083554);
#3024 = AXIS2_PLACEMENT_3D('',#3025,#3026,#3027);
#3025 = CARTESIAN_POINT('',(-4.47,2.955,-0.755377916446));
#3026 = DIRECTION('',(-1.,2.2E-16,-2.2E-16));
#3027 = DIRECTION('',(2.2E-16,-2.2E-16,-1.));
#3028 = ORIENTED_EDGE('',*,*,#3029,.T.);
#3029 = EDGE_CURVE('',#3021,#3030,#3032,.T.);
#3030 = VERTEX_POINT('',#3031);
#3031 = CARTESIAN_POINT('',(-4.47,2.606891237095,-0.53));
#3032 = LINE('',#3033,#3034);
#3033 = CARTESIAN_POINT('',(-4.47,2.784928201306,-0.85));
#3034 = VECTOR('',#3035,1.);
#3035 = DIRECTION('',(-3.E-16,-0.486183694195,0.873856633264));
#3036 = ORIENTED_EDGE('',*,*,#3037,.T.);
#3037 = EDGE_CURVE('',#3030,#3038,#3040,.T.);
#3038 = VERTEX_POINT('',#3039);
#3039 = CARTESIAN_POINT('',(-4.47,2.555,-0.33));
#3040 = CIRCLE('',#3041,0.411367148648);
#3041 = AXIS2_PLACEMENT_3D('',#3042,#3043,#3044);
#3042 = CARTESIAN_POINT('',(-4.47,2.966367148648,-0.33));
#3043 = DIRECTION('',(-1.,2.2E-16,-2.2E-16));
#3044 = DIRECTION('',(2.2E-16,-2.2E-16,-1.));
#3045 = ORIENTED_EDGE('',*,*,#3046,.F.);
#3046 = EDGE_CURVE('',#2954,#3038,#3047,.T.);
#3047 = LINE('',#3048,#3049);
#3048 = CARTESIAN_POINT('',(-4.47,2.555,0.1));
#3049 = VECTOR('',#3050,1.);
#3050 = DIRECTION('',(2.2E-16,-2.2E-16,-1.));
#3051 = PLANE('',#3052);
#3052 = AXIS2_PLACEMENT_3D('',#3053,#3054,#3055);
#3053 = CARTESIAN_POINT('',(-4.47,3.655,1.43));
#3054 = DIRECTION('',(-1.,0.,0.));
#3055 = DIRECTION('',(0.,-1.,0.));
#3056 = ADVANCED_FACE('',(#3057),#3068,.F.);
#3057 = FACE_BOUND('',#3058,.F.);
#3058 = EDGE_LOOP('',(#3059,#3060,#3061,#3062));
#3059 = ORIENTED_EDGE('',*,*,#1909,.F.);
#3060 = ORIENTED_EDGE('',*,*,#2275,.T.);
#3061 = ORIENTED_EDGE('',*,*,#2098,.T.);
#3062 = ORIENTED_EDGE('',*,*,#3063,.F.);
#3063 = EDGE_CURVE('',#1902,#2099,#3064,.T.);
#3064 = LINE('',#3065,#3066);
#3065 = CARTESIAN_POINT('',(-4.47,2.405,1.43));
#3066 = VECTOR('',#3067,1.);
#3067 = DIRECTION('',(1.,0.,0.));
#3068 = PLANE('',#3069);
#3069 = AXIS2_PLACEMENT_3D('',#3070,#3071,#3072);
#3070 = CARTESIAN_POINT('',(-2.235,2.9,1.43));
#3071 = DIRECTION('',(0.,0.,1.));
#3072 = DIRECTION('',(0.,1.,0.));
#3073 = ADVANCED_FACE('',(#3074),#3146,.F.);
#3074 = FACE_BOUND('',#3075,.F.);
#3075 = EDGE_LOOP('',(#3076,#3077,#3078,#3087,#3095,#3104,#3121,#3129));
#3076 = ORIENTED_EDGE('',*,*,#2851,.T.);
#3077 = ORIENTED_EDGE('',*,*,#2031,.F.);
#3078 = ORIENTED_EDGE('',*,*,#3079,.F.);
#3079 = EDGE_CURVE('',#3080,#2032,#3082,.T.);
#3080 = VERTEX_POINT('',#3081);
#3081 = CARTESIAN_POINT('',(-3.19,-3.375,3.01));
#3082 = CIRCLE('',#3083,0.98);
#3083 = AXIS2_PLACEMENT_3D('',#3084,#3085,#3086);
#3084 = CARTESIAN_POINT('',(-3.19,-3.375,2.03));
#3085 = DIRECTION('',(0.,-1.,2.2E-16));
#3086 = DIRECTION('',(-4.5E-16,2.2E-16,1.));
#3087 = ORIENTED_EDGE('',*,*,#3088,.T.);
#3088 = EDGE_CURVE('',#3080,#3089,#3091,.T.);
#3089 = VERTEX_POINT('',#3090);
#3090 = CARTESIAN_POINT('',(-3.19,3.655,3.01));
#3091 = LINE('',#3092,#3093);
#3092 = CARTESIAN_POINT('',(-3.19,-3.675,3.01));
#3093 = VECTOR('',#3094,1.);
#3094 = DIRECTION('',(0.,1.,-2.2E-16));
#3095 = ORIENTED_EDGE('',*,*,#3096,.T.);
#3096 = EDGE_CURVE('',#3089,#3097,#3099,.T.);
#3097 = VERTEX_POINT('',#3098);
#3098 = CARTESIAN_POINT('',(-3.800333397571,3.655,2.796741901691));
#3099 = CIRCLE('',#3100,0.98);
#3100 = AXIS2_PLACEMENT_3D('',#3101,#3102,#3103);
#3101 = CARTESIAN_POINT('',(-3.19,3.655,2.03));
#3102 = DIRECTION('',(0.,-1.,2.2E-16));
#3103 = DIRECTION('',(1.,0.,0.));
#3104 = ORIENTED_EDGE('',*,*,#3105,.F.);
#3105 = EDGE_CURVE('',#3106,#3097,#3108,.T.);
#3106 = VERTEX_POINT('',#3107);
#3107 = CARTESIAN_POINT('',(-3.915643659444,3.505,2.688666288426));
#3108 = B_SPLINE_CURVE_WITH_KNOTS('',6,(#3109,#3110,#3111,#3112,#3113,
    #3114,#3115,#3116,#3117,#3118,#3119,#3120),.UNSPECIFIED.,.F.,.F.,(7,
    5,7),(0.,0.489172392885,1.),.UNSPECIFIED.);
#3109 = CARTESIAN_POINT('',(-3.915643659444,3.505,2.688666288426));
#3110 = CARTESIAN_POINT('',(-3.915643659444,3.524251727571,
    2.688666288426));
#3111 = CARTESIAN_POINT('',(-3.913592143555,3.543504289991,
    2.690926293188));
#3112 = CARTESIAN_POINT('',(-3.909489248468,3.562182567974,
    2.695446954512));
#3113 = CARTESIAN_POINT('',(-3.903373111985,3.579713111031,
    2.702077607346));
#3114 = CARTESIAN_POINT('',(-3.895323842392,3.595583319391,
    2.710523688846));
#3115 = CARTESIAN_POINT('',(-3.875253184795,3.623801592332,
    2.730742365205));
#3116 = CARTESIAN_POINT('',(-3.863070351446,3.635964343899,
    2.742646758959));
#3117 = CARTESIAN_POINT('',(-3.849144686429,3.645409951894,
    2.755704716179));
#3118 = CARTESIAN_POINT('',(-3.833754873446,3.651806994787,2.76940127666
    ));
#3119 = CARTESIAN_POINT('',(-3.817311363674,3.655,2.783227289131));
#3120 = CARTESIAN_POINT('',(-3.800333397571,3.655,2.796741901691));
#3121 = ORIENTED_EDGE('',*,*,#3122,.T.);
#3122 = EDGE_CURVE('',#3106,#3123,#3125,.T.);
#3123 = VERTEX_POINT('',#3124);
#3124 = CARTESIAN_POINT('',(-3.915643659444,3.125,2.688666288426));
#3125 = LINE('',#3126,#3127);
#3126 = CARTESIAN_POINT('',(-3.915643659444,-3.675,2.688666288426));
#3127 = VECTOR('',#3128,1.);
#3128 = DIRECTION('',(0.,-1.,1.1E-16));
#3129 = ORIENTED_EDGE('',*,*,#3130,.F.);
#3130 = EDGE_CURVE('',#2844,#3123,#3131,.T.);
#3131 = B_SPLINE_CURVE_WITH_KNOTS('',7,(#3132,#3133,#3134,#3135,#3136,
    #3137,#3138,#3139,#3140,#3141,#3142,#3143,#3144,#3145),
  .UNSPECIFIED.,.F.,.F.,(8,6,8),(0.,0.340094019063,1.),.UNSPECIFIED.);
#3132 = CARTESIAN_POINT('',(-4.008762854678,2.975,2.568541909047));
#3133 = CARTESIAN_POINT('',(-4.002450126516,2.975,2.578139355864));
#3134 = CARTESIAN_POINT('',(-3.995999367444,2.976019042305,
    2.587660979203));
#3135 = CARTESIAN_POINT('',(-3.989469843279,2.978057004764,
    2.597014791523));
#3136 = CARTESIAN_POINT('',(-3.982929154365,2.981098833127,
    2.606113891833));
#3137 = CARTESIAN_POINT('',(-3.976450742765,2.985115288964,2.61487773092
    ));
#3138 = CARTESIAN_POINT('',(-3.970111399441,2.990063697583,2.62323337656
    ));
#3139 = CARTESIAN_POINT('',(-3.952108648261,3.007191309478,
    2.646413443664));
#3140 = CARTESIAN_POINT('',(-3.941042550017,3.021795914339,
    2.659933926057));
#3141 = CARTESIAN_POINT('',(-3.931357439303,3.039299196767,
    2.671205661826));
#3142 = CARTESIAN_POINT('',(-3.923619688924,3.059120909188,
    2.679879018284));
#3143 = CARTESIAN_POINT('',(-3.918302036757,3.08054538924,2.6857376238)
  );
#3144 = CARTESIAN_POINT('',(-3.915643659444,3.102773805504,
    2.688666288426));
#3145 = CARTESIAN_POINT('',(-3.915643659444,3.125,2.688666288426));
#3146 = CYLINDRICAL_SURFACE('',#3147,0.98);
#3147 = AXIS2_PLACEMENT_3D('',#3148,#3149,#3150);
#3148 = CARTESIAN_POINT('',(-3.19,-3.675,2.03));
#3149 = DIRECTION('',(0.,-1.,2.2E-16));
#3150 = DIRECTION('',(1.,0.,0.));
#3151 = ADVANCED_FACE('',(#3152),#3163,.F.);
#3152 = FACE_BOUND('',#3153,.F.);
#3153 = EDGE_LOOP('',(#3154,#3160,#3161,#3162));
#3154 = ORIENTED_EDGE('',*,*,#3155,.F.);
#3155 = EDGE_CURVE('',#2032,#2225,#3156,.T.);
#3156 = LINE('',#3157,#3158);
#3157 = CARTESIAN_POINT('',(-4.17,-3.375,2.03));
#3158 = VECTOR('',#3159,1.);
#3159 = DIRECTION('',(-0.316227766017,-0.948683298051,2.3E-16));
#3160 = ORIENTED_EDGE('',*,*,#2039,.T.);
#3161 = ORIENTED_EDGE('',*,*,#2162,.T.);
#3162 = ORIENTED_EDGE('',*,*,#2233,.F.);
#3163 = PLANE('',#3164);
#3164 = AXIS2_PLACEMENT_3D('',#3165,#3166,#3167);
#3165 = CARTESIAN_POINT('',(-4.22,-3.525,2.03));
#3166 = DIRECTION('',(-0.948683298051,0.316227766017,-7.E-17));
#3167 = DIRECTION('',(4.07830863536E-19,-2.201359436212E-16,-1.));
#3168 = ADVANCED_FACE('',(#3169),#3272,.T.);
#3169 = FACE_BOUND('',#3170,.T.);
#3170 = EDGE_LOOP('',(#3171,#3181,#3189,#3198,#3206,#3215,#3223,#3232,
    #3240,#3249,#3257,#3263,#3264,#3265));
#3171 = ORIENTED_EDGE('',*,*,#3172,.T.);
#3172 = EDGE_CURVE('',#3173,#3175,#3177,.T.);
#3173 = VERTEX_POINT('',#3174);
#3174 = CARTESIAN_POINT('',(-4.17,2.555,1.28));
#3175 = VERTEX_POINT('',#3176);
#3176 = CARTESIAN_POINT('',(-4.17,2.555,9.999999999999E-02));
#3177 = LINE('',#3178,#3179);
#3178 = CARTESIAN_POINT('',(-4.17,2.555,1.43));
#3179 = VECTOR('',#3180,1.);
#3180 = DIRECTION('',(0.,0.,-1.));
#3181 = ORIENTED_EDGE('',*,*,#3182,.T.);
#3182 = EDGE_CURVE('',#3175,#3183,#3185,.T.);
#3183 = VERTEX_POINT('',#3184);
#3184 = CARTESIAN_POINT('',(-4.17,2.555,-0.33));
#3185 = LINE('',#3186,#3187);
#3186 = CARTESIAN_POINT('',(-4.17,2.555,1.43));
#3187 = VECTOR('',#3188,1.);
#3188 = DIRECTION('',(0.,0.,-1.));
#3189 = ORIENTED_EDGE('',*,*,#3190,.F.);
#3190 = EDGE_CURVE('',#3191,#3183,#3193,.T.);
#3191 = VERTEX_POINT('',#3192);
#3192 = CARTESIAN_POINT('',(-4.17,2.606891237095,-0.53));
#3193 = CIRCLE('',#3194,0.411367148648);
#3194 = AXIS2_PLACEMENT_3D('',#3195,#3196,#3197);
#3195 = CARTESIAN_POINT('',(-4.17,2.966367148648,-0.33));
#3196 = DIRECTION('',(-1.,0.,-2.2E-16));
#3197 = DIRECTION('',(2.2E-16,-3.3E-16,-1.));
#3198 = ORIENTED_EDGE('',*,*,#3199,.T.);
#3199 = EDGE_CURVE('',#3191,#3200,#3202,.T.);
#3200 = VERTEX_POINT('',#3201);
#3201 = CARTESIAN_POINT('',(-4.17,2.784928201306,-0.85));
#3202 = LINE('',#3203,#3204);
#3203 = CARTESIAN_POINT('',(-4.17,2.273419085163,6.937602896576E-02));
#3204 = VECTOR('',#3205,1.);
#3205 = DIRECTION('',(0.,0.486183694195,-0.873856633264));
#3206 = ORIENTED_EDGE('',*,*,#3207,.F.);
#3207 = EDGE_CURVE('',#3208,#3200,#3210,.T.);
#3208 = VERTEX_POINT('',#3209);
#3209 = CARTESIAN_POINT('',(-4.17,2.955,-0.95));
#3210 = CIRCLE('',#3211,0.194622083554);
#3211 = AXIS2_PLACEMENT_3D('',#3212,#3213,#3214);
#3212 = CARTESIAN_POINT('',(-4.17,2.955,-0.755377916446));
#3213 = DIRECTION('',(-1.,0.,-2.2E-16));
#3214 = DIRECTION('',(2.2E-16,-3.3E-16,-1.));
#3215 = ORIENTED_EDGE('',*,*,#3216,.F.);
#3216 = EDGE_CURVE('',#3217,#3208,#3219,.T.);
#3217 = VERTEX_POINT('',#3218);
#3218 = CARTESIAN_POINT('',(-4.17,3.255,-0.95));
#3219 = LINE('',#3220,#3221);
#3220 = CARTESIAN_POINT('',(-4.17,2.755,-0.95));
#3221 = VECTOR('',#3222,1.);
#3222 = DIRECTION('',(0.,-1.,3.3E-16));
#3223 = ORIENTED_EDGE('',*,*,#3224,.F.);
#3224 = EDGE_CURVE('',#3225,#3217,#3227,.T.);
#3225 = VERTEX_POINT('',#3226);
#3226 = CARTESIAN_POINT('',(-4.17,3.425071798694,-0.85));
#3227 = CIRCLE('',#3228,0.194622083554);
#3228 = AXIS2_PLACEMENT_3D('',#3229,#3230,#3231);
#3229 = CARTESIAN_POINT('',(-4.17,3.255,-0.755377916446));
#3230 = DIRECTION('',(-1.,0.,-2.2E-16));
#3231 = DIRECTION('',(2.2E-16,-3.3E-16,-1.));
#3232 = ORIENTED_EDGE('',*,*,#3233,.T.);
#3233 = EDGE_CURVE('',#3225,#3234,#3236,.T.);
#3234 = VERTEX_POINT('',#3235);
#3235 = CARTESIAN_POINT('',(-4.17,3.603108762905,-0.53));
#3236 = LINE('',#3237,#3238);
#3237 = CARTESIAN_POINT('',(-4.17,3.895593375467,-4.294136420415E-03));
#3238 = VECTOR('',#3239,1.);
#3239 = DIRECTION('',(0.,0.486183694195,0.873856633264));
#3240 = ORIENTED_EDGE('',*,*,#3241,.F.);
#3241 = EDGE_CURVE('',#3242,#3234,#3244,.T.);
#3242 = VERTEX_POINT('',#3243);
#3243 = CARTESIAN_POINT('',(-4.17,3.655,-0.33));
#3244 = CIRCLE('',#3245,0.411367148648);
#3245 = AXIS2_PLACEMENT_3D('',#3246,#3247,#3248);
#3246 = CARTESIAN_POINT('',(-4.17,3.243632851352,-0.33));
#3247 = DIRECTION('',(-1.,0.,-2.2E-16));
#3248 = DIRECTION('',(2.2E-16,-3.3E-16,-1.));
#3249 = ORIENTED_EDGE('',*,*,#3250,.F.);
#3250 = EDGE_CURVE('',#3251,#3242,#3253,.T.);
#3251 = VERTEX_POINT('',#3252);
#3252 = CARTESIAN_POINT('',(-4.17,3.655,9.999999999999E-02));
#3253 = LINE('',#3254,#3255);
#3254 = CARTESIAN_POINT('',(-4.17,3.655,1.43));
#3255 = VECTOR('',#3256,1.);
#3256 = DIRECTION('',(0.,0.,-1.));
#3257 = ORIENTED_EDGE('',*,*,#3258,.F.);
#3258 = EDGE_CURVE('',#2115,#3251,#3259,.T.);
#3259 = LINE('',#3260,#3261);
#3260 = CARTESIAN_POINT('',(-4.17,3.655,1.43));
#3261 = VECTOR('',#3262,1.);
#3262 = DIRECTION('',(0.,0.,-1.));
#3263 = ORIENTED_EDGE('',*,*,#2114,.F.);
#3264 = ORIENTED_EDGE('',*,*,#2106,.F.);
#3265 = ORIENTED_EDGE('',*,*,#3266,.T.);
#3266 = EDGE_CURVE('',#2099,#3173,#3267,.T.);
#3267 = CIRCLE('',#3268,0.15);
#3268 = AXIS2_PLACEMENT_3D('',#3269,#3270,#3271);
#3269 = CARTESIAN_POINT('',(-4.17,2.405,1.28));
#3270 = DIRECTION('',(-1.,0.,0.));
#3271 = DIRECTION('',(0.,-1.,2.2E-16));
#3272 = PLANE('',#3273);
#3273 = AXIS2_PLACEMENT_3D('',#3274,#3275,#3276);
#3274 = CARTESIAN_POINT('',(-4.17,2.555,1.43));
#3275 = DIRECTION('',(1.,0.,0.));
#3276 = DIRECTION('',(-0.,1.,0.));
#3277 = ADVANCED_FACE('',(#3278),#3426,.T.);
#3278 = FACE_BOUND('',#3279,.T.);
#3279 = EDGE_LOOP('',(#3280,#3290,#3297,#3298,#3299,#3300,#3309,#3317,
    #3325,#3334,#3342,#3351,#3359,#3368,#3376,#3385,#3393,#3402,#3411,
    #3419));
#3280 = ORIENTED_EDGE('',*,*,#3281,.F.);
#3281 = EDGE_CURVE('',#3282,#3284,#3286,.T.);
#3282 = VERTEX_POINT('',#3283);
#3283 = CARTESIAN_POINT('',(-4.17,-0.175,1.5));
#3284 = VERTEX_POINT('',#3285);
#3285 = CARTESIAN_POINT('',(-4.17,-0.175,0.15));
#3286 = LINE('',#3287,#3288);
#3287 = CARTESIAN_POINT('',(-4.17,-0.175,1.65));
#3288 = VECTOR('',#3289,1.);
#3289 = DIRECTION('',(0.,1.E-17,-1.));
#3290 = ORIENTED_EDGE('',*,*,#3291,.F.);
#3291 = EDGE_CURVE('',#2073,#3282,#3292,.T.);
#3292 = CIRCLE('',#3293,0.15);
#3293 = AXIS2_PLACEMENT_3D('',#3294,#3295,#3296);
#3294 = CARTESIAN_POINT('',(-4.17,-2.5E-02,1.5));
#3295 = DIRECTION('',(1.,-0.,0.));
#3296 = DIRECTION('',(0.,1.,-2.2E-16));
#3297 = ORIENTED_EDGE('',*,*,#2072,.F.);
#3298 = ORIENTED_EDGE('',*,*,#2064,.F.);
#3299 = ORIENTED_EDGE('',*,*,#2056,.F.);
#3300 = ORIENTED_EDGE('',*,*,#3301,.T.);
#3301 = EDGE_CURVE('',#2049,#3302,#3304,.T.);
#3302 = VERTEX_POINT('',#3303);
#3303 = CARTESIAN_POINT('',(-4.17,-1.475,1.5));
#3304 = CIRCLE('',#3305,0.15);
#3305 = AXIS2_PLACEMENT_3D('',#3306,#3307,#3308);
#3306 = CARTESIAN_POINT('',(-4.17,-1.625,1.5));
#3307 = DIRECTION('',(-1.,0.,0.));
#3308 = DIRECTION('',(0.,-1.,2.2E-16));
#3309 = ORIENTED_EDGE('',*,*,#3310,.T.);
#3310 = EDGE_CURVE('',#3302,#3311,#3313,.T.);
#3311 = VERTEX_POINT('',#3312);
#3312 = CARTESIAN_POINT('',(-4.17,-1.475,-1.E-15));
#3313 = LINE('',#3314,#3315);
#3314 = CARTESIAN_POINT('',(-4.17,-1.475,1.65));
#3315 = VECTOR('',#3316,1.);
#3316 = DIRECTION('',(0.,1.E-17,-1.));
#3317 = ORIENTED_EDGE('',*,*,#3318,.T.);
#3318 = EDGE_CURVE('',#3311,#3319,#3321,.T.);
#3319 = VERTEX_POINT('',#3320);
#3320 = CARTESIAN_POINT('',(-4.17,-1.475,-0.43));
#3321 = LINE('',#3322,#3323);
#3322 = CARTESIAN_POINT('',(-4.17,-1.475,1.65));
#3323 = VECTOR('',#3324,1.);
#3324 = DIRECTION('',(0.,1.E-17,-1.));
#3325 = ORIENTED_EDGE('',*,*,#3326,.F.);
#3326 = EDGE_CURVE('',#3327,#3319,#3329,.T.);
#3327 = VERTEX_POINT('',#3328);
#3328 = CARTESIAN_POINT('',(-4.17,-1.437330761275,-0.63));
#3329 = CIRCLE('',#3330,0.549771815781);
#3330 = AXIS2_PLACEMENT_3D('',#3331,#3332,#3333);
#3331 = CARTESIAN_POINT('',(-4.17,-0.925228184219,-0.43));
#3332 = DIRECTION('',(-1.,0.,-2.2E-16));
#3333 = DIRECTION('',(2.2E-16,-3.3E-16,-1.));
#3334 = ORIENTED_EDGE('',*,*,#3335,.F.);
#3335 = EDGE_CURVE('',#3336,#3327,#3338,.T.);
#3336 = VERTEX_POINT('',#3337);
#3337 = CARTESIAN_POINT('',(-4.17,-1.351410475044,-0.85));
#3338 = LINE('',#3339,#3340);
#3339 = CARTESIAN_POINT('',(-4.17,-1.826125275487,0.365513363367));
#3340 = VECTOR('',#3341,1.);
#3341 = DIRECTION('',(0.,-0.363787291853,0.93148204829));
#3342 = ORIENTED_EDGE('',*,*,#3343,.F.);
#3343 = EDGE_CURVE('',#3344,#3336,#3346,.T.);
#3344 = VERTEX_POINT('',#3345);
#3345 = CARTESIAN_POINT('',(-4.17,-1.205,-0.95));
#3346 = CIRCLE('',#3347,0.157180136013);
#3347 = AXIS2_PLACEMENT_3D('',#3348,#3349,#3350);
#3348 = CARTESIAN_POINT('',(-4.17,-1.205,-0.792819863987));
#3349 = DIRECTION('',(-1.,0.,-2.2E-16));
#3350 = DIRECTION('',(2.2E-16,-3.3E-16,-1.));
#3351 = ORIENTED_EDGE('',*,*,#3352,.F.);
#3352 = EDGE_CURVE('',#3353,#3344,#3355,.T.);
#3353 = VERTEX_POINT('',#3354);
#3354 = CARTESIAN_POINT('',(-4.17,-0.945,-0.95));
#3355 = LINE('',#3356,#3357);
#3356 = CARTESIAN_POINT('',(-4.17,-1.34,-0.95));
#3357 = VECTOR('',#3358,1.);
#3358 = DIRECTION('',(0.,-1.,3.3E-16));
#3359 = ORIENTED_EDGE('',*,*,#3360,.F.);
#3360 = EDGE_CURVE('',#3361,#3353,#3363,.T.);
#3361 = VERTEX_POINT('',#3362);
#3362 = CARTESIAN_POINT('',(-4.17,-0.798589524956,-0.85));
#3363 = CIRCLE('',#3364,0.157180136013);
#3364 = AXIS2_PLACEMENT_3D('',#3365,#3366,#3367);
#3365 = CARTESIAN_POINT('',(-4.17,-0.945,-0.792819863987));
#3366 = DIRECTION('',(-1.,0.,-2.2E-16));
#3367 = DIRECTION('',(2.2E-16,-3.3E-16,-1.));
#3368 = ORIENTED_EDGE('',*,*,#3369,.F.);
#3369 = EDGE_CURVE('',#3370,#3361,#3372,.T.);
#3370 = VERTEX_POINT('',#3371);
#3371 = CARTESIAN_POINT('',(-4.17,-0.712669238725,-0.63));
#3372 = LINE('',#3373,#3374);
#3373 = CARTESIAN_POINT('',(-4.17,-0.419771345113,0.119968830664));
#3374 = VECTOR('',#3375,1.);
#3375 = DIRECTION('',(0.,-0.363787291853,-0.93148204829));
#3376 = ORIENTED_EDGE('',*,*,#3377,.F.);
#3377 = EDGE_CURVE('',#3378,#3370,#3380,.T.);
#3378 = VERTEX_POINT('',#3379);
#3379 = CARTESIAN_POINT('',(-4.17,-0.675,-0.43));
#3380 = CIRCLE('',#3381,0.549771815781);
#3381 = AXIS2_PLACEMENT_3D('',#3382,#3383,#3384);
#3382 = CARTESIAN_POINT('',(-4.17,-1.224771815781,-0.43));
#3383 = DIRECTION('',(-1.,0.,-2.2E-16));
#3384 = DIRECTION('',(2.2E-16,-3.3E-16,-1.));
#3385 = ORIENTED_EDGE('',*,*,#3386,.F.);
#3386 = EDGE_CURVE('',#3387,#3378,#3389,.T.);
#3387 = VERTEX_POINT('',#3388);
#3388 = CARTESIAN_POINT('',(-4.17,-0.675,-2.E-15));
#3389 = LINE('',#3390,#3391);
#3390 = CARTESIAN_POINT('',(-4.17,-0.675,0.61));
#3391 = VECTOR('',#3392,1.);
#3392 = DIRECTION('',(0.,-3.3E-16,-1.));
#3393 = ORIENTED_EDGE('',*,*,#3394,.T.);
#3394 = EDGE_CURVE('',#3387,#3395,#3397,.T.);
#3395 = VERTEX_POINT('',#3396);
#3396 = CARTESIAN_POINT('',(-4.17,-0.555,4.970562748477E-02));
#3397 = CIRCLE('',#3398,7.029437251523E-02);
#3398 = AXIS2_PLACEMENT_3D('',#3399,#3400,#3401);
#3399 = CARTESIAN_POINT('',(-4.17,-0.604705627485,-9.6E-16));
#3400 = DIRECTION('',(-1.,0.,-2.2E-16));
#3401 = DIRECTION('',(2.2E-16,-3.3E-16,-1.));
#3402 = ORIENTED_EDGE('',*,*,#3403,.F.);
#3403 = EDGE_CURVE('',#3404,#3395,#3406,.T.);
#3404 = VERTEX_POINT('',#3405);
#3405 = CARTESIAN_POINT('',(-4.17,-0.435,-2.E-15));
#3406 = CIRCLE('',#3407,0.169705627485);
#3407 = AXIS2_PLACEMENT_3D('',#3408,#3409,#3410);
#3408 = CARTESIAN_POINT('',(-4.17,-0.435,0.169705627485));
#3409 = DIRECTION('',(-1.,0.,-2.2E-16));
#3410 = DIRECTION('',(2.2E-16,-3.3E-16,-1.));
#3411 = ORIENTED_EDGE('',*,*,#3412,.T.);
#3412 = EDGE_CURVE('',#3404,#3413,#3415,.T.);
#3413 = VERTEX_POINT('',#3414);
#3414 = CARTESIAN_POINT('',(-4.17,-0.325,-2.E-15));
#3415 = LINE('',#3416,#3417);
#3416 = CARTESIAN_POINT('',(-4.17,-0.625,-9.7E-16));
#3417 = VECTOR('',#3418,1.);
#3418 = DIRECTION('',(0.,1.,-3.3E-16));
#3419 = ORIENTED_EDGE('',*,*,#3420,.F.);
#3420 = EDGE_CURVE('',#3284,#3413,#3421,.T.);
#3421 = CIRCLE('',#3422,0.15);
#3422 = AXIS2_PLACEMENT_3D('',#3423,#3424,#3425);
#3423 = CARTESIAN_POINT('',(-4.17,-0.325,0.15));
#3424 = DIRECTION('',(-1.,0.,-2.2E-16));
#3425 = DIRECTION('',(2.2E-16,-2.2E-16,-1.));
#3426 = PLANE('',#3427);
#3427 = AXIS2_PLACEMENT_3D('',#3428,#3429,#3430);
#3428 = CARTESIAN_POINT('',(-4.17,-1.475,1.65));
#3429 = DIRECTION('',(1.,0.,0.));
#3430 = DIRECTION('',(-0.,1.,1.E-17));
#3431 = ADVANCED_FACE('',(#3432),#3443,.F.);
#3432 = FACE_BOUND('',#3433,.F.);
#3433 = EDGE_LOOP('',(#3434,#3440,#3441,#3442));
#3434 = ORIENTED_EDGE('',*,*,#3435,.F.);
#3435 = EDGE_CURVE('',#3080,#2217,#3436,.T.);
#3436 = LINE('',#3437,#3438);
#3437 = CARTESIAN_POINT('',(-3.19,-3.525,3.06));
#3438 = VECTOR('',#3439,1.);
#3439 = DIRECTION('',(0.,-0.948683298051,0.316227766017));
#3440 = ORIENTED_EDGE('',*,*,#3079,.T.);
#3441 = ORIENTED_EDGE('',*,*,#3155,.T.);
#3442 = ORIENTED_EDGE('',*,*,#2224,.F.);
#3443 = CONICAL_SURFACE('',#3444,0.98,0.321750554397);
#3444 = AXIS2_PLACEMENT_3D('',#3445,#3446,#3447);
#3445 = CARTESIAN_POINT('',(-3.19,-3.375,2.03));
#3446 = DIRECTION('',(0.,-1.,2.2E-16));
#3447 = DIRECTION('',(-4.5E-16,2.2E-16,1.));
#3448 = ADVANCED_FACE('',(#3449),#3467,.T.);
#3449 = FACE_BOUND('',#3450,.F.);
#3450 = EDGE_LOOP('',(#3451,#3459,#3465,#3466));
#3451 = ORIENTED_EDGE('',*,*,#3452,.F.);
#3452 = EDGE_CURVE('',#3453,#2209,#3455,.T.);
#3453 = VERTEX_POINT('',#3454);
#3454 = CARTESIAN_POINT('',(0.,-3.375,3.01));
#3455 = LINE('',#3456,#3457);
#3456 = CARTESIAN_POINT('',(0.,-3.63,3.095));
#3457 = VECTOR('',#3458,1.);
#3458 = DIRECTION('',(0.,-0.948683298051,0.316227766017));
#3459 = ORIENTED_EDGE('',*,*,#3460,.T.);
#3460 = EDGE_CURVE('',#3453,#3080,#3461,.T.);
#3461 = LINE('',#3462,#3463);
#3462 = CARTESIAN_POINT('',(0.,-3.375,3.01));
#3463 = VECTOR('',#3464,1.);
#3464 = DIRECTION('',(-1.,0.,0.));
#3465 = ORIENTED_EDGE('',*,*,#3435,.T.);
#3466 = ORIENTED_EDGE('',*,*,#2216,.F.);
#3467 = PLANE('',#3468);
#3468 = AXIS2_PLACEMENT_3D('',#3469,#3470,#3471);
#3469 = CARTESIAN_POINT('',(0.,-3.525,3.06));
#3470 = DIRECTION('',(0.,-0.316227766017,-0.948683298051));
#3471 = DIRECTION('',(1.,0.,0.));
#3472 = ADVANCED_FACE('',(#3473,#3566),#3632,.T.);
#3473 = FACE_BOUND('',#3474,.T.);
#3474 = EDGE_LOOP('',(#3475,#3483,#3484,#3485,#3493,#3501,#3509,#3517,
    #3525,#3534,#3542,#3551,#3559));
#3475 = ORIENTED_EDGE('',*,*,#3476,.T.);
#3476 = EDGE_CURVE('',#3477,#2778,#3479,.T.);
#3477 = VERTEX_POINT('',#3478);
#3478 = CARTESIAN_POINT('',(-2.85,3.655,3.31));
#3479 = LINE('',#3480,#3481);
#3480 = CARTESIAN_POINT('',(0.,3.655,3.31));
#3481 = VECTOR('',#3482,1.);
#3482 = DIRECTION('',(-1.,0.,0.));
#3483 = ORIENTED_EDGE('',*,*,#2777,.F.);
#3484 = ORIENTED_EDGE('',*,*,#2200,.F.);
#3485 = ORIENTED_EDGE('',*,*,#3486,.T.);
#3486 = EDGE_CURVE('',#2201,#3487,#3489,.T.);
#3487 = VERTEX_POINT('',#3488);
#3488 = CARTESIAN_POINT('',(0.,3.655,3.31));
#3489 = LINE('',#3490,#3491);
#3490 = CARTESIAN_POINT('',(0.,-3.675,3.31));
#3491 = VECTOR('',#3492,1.);
#3492 = DIRECTION('',(0.,1.,-2.2E-16));
#3493 = ORIENTED_EDGE('',*,*,#3494,.T.);
#3494 = EDGE_CURVE('',#3487,#3495,#3497,.T.);
#3495 = VERTEX_POINT('',#3496);
#3496 = CARTESIAN_POINT('',(-1.05,3.655,3.31));
#3497 = LINE('',#3498,#3499);
#3498 = CARTESIAN_POINT('',(0.,3.655,3.31));
#3499 = VECTOR('',#3500,1.);
#3500 = DIRECTION('',(-1.,0.,0.));
#3501 = ORIENTED_EDGE('',*,*,#3502,.T.);
#3502 = EDGE_CURVE('',#3495,#3503,#3505,.T.);
#3503 = VERTEX_POINT('',#3504);
#3504 = CARTESIAN_POINT('',(-1.05,2.955,3.31));
#3505 = LINE('',#3506,#3507);
#3506 = CARTESIAN_POINT('',(-1.05,3.655,3.31));
#3507 = VECTOR('',#3508,1.);
#3508 = DIRECTION('',(0.,-1.,2.2E-16));
#3509 = ORIENTED_EDGE('',*,*,#3510,.T.);
#3510 = EDGE_CURVE('',#3503,#3511,#3513,.T.);
#3511 = VERTEX_POINT('',#3512);
#3512 = CARTESIAN_POINT('',(-1.05,2.805,3.31));
#3513 = LINE('',#3514,#3515);
#3514 = CARTESIAN_POINT('',(-1.05,3.655,3.31));
#3515 = VECTOR('',#3516,1.);
#3516 = DIRECTION('',(0.,-1.,3.3E-16));
#3517 = ORIENTED_EDGE('',*,*,#3518,.T.);
#3518 = EDGE_CURVE('',#3511,#3519,#3521,.T.);
#3519 = VERTEX_POINT('',#3520);
#3520 = CARTESIAN_POINT('',(-1.05,2.655,3.31));
#3521 = LINE('',#3522,#3523);
#3522 = CARTESIAN_POINT('',(-1.05,3.655,3.31));
#3523 = VECTOR('',#3524,1.);
#3524 = DIRECTION('',(0.,-1.,2.2E-16));
#3525 = ORIENTED_EDGE('',*,*,#3526,.T.);
#3526 = EDGE_CURVE('',#3519,#3527,#3529,.T.);
#3527 = VERTEX_POINT('',#3528);
#3528 = CARTESIAN_POINT('',(-1.2,2.505,3.31));
#3529 = CIRCLE('',#3530,0.15);
#3530 = AXIS2_PLACEMENT_3D('',#3531,#3532,#3533);
#3531 = CARTESIAN_POINT('',(-1.2,2.655,3.31));
#3532 = DIRECTION('',(0.,-3.3E-16,-1.));
#3533 = DIRECTION('',(0.,1.,-3.3E-16));
#3534 = ORIENTED_EDGE('',*,*,#3535,.T.);
#3535 = EDGE_CURVE('',#3527,#3536,#3538,.T.);
#3536 = VERTEX_POINT('',#3537);
#3537 = CARTESIAN_POINT('',(-2.55,2.505,3.31));
#3538 = LINE('',#3539,#3540);
#3539 = CARTESIAN_POINT('',(-1.05,2.505,3.31));
#3540 = VECTOR('',#3541,1.);
#3541 = DIRECTION('',(-1.,0.,0.));
#3542 = ORIENTED_EDGE('',*,*,#3543,.F.);
#3543 = EDGE_CURVE('',#3544,#3536,#3546,.T.);
#3544 = VERTEX_POINT('',#3545);
#3545 = CARTESIAN_POINT('',(-2.7,2.655,3.31));
#3546 = CIRCLE('',#3547,0.15);
#3547 = AXIS2_PLACEMENT_3D('',#3548,#3549,#3550);
#3548 = CARTESIAN_POINT('',(-2.55,2.655,3.31));
#3549 = DIRECTION('',(0.,3.3E-16,1.));
#3550 = DIRECTION('',(0.,1.,-3.3E-16));
#3551 = ORIENTED_EDGE('',*,*,#3552,.T.);
#3552 = EDGE_CURVE('',#3544,#3553,#3555,.T.);
#3553 = VERTEX_POINT('',#3554);
#3554 = CARTESIAN_POINT('',(-2.7,3.505,3.31));
#3555 = LINE('',#3556,#3557);
#3556 = CARTESIAN_POINT('',(-2.7,2.505,3.31));
#3557 = VECTOR('',#3558,1.);
#3558 = DIRECTION('',(0.,1.,-2.2E-16));
#3559 = ORIENTED_EDGE('',*,*,#3560,.F.);
#3560 = EDGE_CURVE('',#3477,#3553,#3561,.T.);
#3561 = CIRCLE('',#3562,0.15);
#3562 = AXIS2_PLACEMENT_3D('',#3563,#3564,#3565);
#3563 = CARTESIAN_POINT('',(-2.85,3.505,3.31));
#3564 = DIRECTION('',(0.,-3.3E-16,-1.));
#3565 = DIRECTION('',(0.,1.,-3.3E-16));
#3566 = FACE_BOUND('',#3567,.T.);
#3567 = EDGE_LOOP('',(#3568,#3578,#3586,#3594,#3602,#3610,#3618,#3626));
#3568 = ORIENTED_EDGE('',*,*,#3569,.T.);
#3569 = EDGE_CURVE('',#3570,#3572,#3574,.T.);
#3570 = VERTEX_POINT('',#3571);
#3571 = CARTESIAN_POINT('',(-1.16,1.625,3.31));
#3572 = VERTEX_POINT('',#3573);
#3573 = CARTESIAN_POINT('',(-1.16,1.125,3.31));
#3574 = LINE('',#3575,#3576);
#3575 = CARTESIAN_POINT('',(-1.16,1.625,3.31));
#3576 = VECTOR('',#3577,1.);
#3577 = DIRECTION('',(0.,-1.,2.2E-16));
#3578 = ORIENTED_EDGE('',*,*,#3579,.T.);
#3579 = EDGE_CURVE('',#3572,#3580,#3582,.T.);
#3580 = VERTEX_POINT('',#3581);
#3581 = CARTESIAN_POINT('',(-1.21,1.125,3.31));
#3582 = LINE('',#3583,#3584);
#3583 = CARTESIAN_POINT('',(-1.16,1.125,3.31));
#3584 = VECTOR('',#3585,1.);
#3585 = DIRECTION('',(-1.,0.,0.));
#3586 = ORIENTED_EDGE('',*,*,#3587,.T.);
#3587 = EDGE_CURVE('',#3580,#3588,#3590,.T.);
#3588 = VERTEX_POINT('',#3589);
#3589 = CARTESIAN_POINT('',(-2.33,1.125,3.31));
#3590 = LINE('',#3591,#3592);
#3591 = CARTESIAN_POINT('',(-1.16,1.125,3.31));
#3592 = VECTOR('',#3593,1.);
#3593 = DIRECTION('',(-1.,0.,0.));
#3594 = ORIENTED_EDGE('',*,*,#3595,.T.);
#3595 = EDGE_CURVE('',#3588,#3596,#3598,.T.);
#3596 = VERTEX_POINT('',#3597);
#3597 = CARTESIAN_POINT('',(-2.38,1.125,3.31));
#3598 = LINE('',#3599,#3600);
#3599 = CARTESIAN_POINT('',(-1.16,1.125,3.31));
#3600 = VECTOR('',#3601,1.);
#3601 = DIRECTION('',(-1.,0.,0.));
#3602 = ORIENTED_EDGE('',*,*,#3603,.T.);
#3603 = EDGE_CURVE('',#3596,#3604,#3606,.T.);
#3604 = VERTEX_POINT('',#3605);
#3605 = CARTESIAN_POINT('',(-2.38,1.625,3.31));
#3606 = LINE('',#3607,#3608);
#3607 = CARTESIAN_POINT('',(-2.38,1.125,3.31));
#3608 = VECTOR('',#3609,1.);
#3609 = DIRECTION('',(0.,1.,-2.2E-16));
#3610 = ORIENTED_EDGE('',*,*,#3611,.T.);
#3611 = EDGE_CURVE('',#3604,#3612,#3614,.T.);
#3612 = VERTEX_POINT('',#3613);
#3613 = CARTESIAN_POINT('',(-2.33,1.625,3.31));
#3614 = LINE('',#3615,#3616);
#3615 = CARTESIAN_POINT('',(-2.38,1.625,3.31));
#3616 = VECTOR('',#3617,1.);
#3617 = DIRECTION('',(1.,0.,0.));
#3618 = ORIENTED_EDGE('',*,*,#3619,.T.);
#3619 = EDGE_CURVE('',#3612,#3620,#3622,.T.);
#3620 = VERTEX_POINT('',#3621);
#3621 = CARTESIAN_POINT('',(-1.21,1.625,3.31));
#3622 = LINE('',#3623,#3624);
#3623 = CARTESIAN_POINT('',(-2.38,1.625,3.31));
#3624 = VECTOR('',#3625,1.);
#3625 = DIRECTION('',(1.,0.,0.));
#3626 = ORIENTED_EDGE('',*,*,#3627,.T.);
#3627 = EDGE_CURVE('',#3620,#3570,#3628,.T.);
#3628 = LINE('',#3629,#3630);
#3629 = CARTESIAN_POINT('',(-2.38,1.625,3.31));
#3630 = VECTOR('',#3631,1.);
#3631 = DIRECTION('',(1.,0.,0.));
#3632 = PLANE('',#3633);
#3633 = AXIS2_PLACEMENT_3D('',#3634,#3635,#3636);
#3634 = CARTESIAN_POINT('',(0.,-3.675,3.31));
#3635 = DIRECTION('',(0.,2.2E-16,1.));
#3636 = DIRECTION('',(-1.,0.,0.));
#3637 = ADVANCED_FACE('',(#3638),#3657,.F.);
#3638 = FACE_BOUND('',#3639,.F.);
#3639 = EDGE_LOOP('',(#3640,#3648,#3649,#3650,#3651));
#3640 = ORIENTED_EDGE('',*,*,#3641,.F.);
#3641 = EDGE_CURVE('',#3453,#3642,#3644,.T.);
#3642 = VERTEX_POINT('',#3643);
#3643 = CARTESIAN_POINT('',(0.,3.655,3.01));
#3644 = LINE('',#3645,#3646);
#3645 = CARTESIAN_POINT('',(0.,-3.675,3.01));
#3646 = VECTOR('',#3647,1.);
#3647 = DIRECTION('',(0.,1.,-2.2E-16));
#3648 = ORIENTED_EDGE('',*,*,#3452,.T.);
#3649 = ORIENTED_EDGE('',*,*,#2208,.F.);
#3650 = ORIENTED_EDGE('',*,*,#3486,.T.);
#3651 = ORIENTED_EDGE('',*,*,#3652,.T.);
#3652 = EDGE_CURVE('',#3487,#3642,#3653,.T.);
#3653 = LINE('',#3654,#3655);
#3654 = CARTESIAN_POINT('',(0.,3.655,3.31));
#3655 = VECTOR('',#3656,1.);
#3656 = DIRECTION('',(0.,-2.2E-16,-1.));
#3657 = PLANE('',#3658);
#3658 = AXIS2_PLACEMENT_3D('',#3659,#3660,#3661);
#3659 = CARTESIAN_POINT('',(0.,-3.675,3.31));
#3660 = DIRECTION('',(-1.,0.,0.));
#3661 = DIRECTION('',(-0.,-2.2E-16,-1.));
#3662 = ADVANCED_FACE('',(#3663),#3674,.F.);
#3663 = FACE_BOUND('',#3664,.F.);
#3664 = EDGE_LOOP('',(#3665,#3666,#3672,#3673));
#3665 = ORIENTED_EDGE('',*,*,#2555,.T.);
#3666 = ORIENTED_EDGE('',*,*,#3667,.F.);
#3667 = EDGE_CURVE('',#2366,#2524,#3668,.T.);
#3668 = LINE('',#3669,#3670);
#3669 = CARTESIAN_POINT('',(-1.77,-1.275,0.534264068712));
#3670 = VECTOR('',#3671,1.);
#3671 = DIRECTION('',(0.,-1.,2.2E-16));
#3672 = ORIENTED_EDGE('',*,*,#2365,.F.);
#3673 = ORIENTED_EDGE('',*,*,#2350,.F.);
#3674 = CYLINDRICAL_SURFACE('',#3675,6.213203435594E-02);
#3675 = AXIS2_PLACEMENT_3D('',#3676,#3677,#3678);
#3676 = CARTESIAN_POINT('',(-1.77,-1.275,0.472132034356));
#3677 = DIRECTION('',(0.,1.,-2.2E-16));
#3678 = DIRECTION('',(1.,5.896E-31,2.68E-15));
#3679 = ADVANCED_FACE('',(#3680),#3691,.T.);
#3680 = FACE_BOUND('',#3681,.T.);
#3681 = EDGE_LOOP('',(#3682,#3683,#3684,#3685));
#3682 = ORIENTED_EDGE('',*,*,#2382,.F.);
#3683 = ORIENTED_EDGE('',*,*,#2401,.T.);
#3684 = ORIENTED_EDGE('',*,*,#2547,.T.);
#3685 = ORIENTED_EDGE('',*,*,#3686,.T.);
#3686 = EDGE_CURVE('',#2515,#2375,#3687,.T.);
#3687 = LINE('',#3688,#3689);
#3688 = CARTESIAN_POINT('',(-1.77,-1.275,0.834264068712));
#3689 = VECTOR('',#3690,1.);
#3690 = DIRECTION('',(0.,1.,-2.2E-16));
#3691 = CYLINDRICAL_SURFACE('',#3692,0.362132034356);
#3692 = AXIS2_PLACEMENT_3D('',#3693,#3694,#3695);
#3693 = CARTESIAN_POINT('',(-1.77,-1.275,0.472132034356));
#3694 = DIRECTION('',(0.,1.,-2.2E-16));
#3695 = DIRECTION('',(1.,2.354E-31,1.07E-15));
#3696 = ADVANCED_FACE('',(#3697),#3703,.F.);
#3697 = FACE_BOUND('',#3698,.F.);
#3698 = EDGE_LOOP('',(#3699,#3700,#3701,#3702));
#3699 = ORIENTED_EDGE('',*,*,#2441,.T.);
#3700 = ORIENTED_EDGE('',*,*,#2473,.T.);
#3701 = ORIENTED_EDGE('',*,*,#3667,.T.);
#3702 = ORIENTED_EDGE('',*,*,#2531,.F.);
#3703 = CYLINDRICAL_SURFACE('',#3704,6.213203435594E-02);
#3704 = AXIS2_PLACEMENT_3D('',#3705,#3706,#3707);
#3705 = CARTESIAN_POINT('',(-1.77,-1.275,0.472132034356));
#3706 = DIRECTION('',(0.,1.,-2.2E-16));
#3707 = DIRECTION('',(-1.,5.896E-31,2.68E-15));
#3708 = ADVANCED_FACE('',(#3709),#3715,.T.);
#3709 = FACE_BOUND('',#3710,.T.);
#3710 = EDGE_LOOP('',(#3711,#3712,#3713,#3714));
#3711 = ORIENTED_EDGE('',*,*,#3686,.F.);
#3712 = ORIENTED_EDGE('',*,*,#2514,.F.);
#3713 = ORIENTED_EDGE('',*,*,#2500,.F.);
#3714 = ORIENTED_EDGE('',*,*,#2481,.T.);
#3715 = CYLINDRICAL_SURFACE('',#3716,0.362132034356);
#3716 = AXIS2_PLACEMENT_3D('',#3717,#3718,#3719);
#3717 = CARTESIAN_POINT('',(-1.77,-1.275,0.472132034356));
#3718 = DIRECTION('',(0.,1.,-2.2E-16));
#3719 = DIRECTION('',(-1.,2.354E-31,1.07E-15));
#3720 = ADVANCED_FACE('',(#3721),#3732,.F.);
#3721 = FACE_BOUND('',#3722,.F.);
#3722 = EDGE_LOOP('',(#3723,#3724,#3725,#3731));
#3723 = ORIENTED_EDGE('',*,*,#2596,.T.);
#3724 = ORIENTED_EDGE('',*,*,#3301,.T.);
#3725 = ORIENTED_EDGE('',*,*,#3726,.F.);
#3726 = EDGE_CURVE('',#2613,#3302,#3727,.T.);
#3727 = LINE('',#3728,#3729);
#3728 = CARTESIAN_POINT('',(-4.47,-1.475,1.5));
#3729 = VECTOR('',#3730,1.);
#3730 = DIRECTION('',(1.,0.,0.));
#3731 = ORIENTED_EDGE('',*,*,#2622,.F.);
#3732 = CYLINDRICAL_SURFACE('',#3733,0.15);
#3733 = AXIS2_PLACEMENT_3D('',#3734,#3735,#3736);
#3734 = CARTESIAN_POINT('',(-4.47,-1.625,1.5));
#3735 = DIRECTION('',(1.,0.,0.));
#3736 = DIRECTION('',(-0.,1.E-16,1.));
#3737 = ADVANCED_FACE('',(#3738),#3749,.T.);
#3738 = FACE_BOUND('',#3739,.T.);
#3739 = EDGE_LOOP('',(#3740,#3741,#3742,#3743));
#3740 = ORIENTED_EDGE('',*,*,#3310,.F.);
#3741 = ORIENTED_EDGE('',*,*,#3726,.F.);
#3742 = ORIENTED_EDGE('',*,*,#2612,.T.);
#3743 = ORIENTED_EDGE('',*,*,#3744,.T.);
#3744 = EDGE_CURVE('',#2615,#3311,#3745,.T.);
#3745 = LINE('',#3746,#3747);
#3746 = CARTESIAN_POINT('',(-4.47,-1.475,-7.3E-16));
#3747 = VECTOR('',#3748,1.);
#3748 = DIRECTION('',(1.,0.,2.2E-16));
#3749 = PLANE('',#3750);
#3750 = AXIS2_PLACEMENT_3D('',#3751,#3752,#3753);
#3751 = CARTESIAN_POINT('',(-4.47,-1.475,1.65));
#3752 = DIRECTION('',(0.,-1.,-1.E-17));
#3753 = DIRECTION('',(1.,0.,0.));
#3754 = ADVANCED_FACE('',(#3755),#3766,.T.);
#3755 = FACE_BOUND('',#3756,.T.);
#3756 = EDGE_LOOP('',(#3757,#3758,#3759,#3765));
#3757 = ORIENTED_EDGE('',*,*,#3744,.F.);
#3758 = ORIENTED_EDGE('',*,*,#2752,.T.);
#3759 = ORIENTED_EDGE('',*,*,#3760,.T.);
#3760 = EDGE_CURVE('',#2744,#3319,#3761,.T.);
#3761 = LINE('',#3762,#3763);
#3762 = CARTESIAN_POINT('',(-4.47,-1.475,-0.43));
#3763 = VECTOR('',#3764,1.);
#3764 = DIRECTION('',(1.,0.,2.2E-16));
#3765 = ORIENTED_EDGE('',*,*,#3318,.F.);
#3766 = PLANE('',#3767);
#3767 = AXIS2_PLACEMENT_3D('',#3768,#3769,#3770);
#3768 = CARTESIAN_POINT('',(-4.47,-1.475,1.65));
#3769 = DIRECTION('',(0.,-1.,-1.E-17));
#3770 = DIRECTION('',(1.,0.,0.));
#3771 = ADVANCED_FACE('',(#3772),#3783,.T.);
#3772 = FACE_BOUND('',#3773,.T.);
#3773 = EDGE_LOOP('',(#3774,#3775,#3781,#3782));
#3774 = ORIENTED_EDGE('',*,*,#2743,.F.);
#3775 = ORIENTED_EDGE('',*,*,#3776,.T.);
#3776 = EDGE_CURVE('',#2736,#3327,#3777,.T.);
#3777 = LINE('',#3778,#3779);
#3778 = CARTESIAN_POINT('',(-4.47,-1.437330761275,-0.63));
#3779 = VECTOR('',#3780,1.);
#3780 = DIRECTION('',(1.,0.,2.2E-16));
#3781 = ORIENTED_EDGE('',*,*,#3326,.T.);
#3782 = ORIENTED_EDGE('',*,*,#3760,.F.);
#3783 = CYLINDRICAL_SURFACE('',#3784,0.549771815781);
#3784 = AXIS2_PLACEMENT_3D('',#3785,#3786,#3787);
#3785 = CARTESIAN_POINT('',(-4.47,-0.925228184219,-0.43));
#3786 = DIRECTION('',(-1.,-0.,-2.2E-16));
#3787 = DIRECTION('',(2.2E-16,-3.3E-16,-1.));
#3788 = ADVANCED_FACE('',(#3789),#3800,.F.);
#3789 = FACE_BOUND('',#3790,.F.);
#3790 = EDGE_LOOP('',(#3791,#3792,#3793,#3794));
#3791 = ORIENTED_EDGE('',*,*,#2735,.F.);
#3792 = ORIENTED_EDGE('',*,*,#3776,.T.);
#3793 = ORIENTED_EDGE('',*,*,#3335,.F.);
#3794 = ORIENTED_EDGE('',*,*,#3795,.F.);
#3795 = EDGE_CURVE('',#2727,#3336,#3796,.T.);
#3796 = LINE('',#3797,#3798);
#3797 = CARTESIAN_POINT('',(-4.47,-1.351410475044,-0.85));
#3798 = VECTOR('',#3799,1.);
#3799 = DIRECTION('',(1.,0.,2.2E-16));
#3800 = PLANE('',#3801);
#3801 = AXIS2_PLACEMENT_3D('',#3802,#3803,#3804);
#3802 = CARTESIAN_POINT('',(-4.47,-1.437330761275,-0.63));
#3803 = DIRECTION('',(-8.E-17,0.93148204829,0.363787291853));
#3804 = DIRECTION('',(2.1E-16,0.363787291853,-0.93148204829));
#3805 = ADVANCED_FACE('',(#3806),#3817,.T.);
#3806 = FACE_BOUND('',#3807,.T.);
#3807 = EDGE_LOOP('',(#3808,#3809,#3815,#3816));
#3808 = ORIENTED_EDGE('',*,*,#2726,.F.);
#3809 = ORIENTED_EDGE('',*,*,#3810,.T.);
#3810 = EDGE_CURVE('',#2719,#3344,#3811,.T.);
#3811 = LINE('',#3812,#3813);
#3812 = CARTESIAN_POINT('',(-4.47,-1.205,-0.95));
#3813 = VECTOR('',#3814,1.);
#3814 = DIRECTION('',(1.,0.,2.2E-16));
#3815 = ORIENTED_EDGE('',*,*,#3343,.T.);
#3816 = ORIENTED_EDGE('',*,*,#3795,.F.);
#3817 = CYLINDRICAL_SURFACE('',#3818,0.157180136013);
#3818 = AXIS2_PLACEMENT_3D('',#3819,#3820,#3821);
#3819 = CARTESIAN_POINT('',(-4.47,-1.205,-0.792819863987));
#3820 = DIRECTION('',(-1.,-0.,-2.2E-16));
#3821 = DIRECTION('',(2.2E-16,-3.3E-16,-1.));
#3822 = ADVANCED_FACE('',(#3823),#3834,.F.);
#3823 = FACE_BOUND('',#3824,.F.);
#3824 = EDGE_LOOP('',(#3825,#3826,#3827,#3833));
#3825 = ORIENTED_EDGE('',*,*,#2886,.T.);
#3826 = ORIENTED_EDGE('',*,*,#2632,.T.);
#3827 = ORIENTED_EDGE('',*,*,#3828,.F.);
#3828 = EDGE_CURVE('',#3282,#2633,#3829,.T.);
#3829 = LINE('',#3830,#3831);
#3830 = CARTESIAN_POINT('',(-4.17,-0.175,1.5));
#3831 = VECTOR('',#3832,1.);
#3832 = DIRECTION('',(-1.,0.,0.));
#3833 = ORIENTED_EDGE('',*,*,#3291,.F.);
#3834 = CYLINDRICAL_SURFACE('',#3835,0.15);
#3835 = AXIS2_PLACEMENT_3D('',#3836,#3837,#3838);
#3836 = CARTESIAN_POINT('',(-4.17,-2.5E-02,1.5));
#3837 = DIRECTION('',(-1.,0.,0.));
#3838 = DIRECTION('',(0.,1.E-16,1.));
#3839 = ADVANCED_FACE('',(#3840),#3851,.F.);
#3840 = FACE_BOUND('',#3841,.F.);
#3841 = EDGE_LOOP('',(#3842,#3843,#3844,#3845));
#3842 = ORIENTED_EDGE('',*,*,#2718,.F.);
#3843 = ORIENTED_EDGE('',*,*,#3810,.T.);
#3844 = ORIENTED_EDGE('',*,*,#3352,.F.);
#3845 = ORIENTED_EDGE('',*,*,#3846,.F.);
#3846 = EDGE_CURVE('',#2710,#3353,#3847,.T.);
#3847 = LINE('',#3848,#3849);
#3848 = CARTESIAN_POINT('',(-4.47,-0.945,-0.95));
#3849 = VECTOR('',#3850,1.);
#3850 = DIRECTION('',(1.,0.,2.2E-16));
#3851 = PLANE('',#3852);
#3852 = AXIS2_PLACEMENT_3D('',#3853,#3854,#3855);
#3853 = CARTESIAN_POINT('',(-4.47,-1.205,-0.95));
#3854 = DIRECTION('',(-2.2E-16,3.3E-16,1.));
#3855 = DIRECTION('',(0.,1.,-3.3E-16));
#3856 = ADVANCED_FACE('',(#3857),#3868,.T.);
#3857 = FACE_BOUND('',#3858,.T.);
#3858 = EDGE_LOOP('',(#3859,#3860,#3861,#3862));
#3859 = ORIENTED_EDGE('',*,*,#2641,.F.);
#3860 = ORIENTED_EDGE('',*,*,#3828,.F.);
#3861 = ORIENTED_EDGE('',*,*,#3281,.T.);
#3862 = ORIENTED_EDGE('',*,*,#3863,.T.);
#3863 = EDGE_CURVE('',#3284,#2642,#3864,.T.);
#3864 = LINE('',#3865,#3866);
#3865 = CARTESIAN_POINT('',(-4.17,-0.175,0.15));
#3866 = VECTOR('',#3867,1.);
#3867 = DIRECTION('',(-1.,-0.,-2.2E-16));
#3868 = PLANE('',#3869);
#3869 = AXIS2_PLACEMENT_3D('',#3870,#3871,#3872);
#3870 = CARTESIAN_POINT('',(-4.17,-0.175,1.65));
#3871 = DIRECTION('',(0.,1.,1.E-17));
#3872 = DIRECTION('',(-1.,0.,0.));
#3873 = ADVANCED_FACE('',(#3874),#3885,.T.);
#3874 = FACE_BOUND('',#3875,.T.);
#3875 = EDGE_LOOP('',(#3876,#3877,#3883,#3884));
#3876 = ORIENTED_EDGE('',*,*,#2709,.F.);
#3877 = ORIENTED_EDGE('',*,*,#3878,.T.);
#3878 = EDGE_CURVE('',#2702,#3361,#3879,.T.);
#3879 = LINE('',#3880,#3881);
#3880 = CARTESIAN_POINT('',(-4.47,-0.798589524956,-0.85));
#3881 = VECTOR('',#3882,1.);
#3882 = DIRECTION('',(1.,0.,2.2E-16));
#3883 = ORIENTED_EDGE('',*,*,#3360,.T.);
#3884 = ORIENTED_EDGE('',*,*,#3846,.F.);
#3885 = CYLINDRICAL_SURFACE('',#3886,0.157180136013);
#3886 = AXIS2_PLACEMENT_3D('',#3887,#3888,#3889);
#3887 = CARTESIAN_POINT('',(-4.47,-0.945,-0.792819863987));
#3888 = DIRECTION('',(-1.,-0.,-2.2E-16));
#3889 = DIRECTION('',(2.2E-16,-3.3E-16,-1.));
#3890 = ADVANCED_FACE('',(#3891),#3902,.T.);
#3891 = FACE_BOUND('',#3892,.T.);
#3892 = EDGE_LOOP('',(#3893,#3894,#3900,#3901));
#3893 = ORIENTED_EDGE('',*,*,#3420,.T.);
#3894 = ORIENTED_EDGE('',*,*,#3895,.T.);
#3895 = EDGE_CURVE('',#3413,#2650,#3896,.T.);
#3896 = LINE('',#3897,#3898);
#3897 = CARTESIAN_POINT('',(-4.17,-0.325,-1.13E-15));
#3898 = VECTOR('',#3899,1.);
#3899 = DIRECTION('',(-1.,-0.,-2.2E-16));
#3900 = ORIENTED_EDGE('',*,*,#2649,.F.);
#3901 = ORIENTED_EDGE('',*,*,#3863,.F.);
#3902 = CYLINDRICAL_SURFACE('',#3903,0.15);
#3903 = AXIS2_PLACEMENT_3D('',#3904,#3905,#3906);
#3904 = CARTESIAN_POINT('',(-4.17,-0.325,0.15));
#3905 = DIRECTION('',(-1.,-0.,-2.2E-16));
#3906 = DIRECTION('',(2.2E-32,1.,-1.E-16));
#3907 = ADVANCED_FACE('',(#3908),#3919,.F.);
#3908 = FACE_BOUND('',#3909,.F.);
#3909 = EDGE_LOOP('',(#3910,#3911,#3912,#3913));
#3910 = ORIENTED_EDGE('',*,*,#2701,.F.);
#3911 = ORIENTED_EDGE('',*,*,#3878,.T.);
#3912 = ORIENTED_EDGE('',*,*,#3369,.F.);
#3913 = ORIENTED_EDGE('',*,*,#3914,.F.);
#3914 = EDGE_CURVE('',#2693,#3370,#3915,.T.);
#3915 = LINE('',#3916,#3917);
#3916 = CARTESIAN_POINT('',(-4.47,-0.712669238725,-0.63));
#3917 = VECTOR('',#3918,1.);
#3918 = DIRECTION('',(1.,0.,2.2E-16));
#3919 = PLANE('',#3920);
#3920 = AXIS2_PLACEMENT_3D('',#3921,#3922,#3923);
#3921 = CARTESIAN_POINT('',(-4.47,-0.798589524956,-0.85));
#3922 = DIRECTION('',(-8.E-17,-0.93148204829,0.363787291853));
#3923 = DIRECTION('',(-2.1E-16,0.363787291853,0.93148204829));
#3924 = ADVANCED_FACE('',(#3925),#3936,.T.);
#3925 = FACE_BOUND('',#3926,.T.);
#3926 = EDGE_LOOP('',(#3927,#3928,#3929,#3930));
#3927 = ORIENTED_EDGE('',*,*,#2658,.F.);
#3928 = ORIENTED_EDGE('',*,*,#3895,.F.);
#3929 = ORIENTED_EDGE('',*,*,#3412,.F.);
#3930 = ORIENTED_EDGE('',*,*,#3931,.F.);
#3931 = EDGE_CURVE('',#2659,#3404,#3932,.T.);
#3932 = LINE('',#3933,#3934);
#3933 = CARTESIAN_POINT('',(-4.47,-0.435,-1.08E-15));
#3934 = VECTOR('',#3935,1.);
#3935 = DIRECTION('',(1.,0.,2.2E-16));
#3936 = PLANE('',#3937);
#3937 = AXIS2_PLACEMENT_3D('',#3938,#3939,#3940);
#3938 = CARTESIAN_POINT('',(-4.47,0.225,-1.3E-15));
#3939 = DIRECTION('',(2.2E-16,-3.3E-16,-1.));
#3940 = DIRECTION('',(0.,-1.,3.3E-16));
#3941 = ADVANCED_FACE('',(#3942),#3953,.T.);
#3942 = FACE_BOUND('',#3943,.T.);
#3943 = EDGE_LOOP('',(#3944,#3945,#3951,#3952));
#3944 = ORIENTED_EDGE('',*,*,#2692,.F.);
#3945 = ORIENTED_EDGE('',*,*,#3946,.T.);
#3946 = EDGE_CURVE('',#2685,#3378,#3947,.T.);
#3947 = LINE('',#3948,#3949);
#3948 = CARTESIAN_POINT('',(-4.47,-0.675,-0.43));
#3949 = VECTOR('',#3950,1.);
#3950 = DIRECTION('',(1.,0.,2.2E-16));
#3951 = ORIENTED_EDGE('',*,*,#3377,.T.);
#3952 = ORIENTED_EDGE('',*,*,#3914,.F.);
#3953 = CYLINDRICAL_SURFACE('',#3954,0.549771815781);
#3954 = AXIS2_PLACEMENT_3D('',#3955,#3956,#3957);
#3955 = CARTESIAN_POINT('',(-4.47,-1.224771815781,-0.43));
#3956 = DIRECTION('',(-1.,-0.,-2.2E-16));
#3957 = DIRECTION('',(2.2E-16,-3.3E-16,-1.));
#3958 = ADVANCED_FACE('',(#3959),#3970,.T.);
#3959 = FACE_BOUND('',#3960,.T.);
#3960 = EDGE_LOOP('',(#3961,#3962,#3963,#3964));
#3961 = ORIENTED_EDGE('',*,*,#2666,.F.);
#3962 = ORIENTED_EDGE('',*,*,#3931,.T.);
#3963 = ORIENTED_EDGE('',*,*,#3403,.T.);
#3964 = ORIENTED_EDGE('',*,*,#3965,.F.);
#3965 = EDGE_CURVE('',#2667,#3395,#3966,.T.);
#3966 = LINE('',#3967,#3968);
#3967 = CARTESIAN_POINT('',(-4.47,-0.555,4.970562748477E-02));
#3968 = VECTOR('',#3969,1.);
#3969 = DIRECTION('',(1.,0.,2.2E-16));
#3970 = CYLINDRICAL_SURFACE('',#3971,0.169705627485);
#3971 = AXIS2_PLACEMENT_3D('',#3972,#3973,#3974);
#3972 = CARTESIAN_POINT('',(-4.47,-0.435,0.169705627485));
#3973 = DIRECTION('',(-1.,-0.,-2.2E-16));
#3974 = DIRECTION('',(2.2E-16,-3.3E-16,-1.));
#3975 = ADVANCED_FACE('',(#3976),#3987,.F.);
#3976 = FACE_BOUND('',#3977,.F.);
#3977 = EDGE_LOOP('',(#3978,#3979,#3980,#3981));
#3978 = ORIENTED_EDGE('',*,*,#2684,.F.);
#3979 = ORIENTED_EDGE('',*,*,#3946,.T.);
#3980 = ORIENTED_EDGE('',*,*,#3386,.F.);
#3981 = ORIENTED_EDGE('',*,*,#3982,.F.);
#3982 = EDGE_CURVE('',#2676,#3387,#3983,.T.);
#3983 = LINE('',#3984,#3985);
#3984 = CARTESIAN_POINT('',(-4.47,-0.675,-1.E-15));
#3985 = VECTOR('',#3986,1.);
#3986 = DIRECTION('',(1.,0.,2.2E-16));
#3987 = PLANE('',#3988);
#3988 = AXIS2_PLACEMENT_3D('',#3989,#3990,#3991);
#3989 = CARTESIAN_POINT('',(-4.47,-0.675,-0.43));
#3990 = DIRECTION('',(0.,-1.,3.3E-16));
#3991 = DIRECTION('',(-2.2E-16,3.3E-16,1.));
#3992 = ADVANCED_FACE('',(#3993),#3999,.F.);
#3993 = FACE_BOUND('',#3994,.F.);
#3994 = EDGE_LOOP('',(#3995,#3996,#3997,#3998));
#3995 = ORIENTED_EDGE('',*,*,#2675,.F.);
#3996 = ORIENTED_EDGE('',*,*,#3982,.T.);
#3997 = ORIENTED_EDGE('',*,*,#3394,.T.);
#3998 = ORIENTED_EDGE('',*,*,#3965,.F.);
#3999 = CYLINDRICAL_SURFACE('',#4000,7.029437251523E-02);
#4000 = AXIS2_PLACEMENT_3D('',#4001,#4002,#4003);
#4001 = CARTESIAN_POINT('',(-4.47,-0.604705627485,-1.02E-15));
#4002 = DIRECTION('',(-1.,-0.,-2.2E-16));
#4003 = DIRECTION('',(2.2E-16,-3.3E-16,-1.));
#4004 = ADVANCED_FACE('',(#4005),#4016,.F.);
#4005 = FACE_BOUND('',#4006,.F.);
#4006 = EDGE_LOOP('',(#4007,#4008,#4009,#4015));
#4007 = ORIENTED_EDGE('',*,*,#2843,.T.);
#4008 = ORIENTED_EDGE('',*,*,#3130,.T.);
#4009 = ORIENTED_EDGE('',*,*,#4010,.F.);
#4010 = EDGE_CURVE('',#2808,#3123,#4011,.T.);
#4011 = LINE('',#4012,#4013);
#4012 = CARTESIAN_POINT('',(-4.185170055005,3.125,2.835007181099));
#4013 = VECTOR('',#4014,1.);
#4014 = DIRECTION('',(0.878817112662,-1.6E-16,-0.47715876026));
#4015 = ORIENTED_EDGE('',*,*,#2815,.F.);
#4016 = CYLINDRICAL_SURFACE('',#4017,0.15);
#4017 = AXIS2_PLACEMENT_3D('',#4018,#4019,#4020);
#4018 = CARTESIAN_POINT('',(-4.256743869044,3.125,2.703184614199));
#4019 = DIRECTION('',(0.878817112662,-1.6E-16,-0.47715876026));
#4020 = DIRECTION('',(-1.880633825392E-16,-1.,-1.105149748834E-17));
#4021 = ADVANCED_FACE('',(#4022),#4033,.F.);
#4022 = FACE_BOUND('',#4023,.F.);
#4023 = EDGE_LOOP('',(#4024,#4025,#4031,#4032));
#4024 = ORIENTED_EDGE('',*,*,#3122,.F.);
#4025 = ORIENTED_EDGE('',*,*,#4026,.F.);
#4026 = EDGE_CURVE('',#2795,#3106,#4027,.T.);
#4027 = LINE('',#4028,#4029);
#4028 = CARTESIAN_POINT('',(-4.185170055005,3.505,2.835007181099));
#4029 = VECTOR('',#4030,1.);
#4030 = DIRECTION('',(0.878817112662,-1.6E-16,-0.47715876026));
#4031 = ORIENTED_EDGE('',*,*,#2807,.T.);
#4032 = ORIENTED_EDGE('',*,*,#4010,.T.);
#4033 = PLANE('',#4034);
#4034 = AXIS2_PLACEMENT_3D('',#4035,#4036,#4037);
#4035 = CARTESIAN_POINT('',(-5.833541772067,3.655,3.73));
#4036 = DIRECTION('',(0.47715876026,-9.E-17,0.878817112662));
#4037 = DIRECTION('',(0.878817112662,5.E-17,-0.47715876026));
#4038 = ADVANCED_FACE('',(#4039),#4050,.T.);
#4039 = FACE_BOUND('',#4040,.T.);
#4040 = EDGE_LOOP('',(#4041,#4042,#4048,#4049));
#4041 = ORIENTED_EDGE('',*,*,#2794,.T.);
#4042 = ORIENTED_EDGE('',*,*,#4043,.T.);
#4043 = EDGE_CURVE('',#2786,#3097,#4044,.T.);
#4044 = LINE('',#4045,#4046);
#4045 = CARTESIAN_POINT('',(-4.113596240967,3.655,2.966829747998));
#4046 = VECTOR('',#4047,1.);
#4047 = DIRECTION('',(0.878817112662,-1.6E-16,-0.47715876026));
#4048 = ORIENTED_EDGE('',*,*,#3105,.F.);
#4049 = ORIENTED_EDGE('',*,*,#4026,.F.);
#4050 = CYLINDRICAL_SURFACE('',#4051,0.15);
#4051 = AXIS2_PLACEMENT_3D('',#4052,#4053,#4054);
#4052 = CARTESIAN_POINT('',(-4.113596240967,3.505,2.966829747998));
#4053 = DIRECTION('',(0.878817112662,-1.6E-16,-0.47715876026));
#4054 = DIRECTION('',(-0.47715876026,1.232595164408E-32,-0.878817112662)
  );
#4055 = ADVANCED_FACE('',(#4056),#4076,.T.);
#4056 = FACE_BOUND('',#4057,.T.);
#4057 = EDGE_LOOP('',(#4058,#4059,#4067,#4073,#4074,#4075));
#4058 = ORIENTED_EDGE('',*,*,#3476,.F.);
#4059 = ORIENTED_EDGE('',*,*,#4060,.T.);
#4060 = EDGE_CURVE('',#3477,#4061,#4063,.T.);
#4061 = VERTEX_POINT('',#4062);
#4062 = CARTESIAN_POINT('',(-2.85,3.655,3.01));
#4063 = LINE('',#4064,#4065);
#4064 = CARTESIAN_POINT('',(-2.85,3.655,3.31));
#4065 = VECTOR('',#4066,1.);
#4066 = DIRECTION('',(0.,-3.3E-16,-1.));
#4067 = ORIENTED_EDGE('',*,*,#4068,.T.);
#4068 = EDGE_CURVE('',#4061,#3089,#4069,.T.);
#4069 = LINE('',#4070,#4071);
#4070 = CARTESIAN_POINT('',(0.,3.655,3.01));
#4071 = VECTOR('',#4072,1.);
#4072 = DIRECTION('',(-1.,0.,0.));
#4073 = ORIENTED_EDGE('',*,*,#3096,.T.);
#4074 = ORIENTED_EDGE('',*,*,#4043,.F.);
#4075 = ORIENTED_EDGE('',*,*,#2785,.F.);
#4076 = PLANE('',#4077);
#4077 = AXIS2_PLACEMENT_3D('',#4078,#4079,#4080);
#4078 = CARTESIAN_POINT('',(-2.453655549214,3.655,1.73));
#4079 = DIRECTION('',(0.,1.,0.));
#4080 = DIRECTION('',(0.,-0.,1.));
#4081 = ADVANCED_FACE('',(#4082),#4093,.T.);
#4082 = FACE_BOUND('',#4083,.T.);
#4083 = EDGE_LOOP('',(#4084,#4085,#4086,#4092));
#4084 = ORIENTED_EDGE('',*,*,#2937,.F.);
#4085 = ORIENTED_EDGE('',*,*,#3258,.T.);
#4086 = ORIENTED_EDGE('',*,*,#4087,.F.);
#4087 = EDGE_CURVE('',#2971,#3251,#4088,.T.);
#4088 = LINE('',#4089,#4090);
#4089 = CARTESIAN_POINT('',(-4.47,3.655,0.1));
#4090 = VECTOR('',#4091,1.);
#4091 = DIRECTION('',(1.,0.,2.2E-16));
#4092 = ORIENTED_EDGE('',*,*,#2970,.F.);
#4093 = PLANE('',#4094);
#4094 = AXIS2_PLACEMENT_3D('',#4095,#4096,#4097);
#4095 = CARTESIAN_POINT('',(-4.17,3.655,1.43));
#4096 = DIRECTION('',(0.,1.,0.));
#4097 = DIRECTION('',(-1.,0.,0.));
#4098 = ADVANCED_FACE('',(#4099),#4115,.T.);
#4099 = FACE_BOUND('',#4100,.T.);
#4100 = EDGE_LOOP('',(#4101,#4102,#4108,#4109));
#4101 = ORIENTED_EDGE('',*,*,#3172,.F.);
#4102 = ORIENTED_EDGE('',*,*,#4103,.F.);
#4103 = EDGE_CURVE('',#2952,#3173,#4104,.T.);
#4104 = LINE('',#4105,#4106);
#4105 = CARTESIAN_POINT('',(-4.47,2.555,1.28));
#4106 = VECTOR('',#4107,1.);
#4107 = DIRECTION('',(1.,0.,0.));
#4108 = ORIENTED_EDGE('',*,*,#2951,.T.);
#4109 = ORIENTED_EDGE('',*,*,#4110,.T.);
#4110 = EDGE_CURVE('',#2954,#3175,#4111,.T.);
#4111 = LINE('',#4112,#4113);
#4112 = CARTESIAN_POINT('',(-4.47,2.555,0.1));
#4113 = VECTOR('',#4114,1.);
#4114 = DIRECTION('',(1.,0.,2.2E-16));
#4115 = PLANE('',#4116);
#4116 = AXIS2_PLACEMENT_3D('',#4117,#4118,#4119);
#4117 = CARTESIAN_POINT('',(-4.47,2.555,1.43));
#4118 = DIRECTION('',(0.,-1.,0.));
#4119 = DIRECTION('',(1.,0.,0.));
#4120 = ADVANCED_FACE('',(#4121),#4127,.F.);
#4121 = FACE_BOUND('',#4122,.F.);
#4122 = EDGE_LOOP('',(#4123,#4124,#4125,#4126));
#4123 = ORIENTED_EDGE('',*,*,#3063,.T.);
#4124 = ORIENTED_EDGE('',*,*,#3266,.T.);
#4125 = ORIENTED_EDGE('',*,*,#4103,.F.);
#4126 = ORIENTED_EDGE('',*,*,#2961,.F.);
#4127 = CYLINDRICAL_SURFACE('',#4128,0.15);
#4128 = AXIS2_PLACEMENT_3D('',#4129,#4130,#4131);
#4129 = CARTESIAN_POINT('',(-4.47,2.405,1.28));
#4130 = DIRECTION('',(1.,0.,0.));
#4131 = DIRECTION('',(-0.,1.1E-16,1.));
#4132 = ADVANCED_FACE('',(#4133),#4144,.T.);
#4133 = FACE_BOUND('',#4134,.T.);
#4134 = EDGE_LOOP('',(#4135,#4136,#4137,#4143));
#4135 = ORIENTED_EDGE('',*,*,#4110,.F.);
#4136 = ORIENTED_EDGE('',*,*,#3046,.T.);
#4137 = ORIENTED_EDGE('',*,*,#4138,.T.);
#4138 = EDGE_CURVE('',#3038,#3183,#4139,.T.);
#4139 = LINE('',#4140,#4141);
#4140 = CARTESIAN_POINT('',(-4.47,2.555,-0.33));
#4141 = VECTOR('',#4142,1.);
#4142 = DIRECTION('',(1.,0.,2.2E-16));
#4143 = ORIENTED_EDGE('',*,*,#3182,.F.);
#4144 = PLANE('',#4145);
#4145 = AXIS2_PLACEMENT_3D('',#4146,#4147,#4148);
#4146 = CARTESIAN_POINT('',(-4.47,2.555,1.43));
#4147 = DIRECTION('',(0.,-1.,0.));
#4148 = DIRECTION('',(1.,0.,0.));
#4149 = ADVANCED_FACE('',(#4150),#4161,.T.);
#4150 = FACE_BOUND('',#4151,.T.);
#4151 = EDGE_LOOP('',(#4152,#4153,#4159,#4160));
#4152 = ORIENTED_EDGE('',*,*,#3037,.F.);
#4153 = ORIENTED_EDGE('',*,*,#4154,.T.);
#4154 = EDGE_CURVE('',#3030,#3191,#4155,.T.);
#4155 = LINE('',#4156,#4157);
#4156 = CARTESIAN_POINT('',(-4.47,2.606891237095,-0.53));
#4157 = VECTOR('',#4158,1.);
#4158 = DIRECTION('',(1.,0.,2.2E-16));
#4159 = ORIENTED_EDGE('',*,*,#3190,.T.);
#4160 = ORIENTED_EDGE('',*,*,#4138,.F.);
#4161 = CYLINDRICAL_SURFACE('',#4162,0.411367148648);
#4162 = AXIS2_PLACEMENT_3D('',#4163,#4164,#4165);
#4163 = CARTESIAN_POINT('',(-4.47,2.966367148648,-0.33));
#4164 = DIRECTION('',(-1.,-0.,-2.2E-16));
#4165 = DIRECTION('',(2.2E-16,-3.3E-16,-1.));
#4166 = ADVANCED_FACE('',(#4167),#4178,.T.);
#4167 = FACE_BOUND('',#4168,.T.);
#4168 = EDGE_LOOP('',(#4169,#4170,#4176,#4177));
#4169 = ORIENTED_EDGE('',*,*,#3029,.F.);
#4170 = ORIENTED_EDGE('',*,*,#4171,.T.);
#4171 = EDGE_CURVE('',#3021,#3200,#4172,.T.);
#4172 = LINE('',#4173,#4174);
#4173 = CARTESIAN_POINT('',(-4.47,2.784928201306,-0.85));
#4174 = VECTOR('',#4175,1.);
#4175 = DIRECTION('',(1.,0.,2.2E-16));
#4176 = ORIENTED_EDGE('',*,*,#3199,.F.);
#4177 = ORIENTED_EDGE('',*,*,#4154,.F.);
#4178 = PLANE('',#4179);
#4179 = AXIS2_PLACEMENT_3D('',#4180,#4181,#4182);
#4180 = CARTESIAN_POINT('',(-4.47,2.784928201306,-0.85));
#4181 = DIRECTION('',(1.1E-16,-0.873856633264,-0.486183694195));
#4182 = DIRECTION('',(-1.9E-16,-0.486183694195,0.873856633264));
#4183 = ADVANCED_FACE('',(#4184),#4195,.T.);
#4184 = FACE_BOUND('',#4185,.T.);
#4185 = EDGE_LOOP('',(#4186,#4187,#4193,#4194));
#4186 = ORIENTED_EDGE('',*,*,#3020,.F.);
#4187 = ORIENTED_EDGE('',*,*,#4188,.T.);
#4188 = EDGE_CURVE('',#3013,#3208,#4189,.T.);
#4189 = LINE('',#4190,#4191);
#4190 = CARTESIAN_POINT('',(-4.47,2.955,-0.95));
#4191 = VECTOR('',#4192,1.);
#4192 = DIRECTION('',(1.,0.,2.2E-16));
#4193 = ORIENTED_EDGE('',*,*,#3207,.T.);
#4194 = ORIENTED_EDGE('',*,*,#4171,.F.);
#4195 = CYLINDRICAL_SURFACE('',#4196,0.194622083554);
#4196 = AXIS2_PLACEMENT_3D('',#4197,#4198,#4199);
#4197 = CARTESIAN_POINT('',(-4.47,2.955,-0.755377916446));
#4198 = DIRECTION('',(-1.,-0.,-2.2E-16));
#4199 = DIRECTION('',(2.2E-16,-3.3E-16,-1.));
#4200 = ADVANCED_FACE('',(#4201),#4212,.T.);
#4201 = FACE_BOUND('',#4202,.T.);
#4202 = EDGE_LOOP('',(#4203,#4204,#4205,#4211));
#4203 = ORIENTED_EDGE('',*,*,#4087,.T.);
#4204 = ORIENTED_EDGE('',*,*,#3250,.T.);
#4205 = ORIENTED_EDGE('',*,*,#4206,.F.);
#4206 = EDGE_CURVE('',#2979,#3242,#4207,.T.);
#4207 = LINE('',#4208,#4209);
#4208 = CARTESIAN_POINT('',(-4.47,3.655,-0.33));
#4209 = VECTOR('',#4210,1.);
#4210 = DIRECTION('',(1.,0.,2.2E-16));
#4211 = ORIENTED_EDGE('',*,*,#2978,.F.);
#4212 = PLANE('',#4213);
#4213 = AXIS2_PLACEMENT_3D('',#4214,#4215,#4216);
#4214 = CARTESIAN_POINT('',(-4.17,3.655,1.43));
#4215 = DIRECTION('',(0.,1.,0.));
#4216 = DIRECTION('',(-1.,0.,0.));
#4217 = ADVANCED_FACE('',(#4218),#4229,.F.);
#4218 = FACE_BOUND('',#4219,.F.);
#4219 = EDGE_LOOP('',(#4220,#4221,#4222,#4223));
#4220 = ORIENTED_EDGE('',*,*,#3012,.F.);
#4221 = ORIENTED_EDGE('',*,*,#4188,.T.);
#4222 = ORIENTED_EDGE('',*,*,#3216,.F.);
#4223 = ORIENTED_EDGE('',*,*,#4224,.F.);
#4224 = EDGE_CURVE('',#3004,#3217,#4225,.T.);
#4225 = LINE('',#4226,#4227);
#4226 = CARTESIAN_POINT('',(-4.47,3.255,-0.95));
#4227 = VECTOR('',#4228,1.);
#4228 = DIRECTION('',(1.,0.,2.2E-16));
#4229 = PLANE('',#4230);
#4230 = AXIS2_PLACEMENT_3D('',#4231,#4232,#4233);
#4231 = CARTESIAN_POINT('',(-4.47,2.955,-0.95));
#4232 = DIRECTION('',(-2.2E-16,3.3E-16,1.));
#4233 = DIRECTION('',(0.,1.,-3.3E-16));
#4234 = ADVANCED_FACE('',(#4235),#4246,.T.);
#4235 = FACE_BOUND('',#4236,.T.);
#4236 = EDGE_LOOP('',(#4237,#4238,#4239,#4240));
#4237 = ORIENTED_EDGE('',*,*,#2986,.F.);
#4238 = ORIENTED_EDGE('',*,*,#4206,.T.);
#4239 = ORIENTED_EDGE('',*,*,#3241,.T.);
#4240 = ORIENTED_EDGE('',*,*,#4241,.F.);
#4241 = EDGE_CURVE('',#2987,#3234,#4242,.T.);
#4242 = LINE('',#4243,#4244);
#4243 = CARTESIAN_POINT('',(-4.47,3.603108762905,-0.53));
#4244 = VECTOR('',#4245,1.);
#4245 = DIRECTION('',(1.,0.,2.2E-16));
#4246 = CYLINDRICAL_SURFACE('',#4247,0.411367148648);
#4247 = AXIS2_PLACEMENT_3D('',#4248,#4249,#4250);
#4248 = CARTESIAN_POINT('',(-4.47,3.243632851352,-0.33));
#4249 = DIRECTION('',(-1.,-0.,-2.2E-16));
#4250 = DIRECTION('',(2.2E-16,-3.3E-16,-1.));
#4251 = ADVANCED_FACE('',(#4252),#4263,.T.);
#4252 = FACE_BOUND('',#4253,.T.);
#4253 = EDGE_LOOP('',(#4254,#4255,#4261,#4262));
#4254 = ORIENTED_EDGE('',*,*,#3003,.F.);
#4255 = ORIENTED_EDGE('',*,*,#4256,.T.);
#4256 = EDGE_CURVE('',#2996,#3225,#4257,.T.);
#4257 = LINE('',#4258,#4259);
#4258 = CARTESIAN_POINT('',(-4.47,3.425071798694,-0.85));
#4259 = VECTOR('',#4260,1.);
#4260 = DIRECTION('',(1.,0.,2.2E-16));
#4261 = ORIENTED_EDGE('',*,*,#3224,.T.);
#4262 = ORIENTED_EDGE('',*,*,#4224,.F.);
#4263 = CYLINDRICAL_SURFACE('',#4264,0.194622083554);
#4264 = AXIS2_PLACEMENT_3D('',#4265,#4266,#4267);
#4265 = CARTESIAN_POINT('',(-4.47,3.255,-0.755377916446));
#4266 = DIRECTION('',(-1.,-0.,-2.2E-16));
#4267 = DIRECTION('',(2.2E-16,-3.3E-16,-1.));
#4268 = ADVANCED_FACE('',(#4269),#4275,.T.);
#4269 = FACE_BOUND('',#4270,.T.);
#4270 = EDGE_LOOP('',(#4271,#4272,#4273,#4274));
#4271 = ORIENTED_EDGE('',*,*,#2995,.F.);
#4272 = ORIENTED_EDGE('',*,*,#4241,.T.);
#4273 = ORIENTED_EDGE('',*,*,#3233,.F.);
#4274 = ORIENTED_EDGE('',*,*,#4256,.F.);
#4275 = PLANE('',#4276);
#4276 = AXIS2_PLACEMENT_3D('',#4277,#4278,#4279);
#4277 = CARTESIAN_POINT('',(-4.47,3.603108762905,-0.53));
#4278 = DIRECTION('',(1.1E-16,0.873856633264,-0.486183694195));
#4279 = DIRECTION('',(1.9E-16,-0.486183694195,-0.873856633264));
#4280 = ADVANCED_FACE('',(#4281,#4360),#4490,.F.);
#4281 = FACE_BOUND('',#4282,.F.);
#4282 = EDGE_LOOP('',(#4283,#4284,#4285,#4286,#4287,#4295,#4303,#4311,
    #4319,#4328,#4336,#4345,#4353));
#4283 = ORIENTED_EDGE('',*,*,#4068,.T.);
#4284 = ORIENTED_EDGE('',*,*,#3088,.F.);
#4285 = ORIENTED_EDGE('',*,*,#3460,.F.);
#4286 = ORIENTED_EDGE('',*,*,#3641,.T.);
#4287 = ORIENTED_EDGE('',*,*,#4288,.T.);
#4288 = EDGE_CURVE('',#3642,#4289,#4291,.T.);
#4289 = VERTEX_POINT('',#4290);
#4290 = CARTESIAN_POINT('',(-1.05,3.655,3.01));
#4291 = LINE('',#4292,#4293);
#4292 = CARTESIAN_POINT('',(0.,3.655,3.01));
#4293 = VECTOR('',#4294,1.);
#4294 = DIRECTION('',(-1.,0.,0.));
#4295 = ORIENTED_EDGE('',*,*,#4296,.T.);
#4296 = EDGE_CURVE('',#4289,#4297,#4299,.T.);
#4297 = VERTEX_POINT('',#4298);
#4298 = CARTESIAN_POINT('',(-1.05,2.955,3.01));
#4299 = LINE('',#4300,#4301);
#4300 = CARTESIAN_POINT('',(-1.05,-9.999999999999E-03,3.01));
#4301 = VECTOR('',#4302,1.);
#4302 = DIRECTION('',(0.,-1.,2.2E-16));
#4303 = ORIENTED_EDGE('',*,*,#4304,.T.);
#4304 = EDGE_CURVE('',#4297,#4305,#4307,.T.);
#4305 = VERTEX_POINT('',#4306);
#4306 = CARTESIAN_POINT('',(-1.05,2.805,3.01));
#4307 = LINE('',#4308,#4309);
#4308 = CARTESIAN_POINT('',(-1.05,-9.999999999998E-03,3.01));
#4309 = VECTOR('',#4310,1.);
#4310 = DIRECTION('',(0.,-1.,3.3E-16));
#4311 = ORIENTED_EDGE('',*,*,#4312,.T.);
#4312 = EDGE_CURVE('',#4305,#4313,#4315,.T.);
#4313 = VERTEX_POINT('',#4314);
#4314 = CARTESIAN_POINT('',(-1.05,2.655,3.01));
#4315 = LINE('',#4316,#4317);
#4316 = CARTESIAN_POINT('',(-1.05,-9.999999999999E-03,3.01));
#4317 = VECTOR('',#4318,1.);
#4318 = DIRECTION('',(0.,-1.,2.2E-16));
#4319 = ORIENTED_EDGE('',*,*,#4320,.T.);
#4320 = EDGE_CURVE('',#4313,#4321,#4323,.T.);
#4321 = VERTEX_POINT('',#4322);
#4322 = CARTESIAN_POINT('',(-1.2,2.505,3.01));
#4323 = CIRCLE('',#4324,0.15);
#4324 = AXIS2_PLACEMENT_3D('',#4325,#4326,#4327);
#4325 = CARTESIAN_POINT('',(-1.2,2.655,3.01));
#4326 = DIRECTION('',(0.,-3.3E-16,-1.));
#4327 = DIRECTION('',(0.,1.,-3.3E-16));
#4328 = ORIENTED_EDGE('',*,*,#4329,.T.);
#4329 = EDGE_CURVE('',#4321,#4330,#4332,.T.);
#4330 = VERTEX_POINT('',#4331);
#4331 = CARTESIAN_POINT('',(-2.55,2.505,3.01));
#4332 = LINE('',#4333,#4334);
#4333 = CARTESIAN_POINT('',(-0.525,2.505,3.01));
#4334 = VECTOR('',#4335,1.);
#4335 = DIRECTION('',(-1.,0.,0.));
#4336 = ORIENTED_EDGE('',*,*,#4337,.F.);
#4337 = EDGE_CURVE('',#4338,#4330,#4340,.T.);
#4338 = VERTEX_POINT('',#4339);
#4339 = CARTESIAN_POINT('',(-2.7,2.655,3.01));
#4340 = CIRCLE('',#4341,0.15);
#4341 = AXIS2_PLACEMENT_3D('',#4342,#4343,#4344);
#4342 = CARTESIAN_POINT('',(-2.55,2.655,3.01));
#4343 = DIRECTION('',(0.,3.3E-16,1.));
#4344 = DIRECTION('',(0.,1.,-3.3E-16));
#4345 = ORIENTED_EDGE('',*,*,#4346,.T.);
#4346 = EDGE_CURVE('',#4338,#4347,#4349,.T.);
#4347 = VERTEX_POINT('',#4348);
#4348 = CARTESIAN_POINT('',(-2.7,3.505,3.01));
#4349 = LINE('',#4350,#4351);
#4350 = CARTESIAN_POINT('',(-2.7,-0.585,3.01));
#4351 = VECTOR('',#4352,1.);
#4352 = DIRECTION('',(0.,1.,-2.2E-16));
#4353 = ORIENTED_EDGE('',*,*,#4354,.F.);
#4354 = EDGE_CURVE('',#4061,#4347,#4355,.T.);
#4355 = CIRCLE('',#4356,0.15);
#4356 = AXIS2_PLACEMENT_3D('',#4357,#4358,#4359);
#4357 = CARTESIAN_POINT('',(-2.85,3.505,3.01));
#4358 = DIRECTION('',(0.,-3.3E-16,-1.));
#4359 = DIRECTION('',(0.,1.,-3.3E-16));
#4360 = FACE_BOUND('',#4361,.F.);
#4361 = EDGE_LOOP('',(#4362,#4372,#4380,#4388,#4396,#4404,#4412,#4420,
    #4428,#4436,#4444,#4452,#4460,#4468,#4476,#4484));
#4362 = ORIENTED_EDGE('',*,*,#4363,.T.);
#4363 = EDGE_CURVE('',#4364,#4366,#4368,.T.);
#4364 = VERTEX_POINT('',#4365);
#4365 = CARTESIAN_POINT('',(-1.16,1.625,3.01));
#4366 = VERTEX_POINT('',#4367);
#4367 = CARTESIAN_POINT('',(-1.16,1.125,3.01));
#4368 = LINE('',#4369,#4370);
#4369 = CARTESIAN_POINT('',(-1.16,-1.025,3.01));
#4370 = VECTOR('',#4371,1.);
#4371 = DIRECTION('',(0.,-1.,2.2E-16));
#4372 = ORIENTED_EDGE('',*,*,#4373,.T.);
#4373 = EDGE_CURVE('',#4366,#4374,#4376,.T.);
#4374 = VERTEX_POINT('',#4375);
#4375 = CARTESIAN_POINT('',(-1.21,1.125,3.01));
#4376 = LINE('',#4377,#4378);
#4377 = CARTESIAN_POINT('',(-0.58,1.125,3.01));
#4378 = VECTOR('',#4379,1.);
#4379 = DIRECTION('',(-1.,0.,0.));
#4380 = ORIENTED_EDGE('',*,*,#4381,.T.);
#4381 = EDGE_CURVE('',#4374,#4382,#4384,.T.);
#4382 = VERTEX_POINT('',#4383);
#4383 = CARTESIAN_POINT('',(-1.272132034356,1.125,3.01));
#4384 = LINE('',#4385,#4386);
#4385 = CARTESIAN_POINT('',(-0.58,1.125,3.01));
#4386 = VECTOR('',#4387,1.);
#4387 = DIRECTION('',(-1.,0.,0.));
#4388 = ORIENTED_EDGE('',*,*,#4389,.T.);
#4389 = EDGE_CURVE('',#4382,#4390,#4392,.T.);
#4390 = VERTEX_POINT('',#4391);
#4391 = CARTESIAN_POINT('',(-1.66,1.125,3.01));
#4392 = LINE('',#4393,#4394);
#4393 = CARTESIAN_POINT('',(-0.58,1.125,3.01));
#4394 = VECTOR('',#4395,1.);
#4395 = DIRECTION('',(-1.,0.,0.));
#4396 = ORIENTED_EDGE('',*,*,#4397,.T.);
#4397 = EDGE_CURVE('',#4390,#4398,#4400,.T.);
#4398 = VERTEX_POINT('',#4399);
#4399 = CARTESIAN_POINT('',(-1.88,1.125,3.01));
#4400 = LINE('',#4401,#4402);
#4401 = CARTESIAN_POINT('',(-0.58,1.125,3.01));
#4402 = VECTOR('',#4403,1.);
#4403 = DIRECTION('',(-1.,0.,0.));
#4404 = ORIENTED_EDGE('',*,*,#4405,.T.);
#4405 = EDGE_CURVE('',#4398,#4406,#4408,.T.);
#4406 = VERTEX_POINT('',#4407);
#4407 = CARTESIAN_POINT('',(-2.267867965644,1.125,3.01));
#4408 = LINE('',#4409,#4410);
#4409 = CARTESIAN_POINT('',(-0.58,1.125,3.01));
#4410 = VECTOR('',#4411,1.);
#4411 = DIRECTION('',(-1.,0.,0.));
#4412 = ORIENTED_EDGE('',*,*,#4413,.T.);
#4413 = EDGE_CURVE('',#4406,#4414,#4416,.T.);
#4414 = VERTEX_POINT('',#4415);
#4415 = CARTESIAN_POINT('',(-2.33,1.125,3.01));
#4416 = LINE('',#4417,#4418);
#4417 = CARTESIAN_POINT('',(-0.58,1.125,3.01));
#4418 = VECTOR('',#4419,1.);
#4419 = DIRECTION('',(-1.,0.,0.));
#4420 = ORIENTED_EDGE('',*,*,#4421,.T.);
#4421 = EDGE_CURVE('',#4414,#4422,#4424,.T.);
#4422 = VERTEX_POINT('',#4423);
#4423 = CARTESIAN_POINT('',(-2.38,1.125,3.01));
#4424 = LINE('',#4425,#4426);
#4425 = CARTESIAN_POINT('',(-0.58,1.125,3.01));
#4426 = VECTOR('',#4427,1.);
#4427 = DIRECTION('',(-1.,0.,0.));
#4428 = ORIENTED_EDGE('',*,*,#4429,.T.);
#4429 = EDGE_CURVE('',#4422,#4430,#4432,.T.);
#4430 = VERTEX_POINT('',#4431);
#4431 = CARTESIAN_POINT('',(-2.38,1.625,3.01));
#4432 = LINE('',#4433,#4434);
#4433 = CARTESIAN_POINT('',(-2.38,-1.275,3.01));
#4434 = VECTOR('',#4435,1.);
#4435 = DIRECTION('',(0.,1.,-2.2E-16));
#4436 = ORIENTED_EDGE('',*,*,#4437,.T.);
#4437 = EDGE_CURVE('',#4430,#4438,#4440,.T.);
#4438 = VERTEX_POINT('',#4439);
#4439 = CARTESIAN_POINT('',(-2.33,1.625,3.01));
#4440 = LINE('',#4441,#4442);
#4441 = CARTESIAN_POINT('',(-1.19,1.625,3.01));
#4442 = VECTOR('',#4443,1.);
#4443 = DIRECTION('',(1.,0.,0.));
#4444 = ORIENTED_EDGE('',*,*,#4445,.T.);
#4445 = EDGE_CURVE('',#4438,#4446,#4448,.T.);
#4446 = VERTEX_POINT('',#4447);
#4447 = CARTESIAN_POINT('',(-2.267867965644,1.625,3.01));
#4448 = LINE('',#4449,#4450);
#4449 = CARTESIAN_POINT('',(-1.19,1.625,3.01));
#4450 = VECTOR('',#4451,1.);
#4451 = DIRECTION('',(1.,0.,0.));
#4452 = ORIENTED_EDGE('',*,*,#4453,.T.);
#4453 = EDGE_CURVE('',#4446,#4454,#4456,.T.);
#4454 = VERTEX_POINT('',#4455);
#4455 = CARTESIAN_POINT('',(-1.88,1.625,3.01));
#4456 = LINE('',#4457,#4458);
#4457 = CARTESIAN_POINT('',(-1.19,1.625,3.01));
#4458 = VECTOR('',#4459,1.);
#4459 = DIRECTION('',(1.,0.,0.));
#4460 = ORIENTED_EDGE('',*,*,#4461,.T.);
#4461 = EDGE_CURVE('',#4454,#4462,#4464,.T.);
#4462 = VERTEX_POINT('',#4463);
#4463 = CARTESIAN_POINT('',(-1.66,1.625,3.01));
#4464 = LINE('',#4465,#4466);
#4465 = CARTESIAN_POINT('',(-1.19,1.625,3.01));
#4466 = VECTOR('',#4467,1.);
#4467 = DIRECTION('',(1.,0.,0.));
#4468 = ORIENTED_EDGE('',*,*,#4469,.T.);
#4469 = EDGE_CURVE('',#4462,#4470,#4472,.T.);
#4470 = VERTEX_POINT('',#4471);
#4471 = CARTESIAN_POINT('',(-1.272132034356,1.625,3.01));
#4472 = LINE('',#4473,#4474);
#4473 = CARTESIAN_POINT('',(-1.19,1.625,3.01));
#4474 = VECTOR('',#4475,1.);
#4475 = DIRECTION('',(1.,0.,0.));
#4476 = ORIENTED_EDGE('',*,*,#4477,.T.);
#4477 = EDGE_CURVE('',#4470,#4478,#4480,.T.);
#4478 = VERTEX_POINT('',#4479);
#4479 = CARTESIAN_POINT('',(-1.21,1.625,3.01));
#4480 = LINE('',#4481,#4482);
#4481 = CARTESIAN_POINT('',(-1.19,1.625,3.01));
#4482 = VECTOR('',#4483,1.);
#4483 = DIRECTION('',(1.,0.,0.));
#4484 = ORIENTED_EDGE('',*,*,#4485,.T.);
#4485 = EDGE_CURVE('',#4478,#4364,#4486,.T.);
#4486 = LINE('',#4487,#4488);
#4487 = CARTESIAN_POINT('',(-1.19,1.625,3.01));
#4488 = VECTOR('',#4489,1.);
#4489 = DIRECTION('',(1.,0.,0.));
#4490 = PLANE('',#4491);
#4491 = AXIS2_PLACEMENT_3D('',#4492,#4493,#4494);
#4492 = CARTESIAN_POINT('',(0.,-3.675,3.01));
#4493 = DIRECTION('',(0.,2.2E-16,1.));
#4494 = DIRECTION('',(-1.,0.,0.));
#4495 = ADVANCED_FACE('',(#4496),#4507,.T.);
#4496 = FACE_BOUND('',#4497,.T.);
#4497 = EDGE_LOOP('',(#4498,#4499,#4505,#4506));
#4498 = ORIENTED_EDGE('',*,*,#3560,.T.);
#4499 = ORIENTED_EDGE('',*,*,#4500,.T.);
#4500 = EDGE_CURVE('',#3553,#4347,#4501,.T.);
#4501 = LINE('',#4502,#4503);
#4502 = CARTESIAN_POINT('',(-2.7,3.505,3.31));
#4503 = VECTOR('',#4504,1.);
#4504 = DIRECTION('',(0.,-3.3E-16,-1.));
#4505 = ORIENTED_EDGE('',*,*,#4354,.F.);
#4506 = ORIENTED_EDGE('',*,*,#4060,.F.);
#4507 = CYLINDRICAL_SURFACE('',#4508,0.15);
#4508 = AXIS2_PLACEMENT_3D('',#4509,#4510,#4511);
#4509 = CARTESIAN_POINT('',(-2.85,3.505,3.31));
#4510 = DIRECTION('',(0.,-3.3E-16,-1.));
#4511 = DIRECTION('',(0.,1.,-3.3E-16));
#4512 = ADVANCED_FACE('',(#4513),#4524,.T.);
#4513 = FACE_BOUND('',#4514,.T.);
#4514 = EDGE_LOOP('',(#4515,#4516,#4522,#4523));
#4515 = ORIENTED_EDGE('',*,*,#3552,.F.);
#4516 = ORIENTED_EDGE('',*,*,#4517,.T.);
#4517 = EDGE_CURVE('',#3544,#4338,#4518,.T.);
#4518 = LINE('',#4519,#4520);
#4519 = CARTESIAN_POINT('',(-2.7,2.655,3.31));
#4520 = VECTOR('',#4521,1.);
#4521 = DIRECTION('',(0.,-3.3E-16,-1.));
#4522 = ORIENTED_EDGE('',*,*,#4346,.T.);
#4523 = ORIENTED_EDGE('',*,*,#4500,.F.);
#4524 = PLANE('',#4525);
#4525 = AXIS2_PLACEMENT_3D('',#4526,#4527,#4528);
#4526 = CARTESIAN_POINT('',(-2.7,2.505,3.31));
#4527 = DIRECTION('',(1.,0.,0.));
#4528 = DIRECTION('',(0.,1.,-2.2E-16));
#4529 = ADVANCED_FACE('',(#4530),#4541,.F.);
#4530 = FACE_BOUND('',#4531,.F.);
#4531 = EDGE_LOOP('',(#4532,#4533,#4534,#4540));
#4532 = ORIENTED_EDGE('',*,*,#4517,.T.);
#4533 = ORIENTED_EDGE('',*,*,#4337,.T.);
#4534 = ORIENTED_EDGE('',*,*,#4535,.F.);
#4535 = EDGE_CURVE('',#3536,#4330,#4536,.T.);
#4536 = LINE('',#4537,#4538);
#4537 = CARTESIAN_POINT('',(-2.55,2.505,3.31));
#4538 = VECTOR('',#4539,1.);
#4539 = DIRECTION('',(0.,-3.3E-16,-1.));
#4540 = ORIENTED_EDGE('',*,*,#3543,.F.);
#4541 = CYLINDRICAL_SURFACE('',#4542,0.15);
#4542 = AXIS2_PLACEMENT_3D('',#4543,#4544,#4545);
#4543 = CARTESIAN_POINT('',(-2.55,2.655,3.31));
#4544 = DIRECTION('',(0.,-3.3E-16,-1.));
#4545 = DIRECTION('',(-1.,-0.,0.));
#4546 = ADVANCED_FACE('',(#4547),#4558,.T.);
#4547 = FACE_BOUND('',#4548,.T.);
#4548 = EDGE_LOOP('',(#4549,#4550,#4556,#4557));
#4549 = ORIENTED_EDGE('',*,*,#3535,.F.);
#4550 = ORIENTED_EDGE('',*,*,#4551,.T.);
#4551 = EDGE_CURVE('',#3527,#4321,#4552,.T.);
#4552 = LINE('',#4553,#4554);
#4553 = CARTESIAN_POINT('',(-1.2,2.505,3.31));
#4554 = VECTOR('',#4555,1.);
#4555 = DIRECTION('',(0.,-3.3E-16,-1.));
#4556 = ORIENTED_EDGE('',*,*,#4329,.T.);
#4557 = ORIENTED_EDGE('',*,*,#4535,.F.);
#4558 = PLANE('',#4559);
#4559 = AXIS2_PLACEMENT_3D('',#4560,#4561,#4562);
#4560 = CARTESIAN_POINT('',(-1.05,2.505,3.31));
#4561 = DIRECTION('',(0.,1.,-2.2E-16));
#4562 = DIRECTION('',(-1.,0.,0.));
#4563 = ADVANCED_FACE('',(#4564),#4575,.T.);
#4564 = FACE_BOUND('',#4565,.T.);
#4565 = EDGE_LOOP('',(#4566,#4567,#4568,#4569));
#4566 = ORIENTED_EDGE('',*,*,#3494,.F.);
#4567 = ORIENTED_EDGE('',*,*,#3652,.T.);
#4568 = ORIENTED_EDGE('',*,*,#4288,.T.);
#4569 = ORIENTED_EDGE('',*,*,#4570,.F.);
#4570 = EDGE_CURVE('',#3495,#4289,#4571,.T.);
#4571 = LINE('',#4572,#4573);
#4572 = CARTESIAN_POINT('',(-1.05,3.655,3.31));
#4573 = VECTOR('',#4574,1.);
#4574 = DIRECTION('',(0.,-2.2E-16,-1.));
#4575 = PLANE('',#4576);
#4576 = AXIS2_PLACEMENT_3D('',#4577,#4578,#4579);
#4577 = CARTESIAN_POINT('',(-2.453655549214,3.655,1.73));
#4578 = DIRECTION('',(0.,1.,0.));
#4579 = DIRECTION('',(0.,-0.,1.));
#4580 = ADVANCED_FACE('',(#4581),#4592,.F.);
#4581 = FACE_BOUND('',#4582,.F.);
#4582 = EDGE_LOOP('',(#4583,#4584,#4585,#4586));
#4583 = ORIENTED_EDGE('',*,*,#3526,.T.);
#4584 = ORIENTED_EDGE('',*,*,#4551,.T.);
#4585 = ORIENTED_EDGE('',*,*,#4320,.F.);
#4586 = ORIENTED_EDGE('',*,*,#4587,.F.);
#4587 = EDGE_CURVE('',#3519,#4313,#4588,.T.);
#4588 = LINE('',#4589,#4590);
#4589 = CARTESIAN_POINT('',(-1.05,2.655,3.31));
#4590 = VECTOR('',#4591,1.);
#4591 = DIRECTION('',(0.,-3.3E-16,-1.));
#4592 = CYLINDRICAL_SURFACE('',#4593,0.15);
#4593 = AXIS2_PLACEMENT_3D('',#4594,#4595,#4596);
#4594 = CARTESIAN_POINT('',(-1.2,2.655,3.31));
#4595 = DIRECTION('',(0.,-3.3E-16,-1.));
#4596 = DIRECTION('',(1.,0.,0.));
#4597 = ADVANCED_FACE('',(#4598),#4633,.T.);
#4598 = FACE_BOUND('',#4599,.T.);
#4599 = EDGE_LOOP('',(#4600,#4610,#4617,#4618,#4619,#4627));
#4600 = ORIENTED_EDGE('',*,*,#4601,.T.);
#4601 = EDGE_CURVE('',#4602,#4604,#4606,.T.);
#4602 = VERTEX_POINT('',#4603);
#4603 = CARTESIAN_POINT('',(-1.21,2.955,3.31));
#4604 = VERTEX_POINT('',#4605);
#4605 = CARTESIAN_POINT('',(-1.2,2.955,3.31));
#4606 = LINE('',#4607,#4608);
#4607 = CARTESIAN_POINT('',(-1.21,2.955,3.31));
#4608 = VECTOR('',#4609,1.);
#4609 = DIRECTION('',(1.,0.,0.));
#4610 = ORIENTED_EDGE('',*,*,#4611,.F.);
#4611 = EDGE_CURVE('',#3511,#4604,#4612,.T.);
#4612 = CIRCLE('',#4613,0.15);
#4613 = AXIS2_PLACEMENT_3D('',#4614,#4615,#4616);
#4614 = CARTESIAN_POINT('',(-1.2,2.805,3.31));
#4615 = DIRECTION('',(-2.2E-16,3.3E-16,1.));
#4616 = DIRECTION('',(1.,0.,2.2E-16));
#4617 = ORIENTED_EDGE('',*,*,#3510,.F.);
#4618 = ORIENTED_EDGE('',*,*,#3502,.F.);
#4619 = ORIENTED_EDGE('',*,*,#4620,.F.);
#4620 = EDGE_CURVE('',#4621,#3495,#4623,.T.);
#4621 = VERTEX_POINT('',#4622);
#4622 = CARTESIAN_POINT('',(-1.21,3.655,3.31));
#4623 = LINE('',#4624,#4625);
#4624 = CARTESIAN_POINT('',(-1.21,3.655,3.31));
#4625 = VECTOR('',#4626,1.);
#4626 = DIRECTION('',(1.,0.,2.2E-16));
#4627 = ORIENTED_EDGE('',*,*,#4628,.F.);
#4628 = EDGE_CURVE('',#4602,#4621,#4629,.T.);
#4629 = LINE('',#4630,#4631);
#4630 = CARTESIAN_POINT('',(-1.21,3.655,3.31));
#4631 = VECTOR('',#4632,1.);
#4632 = DIRECTION('',(0.,1.,-2.2E-16));
#4633 = PLANE('',#4634);
#4634 = AXIS2_PLACEMENT_3D('',#4635,#4636,#4637);
#4635 = CARTESIAN_POINT('',(-1.21,3.655,3.31));
#4636 = DIRECTION('',(0.,2.2E-16,1.));
#4637 = DIRECTION('',(0.,-1.,2.2E-16));
#4638 = ADVANCED_FACE('',(#4639),#4650,.T.);
#4639 = FACE_BOUND('',#4640,.T.);
#4640 = EDGE_LOOP('',(#4641,#4642,#4648,#4649));
#4641 = ORIENTED_EDGE('',*,*,#3518,.F.);
#4642 = ORIENTED_EDGE('',*,*,#4643,.T.);
#4643 = EDGE_CURVE('',#3511,#4305,#4644,.T.);
#4644 = LINE('',#4645,#4646);
#4645 = CARTESIAN_POINT('',(-1.05,2.805,3.31));
#4646 = VECTOR('',#4647,1.);
#4647 = DIRECTION('',(2.2E-16,-3.3E-16,-1.));
#4648 = ORIENTED_EDGE('',*,*,#4312,.T.);
#4649 = ORIENTED_EDGE('',*,*,#4587,.F.);
#4650 = PLANE('',#4651);
#4651 = AXIS2_PLACEMENT_3D('',#4652,#4653,#4654);
#4652 = CARTESIAN_POINT('',(-1.05,3.655,3.31));
#4653 = DIRECTION('',(-1.,0.,0.));
#4654 = DIRECTION('',(0.,-1.,2.2E-16));
#4655 = ADVANCED_FACE('',(#4656),#4667,.T.);
#4656 = FACE_BOUND('',#4657,.F.);
#4657 = EDGE_LOOP('',(#4658,#4659,#4660,#4661));
#4658 = ORIENTED_EDGE('',*,*,#3627,.T.);
#4659 = ORIENTED_EDGE('',*,*,#3569,.T.);
#4660 = ORIENTED_EDGE('',*,*,#3579,.T.);
#4661 = ORIENTED_EDGE('',*,*,#4662,.F.);
#4662 = EDGE_CURVE('',#3620,#3580,#4663,.T.);
#4663 = LINE('',#4664,#4665);
#4664 = CARTESIAN_POINT('',(-1.21,1.125,3.31));
#4665 = VECTOR('',#4666,1.);
#4666 = DIRECTION('',(0.,-1.,1.1E-16));
#4667 = PLANE('',#4668);
#4668 = AXIS2_PLACEMENT_3D('',#4669,#4670,#4671);
#4669 = CARTESIAN_POINT('',(-1.21,1.125,3.31));
#4670 = DIRECTION('',(0.,1.1E-16,1.));
#4671 = DIRECTION('',(0.,1.,-1.1E-16));
#4672 = ADVANCED_FACE('',(#4673),#4684,.T.);
#4673 = FACE_BOUND('',#4674,.T.);
#4674 = EDGE_LOOP('',(#4675,#4676,#4677,#4678));
#4675 = ORIENTED_EDGE('',*,*,#3611,.F.);
#4676 = ORIENTED_EDGE('',*,*,#3603,.F.);
#4677 = ORIENTED_EDGE('',*,*,#3595,.F.);
#4678 = ORIENTED_EDGE('',*,*,#4679,.F.);
#4679 = EDGE_CURVE('',#3612,#3588,#4680,.T.);
#4680 = LINE('',#4681,#4682);
#4681 = CARTESIAN_POINT('',(-2.33,1.125,3.31));
#4682 = VECTOR('',#4683,1.);
#4683 = DIRECTION('',(0.,-1.,1.1E-16));
#4684 = PLANE('',#4685);
#4685 = AXIS2_PLACEMENT_3D('',#4686,#4687,#4688);
#4686 = CARTESIAN_POINT('',(-2.33,1.125,3.31));
#4687 = DIRECTION('',(0.,1.1E-16,1.));
#4688 = DIRECTION('',(0.,-1.,1.1E-16));
#4689 = ADVANCED_FACE('',(#4690),#4724,.T.);
#4690 = FACE_BOUND('',#4691,.T.);
#4691 = EDGE_LOOP('',(#4692,#4693,#4702,#4708,#4709,#4717));
#4692 = ORIENTED_EDGE('',*,*,#3619,.F.);
#4693 = ORIENTED_EDGE('',*,*,#4694,.T.);
#4694 = EDGE_CURVE('',#3612,#4695,#4697,.T.);
#4695 = VERTEX_POINT('',#4696);
#4696 = CARTESIAN_POINT('',(-2.073933982822,1.625,3.203933982822));
#4697 = CIRCLE('',#4698,0.362132034356);
#4698 = AXIS2_PLACEMENT_3D('',#4699,#4700,#4701);
#4699 = CARTESIAN_POINT('',(-2.33,1.625,2.947867965644));
#4700 = DIRECTION('',(0.,1.,-2.2E-16));
#4701 = DIRECTION('',(1.,2.706E-31,1.23E-15));
#4702 = ORIENTED_EDGE('',*,*,#4703,.T.);
#4703 = EDGE_CURVE('',#4695,#4454,#4704,.T.);
#4704 = LINE('',#4705,#4706);
#4705 = CARTESIAN_POINT('',(-2.073933982822,1.625,3.203933982822));
#4706 = VECTOR('',#4707,1.);
#4707 = DIRECTION('',(0.707106781187,8.E-17,-0.707106781187));
#4708 = ORIENTED_EDGE('',*,*,#4461,.T.);
#4709 = ORIENTED_EDGE('',*,*,#4710,.F.);
#4710 = EDGE_CURVE('',#4711,#4462,#4713,.T.);
#4711 = VERTEX_POINT('',#4712);
#4712 = CARTESIAN_POINT('',(-1.466066017178,1.625,3.203933982822));
#4713 = LINE('',#4714,#4715);
#4714 = CARTESIAN_POINT('',(-1.466066017178,1.625,3.203933982822));
#4715 = VECTOR('',#4716,1.);
#4716 = DIRECTION('',(-0.707106781187,8.E-17,-0.707106781187));
#4717 = ORIENTED_EDGE('',*,*,#4718,.F.);
#4718 = EDGE_CURVE('',#3620,#4711,#4719,.T.);
#4719 = CIRCLE('',#4720,0.362132034356);
#4720 = AXIS2_PLACEMENT_3D('',#4721,#4722,#4723);
#4721 = CARTESIAN_POINT('',(-1.21,1.625,2.947867965644));
#4722 = DIRECTION('',(0.,-1.,2.2E-16));
#4723 = DIRECTION('',(-1.,2.706E-31,1.23E-15));
#4724 = PLANE('',#4725);
#4725 = AXIS2_PLACEMENT_3D('',#4726,#4727,#4728);
#4726 = CARTESIAN_POINT('',(-2.38,1.625,3.31));
#4727 = DIRECTION('',(0.,-1.,2.2E-16));
#4728 = DIRECTION('',(1.,0.,0.));
#4729 = ADVANCED_FACE('',(#4730),#4764,.T.);
#4730 = FACE_BOUND('',#4731,.T.);
#4731 = EDGE_LOOP('',(#4732,#4733,#4742,#4748,#4749,#4757));
#4732 = ORIENTED_EDGE('',*,*,#3587,.F.);
#4733 = ORIENTED_EDGE('',*,*,#4734,.T.);
#4734 = EDGE_CURVE('',#3580,#4735,#4737,.T.);
#4735 = VERTEX_POINT('',#4736);
#4736 = CARTESIAN_POINT('',(-1.466066017178,1.125,3.203933982822));
#4737 = CIRCLE('',#4738,0.362132034356);
#4738 = AXIS2_PLACEMENT_3D('',#4739,#4740,#4741);
#4739 = CARTESIAN_POINT('',(-1.21,1.125,2.947867965644));
#4740 = DIRECTION('',(0.,-1.,2.2E-16));
#4741 = DIRECTION('',(-1.,2.706E-31,1.23E-15));
#4742 = ORIENTED_EDGE('',*,*,#4743,.T.);
#4743 = EDGE_CURVE('',#4735,#4390,#4744,.T.);
#4744 = LINE('',#4745,#4746);
#4745 = CARTESIAN_POINT('',(-1.466066017178,1.125,3.203933982822));
#4746 = VECTOR('',#4747,1.);
#4747 = DIRECTION('',(-0.707106781187,8.E-17,-0.707106781187));
#4748 = ORIENTED_EDGE('',*,*,#4397,.T.);
#4749 = ORIENTED_EDGE('',*,*,#4750,.F.);
#4750 = EDGE_CURVE('',#4751,#4398,#4753,.T.);
#4751 = VERTEX_POINT('',#4752);
#4752 = CARTESIAN_POINT('',(-2.073933982822,1.125,3.203933982822));
#4753 = LINE('',#4754,#4755);
#4754 = CARTESIAN_POINT('',(-2.073933982822,1.125,3.203933982822));
#4755 = VECTOR('',#4756,1.);
#4756 = DIRECTION('',(0.707106781187,8.E-17,-0.707106781187));
#4757 = ORIENTED_EDGE('',*,*,#4758,.F.);
#4758 = EDGE_CURVE('',#3588,#4751,#4759,.T.);
#4759 = CIRCLE('',#4760,0.362132034356);
#4760 = AXIS2_PLACEMENT_3D('',#4761,#4762,#4763);
#4761 = CARTESIAN_POINT('',(-2.33,1.125,2.947867965644));
#4762 = DIRECTION('',(0.,1.,-2.2E-16));
#4763 = DIRECTION('',(1.,2.706E-31,1.23E-15));
#4764 = PLANE('',#4765);
#4765 = AXIS2_PLACEMENT_3D('',#4766,#4767,#4768);
#4766 = CARTESIAN_POINT('',(-1.16,1.125,3.31));
#4767 = DIRECTION('',(0.,1.,-2.2E-16));
#4768 = DIRECTION('',(-1.,0.,0.));
#4769 = ADVANCED_FACE('',(#4770),#4805,.T.);
#4770 = FACE_BOUND('',#4771,.T.);
#4771 = EDGE_LOOP('',(#4772,#4782,#4790,#4796,#4797,#4798));
#4772 = ORIENTED_EDGE('',*,*,#4773,.F.);
#4773 = EDGE_CURVE('',#4774,#4776,#4778,.T.);
#4774 = VERTEX_POINT('',#4775);
#4775 = CARTESIAN_POINT('',(-1.21,2.955,3.01));
#4776 = VERTEX_POINT('',#4777);
#4777 = CARTESIAN_POINT('',(-1.2,2.955,3.01));
#4778 = LINE('',#4779,#4780);
#4779 = CARTESIAN_POINT('',(-1.21,2.955,3.01));
#4780 = VECTOR('',#4781,1.);
#4781 = DIRECTION('',(1.,0.,2.2E-16));
#4782 = ORIENTED_EDGE('',*,*,#4783,.T.);
#4783 = EDGE_CURVE('',#4774,#4784,#4786,.T.);
#4784 = VERTEX_POINT('',#4785);
#4785 = CARTESIAN_POINT('',(-1.21,3.655,3.01));
#4786 = LINE('',#4787,#4788);
#4787 = CARTESIAN_POINT('',(-1.21,2.955,3.01));
#4788 = VECTOR('',#4789,1.);
#4789 = DIRECTION('',(0.,1.,-2.2E-16));
#4790 = ORIENTED_EDGE('',*,*,#4791,.T.);
#4791 = EDGE_CURVE('',#4784,#4289,#4792,.T.);
#4792 = LINE('',#4793,#4794);
#4793 = CARTESIAN_POINT('',(-1.21,3.655,3.01));
#4794 = VECTOR('',#4795,1.);
#4795 = DIRECTION('',(1.,0.,2.2E-16));
#4796 = ORIENTED_EDGE('',*,*,#4296,.T.);
#4797 = ORIENTED_EDGE('',*,*,#4304,.T.);
#4798 = ORIENTED_EDGE('',*,*,#4799,.T.);
#4799 = EDGE_CURVE('',#4305,#4776,#4800,.T.);
#4800 = CIRCLE('',#4801,0.15);
#4801 = AXIS2_PLACEMENT_3D('',#4802,#4803,#4804);
#4802 = CARTESIAN_POINT('',(-1.2,2.805,3.01));
#4803 = DIRECTION('',(-2.2E-16,3.3E-16,1.));
#4804 = DIRECTION('',(1.,0.,2.2E-16));
#4805 = PLANE('',#4806);
#4806 = AXIS2_PLACEMENT_3D('',#4807,#4808,#4809);
#4807 = CARTESIAN_POINT('',(-1.21,2.955,3.01));
#4808 = DIRECTION('',(0.,-2.2E-16,-1.));
#4809 = DIRECTION('',(0.,1.,-2.2E-16));
#4810 = ADVANCED_FACE('',(#4811),#4822,.T.);
#4811 = FACE_BOUND('',#4812,.F.);
#4812 = EDGE_LOOP('',(#4813,#4814,#4815,#4816));
#4813 = ORIENTED_EDGE('',*,*,#4373,.F.);
#4814 = ORIENTED_EDGE('',*,*,#4363,.F.);
#4815 = ORIENTED_EDGE('',*,*,#4485,.F.);
#4816 = ORIENTED_EDGE('',*,*,#4817,.F.);
#4817 = EDGE_CURVE('',#4374,#4478,#4818,.T.);
#4818 = LINE('',#4819,#4820);
#4819 = CARTESIAN_POINT('',(-1.21,-1.275,3.01));
#4820 = VECTOR('',#4821,1.);
#4821 = DIRECTION('',(0.,1.,-1.1E-16));
#4822 = PLANE('',#4823);
#4823 = AXIS2_PLACEMENT_3D('',#4824,#4825,#4826);
#4824 = CARTESIAN_POINT('',(-1.21,-1.275,3.01));
#4825 = DIRECTION('',(0.,-1.1E-16,-1.));
#4826 = DIRECTION('',(0.,-1.,1.1E-16));
#4827 = ADVANCED_FACE('',(#4828),#4839,.T.);
#4828 = FACE_BOUND('',#4829,.T.);
#4829 = EDGE_LOOP('',(#4830,#4831,#4832,#4833));
#4830 = ORIENTED_EDGE('',*,*,#4421,.T.);
#4831 = ORIENTED_EDGE('',*,*,#4429,.T.);
#4832 = ORIENTED_EDGE('',*,*,#4437,.T.);
#4833 = ORIENTED_EDGE('',*,*,#4834,.F.);
#4834 = EDGE_CURVE('',#4414,#4438,#4835,.T.);
#4835 = LINE('',#4836,#4837);
#4836 = CARTESIAN_POINT('',(-2.33,-1.275,3.01));
#4837 = VECTOR('',#4838,1.);
#4838 = DIRECTION('',(0.,1.,-1.1E-16));
#4839 = PLANE('',#4840);
#4840 = AXIS2_PLACEMENT_3D('',#4841,#4842,#4843);
#4841 = CARTESIAN_POINT('',(-2.33,-1.275,3.01));
#4842 = DIRECTION('',(0.,-1.1E-16,-1.));
#4843 = DIRECTION('',(0.,1.,-1.1E-16));
#4844 = ADVANCED_FACE('',(#4845),#4863,.F.);
#4845 = FACE_BOUND('',#4846,.F.);
#4846 = EDGE_LOOP('',(#4847,#4848,#4857));
#4847 = ORIENTED_EDGE('',*,*,#4445,.F.);
#4848 = ORIENTED_EDGE('',*,*,#4849,.T.);
#4849 = EDGE_CURVE('',#4438,#4850,#4852,.T.);
#4850 = VERTEX_POINT('',#4851);
#4851 = CARTESIAN_POINT('',(-2.286066017178,1.625,2.991801948466));
#4852 = CIRCLE('',#4853,6.213203435597E-02);
#4853 = AXIS2_PLACEMENT_3D('',#4854,#4855,#4856);
#4854 = CARTESIAN_POINT('',(-2.33,1.625,2.947867965644));
#4855 = DIRECTION('',(0.,1.,-2.2E-16));
#4856 = DIRECTION('',(1.,-1.573E-30,-7.15E-15));
#4857 = ORIENTED_EDGE('',*,*,#4858,.T.);
#4858 = EDGE_CURVE('',#4850,#4446,#4859,.T.);
#4859 = LINE('',#4860,#4861);
#4860 = CARTESIAN_POINT('',(-2.073933982822,1.625,3.203933982822));
#4861 = VECTOR('',#4862,1.);
#4862 = DIRECTION('',(0.707106781187,3.8E-16,0.707106781187));
#4863 = PLANE('',#4864);
#4864 = AXIS2_PLACEMENT_3D('',#4865,#4866,#4867);
#4865 = CARTESIAN_POINT('',(-2.248820584978,1.625,3.143852410375));
#4866 = DIRECTION('',(0.,-1.,2.2E-16));
#4867 = DIRECTION('',(0.923879532511,-8.419035512033E-17,-0.382683432365
    ));
#4868 = ADVANCED_FACE('',(#4869),#4895,.T.);
#4869 = FACE_BOUND('',#4870,.T.);
#4870 = EDGE_LOOP('',(#4871,#4879,#4880,#4881,#4889));
#4871 = ORIENTED_EDGE('',*,*,#4872,.F.);
#4872 = EDGE_CURVE('',#4850,#4873,#4875,.T.);
#4873 = VERTEX_POINT('',#4874);
#4874 = CARTESIAN_POINT('',(-2.026066017178,1.625,2.731801948466));
#4875 = LINE('',#4876,#4877);
#4876 = CARTESIAN_POINT('',(-2.286066017178,1.625,2.991801948466));
#4877 = VECTOR('',#4878,1.);
#4878 = DIRECTION('',(0.707106781187,8.E-17,-0.707106781187));
#4879 = ORIENTED_EDGE('',*,*,#4858,.T.);
#4880 = ORIENTED_EDGE('',*,*,#4453,.T.);
#4881 = ORIENTED_EDGE('',*,*,#4882,.T.);
#4882 = EDGE_CURVE('',#4454,#4883,#4885,.T.);
#4883 = VERTEX_POINT('',#4884);
#4884 = CARTESIAN_POINT('',(-1.813933982822,1.625,2.943933982822));
#4885 = LINE('',#4886,#4887);
#4886 = CARTESIAN_POINT('',(-2.073933982822,1.625,3.203933982822));
#4887 = VECTOR('',#4888,1.);
#4888 = DIRECTION('',(0.707106781187,8.E-17,-0.707106781187));
#4889 = ORIENTED_EDGE('',*,*,#4890,.F.);
#4890 = EDGE_CURVE('',#4873,#4883,#4891,.T.);
#4891 = LINE('',#4892,#4893);
#4892 = CARTESIAN_POINT('',(-1.813933982822,1.625,2.943933982822));
#4893 = VECTOR('',#4894,1.);
#4894 = DIRECTION('',(0.707106781187,1.5E-16,0.707106781187));
#4895 = PLANE('',#4896);
#4896 = AXIS2_PLACEMENT_3D('',#4897,#4898,#4899);
#4897 = CARTESIAN_POINT('',(-2.073933982822,1.625,3.203933982822));
#4898 = DIRECTION('',(1.E-17,1.,-2.1E-16));
#4899 = DIRECTION('',(0.707106781187,1.414213562373E-16,0.707106781187)
  );
#4900 = ADVANCED_FACE('',(#4901),#4934,.T.);
#4901 = FACE_BOUND('',#4902,.F.);
#4902 = EDGE_LOOP('',(#4903,#4913,#4919,#4920,#4928));
#4903 = ORIENTED_EDGE('',*,*,#4904,.F.);
#4904 = EDGE_CURVE('',#4905,#4907,#4909,.T.);
#4905 = VERTEX_POINT('',#4906);
#4906 = CARTESIAN_POINT('',(-1.253933982822,1.625,2.991801948466));
#4907 = VERTEX_POINT('',#4908);
#4908 = CARTESIAN_POINT('',(-1.513933982822,1.625,2.731801948466));
#4909 = LINE('',#4910,#4911);
#4910 = CARTESIAN_POINT('',(-1.253933982822,1.625,2.991801948466));
#4911 = VECTOR('',#4912,1.);
#4912 = DIRECTION('',(-0.707106781187,8.E-17,-0.707106781187));
#4913 = ORIENTED_EDGE('',*,*,#4914,.T.);
#4914 = EDGE_CURVE('',#4905,#4470,#4915,.T.);
#4915 = LINE('',#4916,#4917);
#4916 = CARTESIAN_POINT('',(-1.466066017178,1.625,3.203933982822));
#4917 = VECTOR('',#4918,1.);
#4918 = DIRECTION('',(-0.707106781187,3.8E-16,0.707106781187));
#4919 = ORIENTED_EDGE('',*,*,#4469,.F.);
#4920 = ORIENTED_EDGE('',*,*,#4921,.T.);
#4921 = EDGE_CURVE('',#4462,#4922,#4924,.T.);
#4922 = VERTEX_POINT('',#4923);
#4923 = CARTESIAN_POINT('',(-1.726066017178,1.625,2.943933982822));
#4924 = LINE('',#4925,#4926);
#4925 = CARTESIAN_POINT('',(-1.466066017178,1.625,3.203933982822));
#4926 = VECTOR('',#4927,1.);
#4927 = DIRECTION('',(-0.707106781187,8.E-17,-0.707106781187));
#4928 = ORIENTED_EDGE('',*,*,#4929,.F.);
#4929 = EDGE_CURVE('',#4907,#4922,#4930,.T.);
#4930 = LINE('',#4931,#4932);
#4931 = CARTESIAN_POINT('',(-1.726066017178,1.625,2.943933982822));
#4932 = VECTOR('',#4933,1.);
#4933 = DIRECTION('',(-0.707106781187,1.5E-16,0.707106781187));
#4934 = PLANE('',#4935);
#4935 = AXIS2_PLACEMENT_3D('',#4936,#4937,#4938);
#4936 = CARTESIAN_POINT('',(-1.466066017178,1.625,3.203933982822));
#4937 = DIRECTION('',(-1.E-17,1.,-2.1E-16));
#4938 = DIRECTION('',(0.707106781187,-1.414213562373E-16,-0.707106781187
    ));
#4939 = ADVANCED_FACE('',(#4940),#4951,.F.);
#4940 = FACE_BOUND('',#4941,.T.);
#4941 = EDGE_LOOP('',(#4942,#4943,#4950));
#4942 = ORIENTED_EDGE('',*,*,#4477,.T.);
#4943 = ORIENTED_EDGE('',*,*,#4944,.T.);
#4944 = EDGE_CURVE('',#4478,#4905,#4945,.T.);
#4945 = CIRCLE('',#4946,6.213203435597E-02);
#4946 = AXIS2_PLACEMENT_3D('',#4947,#4948,#4949);
#4947 = CARTESIAN_POINT('',(-1.21,1.625,2.947867965644));
#4948 = DIRECTION('',(0.,-1.,2.2E-16));
#4949 = DIRECTION('',(-1.,-1.573E-30,-7.15E-15));
#4950 = ORIENTED_EDGE('',*,*,#4914,.T.);
#4951 = PLANE('',#4952);
#4952 = AXIS2_PLACEMENT_3D('',#4953,#4954,#4955);
#4953 = CARTESIAN_POINT('',(-1.291179415022,1.625,3.143852410375));
#4954 = DIRECTION('',(0.,-1.,2.2E-16));
#4955 = DIRECTION('',(0.923879532511,8.419035512033E-17,0.382683432365)
  );
#4956 = ADVANCED_FACE('',(#4957),#4975,.F.);
#4957 = FACE_BOUND('',#4958,.T.);
#4958 = EDGE_LOOP('',(#4959,#4968,#4969));
#4959 = ORIENTED_EDGE('',*,*,#4960,.F.);
#4960 = EDGE_CURVE('',#4374,#4961,#4963,.T.);
#4961 = VERTEX_POINT('',#4962);
#4962 = CARTESIAN_POINT('',(-1.253933982822,1.125,2.991801948466));
#4963 = CIRCLE('',#4964,6.213203435596E-02);
#4964 = AXIS2_PLACEMENT_3D('',#4965,#4966,#4967);
#4965 = CARTESIAN_POINT('',(-1.21,1.125,2.947867965644));
#4966 = DIRECTION('',(0.,-1.,2.2E-16));
#4967 = DIRECTION('',(-1.,1.573E-30,7.15E-15));
#4968 = ORIENTED_EDGE('',*,*,#4381,.T.);
#4969 = ORIENTED_EDGE('',*,*,#4970,.T.);
#4970 = EDGE_CURVE('',#4382,#4961,#4971,.T.);
#4971 = LINE('',#4972,#4973);
#4972 = CARTESIAN_POINT('',(-1.466066017178,1.125,3.203933982822));
#4973 = VECTOR('',#4974,1.);
#4974 = DIRECTION('',(0.707106781187,-3.8E-16,-0.707106781187));
#4975 = PLANE('',#4976);
#4976 = AXIS2_PLACEMENT_3D('',#4977,#4978,#4979);
#4977 = CARTESIAN_POINT('',(-1.291179415022,1.125,3.143852410375));
#4978 = DIRECTION('',(0.,1.,-2.2E-16));
#4979 = DIRECTION('',(0.923879532511,8.419035512033E-17,0.382683432365)
  );
#4980 = ADVANCED_FACE('',(#4981),#5007,.T.);
#4981 = FACE_BOUND('',#4982,.F.);
#4982 = EDGE_LOOP('',(#4983,#4991,#4992,#4993,#5001));
#4983 = ORIENTED_EDGE('',*,*,#4984,.F.);
#4984 = EDGE_CURVE('',#4390,#4985,#4987,.T.);
#4985 = VERTEX_POINT('',#4986);
#4986 = CARTESIAN_POINT('',(-1.726066017178,1.125,2.943933982822));
#4987 = LINE('',#4988,#4989);
#4988 = CARTESIAN_POINT('',(-1.466066017178,1.125,3.203933982822));
#4989 = VECTOR('',#4990,1.);
#4990 = DIRECTION('',(-0.707106781187,8.E-17,-0.707106781187));
#4991 = ORIENTED_EDGE('',*,*,#4389,.F.);
#4992 = ORIENTED_EDGE('',*,*,#4970,.T.);
#4993 = ORIENTED_EDGE('',*,*,#4994,.T.);
#4994 = EDGE_CURVE('',#4961,#4995,#4997,.T.);
#4995 = VERTEX_POINT('',#4996);
#4996 = CARTESIAN_POINT('',(-1.513933982822,1.125,2.731801948466));
#4997 = LINE('',#4998,#4999);
#4998 = CARTESIAN_POINT('',(-1.253933982822,1.125,2.991801948466));
#4999 = VECTOR('',#5000,1.);
#5000 = DIRECTION('',(-0.707106781187,-1.6E-16,-0.707106781187));
#5001 = ORIENTED_EDGE('',*,*,#5002,.F.);
#5002 = EDGE_CURVE('',#4985,#4995,#5003,.T.);
#5003 = LINE('',#5004,#5005);
#5004 = CARTESIAN_POINT('',(-1.726066017178,1.125,2.943933982822));
#5005 = VECTOR('',#5006,1.);
#5006 = DIRECTION('',(0.707106781187,-1.5E-16,-0.707106781187));
#5007 = PLANE('',#5008);
#5008 = AXIS2_PLACEMENT_3D('',#5009,#5010,#5011);
#5009 = CARTESIAN_POINT('',(-1.466066017178,1.125,3.203933982822));
#5010 = DIRECTION('',(1.E-17,-1.,2.1E-16));
#5011 = DIRECTION('',(-0.707106781187,1.414213562373E-16,0.707106781187)
  );
#5012 = ADVANCED_FACE('',(#5013),#5046,.T.);
#5013 = FACE_BOUND('',#5014,.T.);
#5014 = EDGE_LOOP('',(#5015,#5023,#5024,#5032,#5040));
#5015 = ORIENTED_EDGE('',*,*,#5016,.F.);
#5016 = EDGE_CURVE('',#4398,#5017,#5019,.T.);
#5017 = VERTEX_POINT('',#5018);
#5018 = CARTESIAN_POINT('',(-1.813933982822,1.125,2.943933982822));
#5019 = LINE('',#5020,#5021);
#5020 = CARTESIAN_POINT('',(-2.073933982822,1.125,3.203933982822));
#5021 = VECTOR('',#5022,1.);
#5022 = DIRECTION('',(0.707106781187,8.E-17,-0.707106781187));
#5023 = ORIENTED_EDGE('',*,*,#4405,.T.);
#5024 = ORIENTED_EDGE('',*,*,#5025,.T.);
#5025 = EDGE_CURVE('',#4406,#5026,#5028,.T.);
#5026 = VERTEX_POINT('',#5027);
#5027 = CARTESIAN_POINT('',(-2.286066017178,1.125,2.991801948466));
#5028 = LINE('',#5029,#5030);
#5029 = CARTESIAN_POINT('',(-2.073933982822,1.125,3.203933982822));
#5030 = VECTOR('',#5031,1.);
#5031 = DIRECTION('',(-0.707106781187,-3.8E-16,-0.707106781187));
#5032 = ORIENTED_EDGE('',*,*,#5033,.T.);
#5033 = EDGE_CURVE('',#5026,#5034,#5036,.T.);
#5034 = VERTEX_POINT('',#5035);
#5035 = CARTESIAN_POINT('',(-2.026066017178,1.125,2.731801948466));
#5036 = LINE('',#5037,#5038);
#5037 = CARTESIAN_POINT('',(-2.286066017178,1.125,2.991801948466));
#5038 = VECTOR('',#5039,1.);
#5039 = DIRECTION('',(0.707106781187,-1.6E-16,-0.707106781187));
#5040 = ORIENTED_EDGE('',*,*,#5041,.F.);
#5041 = EDGE_CURVE('',#5017,#5034,#5042,.T.);
#5042 = LINE('',#5043,#5044);
#5043 = CARTESIAN_POINT('',(-1.813933982822,1.125,2.943933982822));
#5044 = VECTOR('',#5045,1.);
#5045 = DIRECTION('',(-0.707106781187,-1.5E-16,-0.707106781187));
#5046 = PLANE('',#5047);
#5047 = AXIS2_PLACEMENT_3D('',#5048,#5049,#5050);
#5048 = CARTESIAN_POINT('',(-2.073933982822,1.125,3.203933982822));
#5049 = DIRECTION('',(-1.E-17,-1.,2.1E-16));
#5050 = DIRECTION('',(-0.707106781187,-1.414213562373E-16,
    -0.707106781187));
#5051 = ADVANCED_FACE('',(#5052),#5063,.F.);
#5052 = FACE_BOUND('',#5053,.F.);
#5053 = EDGE_LOOP('',(#5054,#5061,#5062));
#5054 = ORIENTED_EDGE('',*,*,#5055,.F.);
#5055 = EDGE_CURVE('',#4414,#5026,#5056,.T.);
#5056 = CIRCLE('',#5057,6.213203435596E-02);
#5057 = AXIS2_PLACEMENT_3D('',#5058,#5059,#5060);
#5058 = CARTESIAN_POINT('',(-2.33,1.125,2.947867965644));
#5059 = DIRECTION('',(0.,1.,-2.2E-16));
#5060 = DIRECTION('',(1.,1.573E-30,7.15E-15));
#5061 = ORIENTED_EDGE('',*,*,#4413,.F.);
#5062 = ORIENTED_EDGE('',*,*,#5025,.T.);
#5063 = PLANE('',#5064);
#5064 = AXIS2_PLACEMENT_3D('',#5065,#5066,#5067);
#5065 = CARTESIAN_POINT('',(-2.248820584978,1.125,3.143852410375));
#5066 = DIRECTION('',(0.,1.,-2.2E-16));
#5067 = DIRECTION('',(0.923879532511,-8.419035512033E-17,-0.382683432365
    ));
#5068 = ADVANCED_FACE('',(#5069),#5080,.T.);
#5069 = FACE_BOUND('',#5070,.T.);
#5070 = EDGE_LOOP('',(#5071,#5072,#5078,#5079));
#5071 = ORIENTED_EDGE('',*,*,#4791,.F.);
#5072 = ORIENTED_EDGE('',*,*,#5073,.T.);
#5073 = EDGE_CURVE('',#4784,#4621,#5074,.T.);
#5074 = LINE('',#5075,#5076);
#5075 = CARTESIAN_POINT('',(-1.21,3.655,3.01));
#5076 = VECTOR('',#5077,1.);
#5077 = DIRECTION('',(-2.6E-16,2.2E-16,1.));
#5078 = ORIENTED_EDGE('',*,*,#4620,.T.);
#5079 = ORIENTED_EDGE('',*,*,#4570,.T.);
#5080 = PLANE('',#5081);
#5081 = AXIS2_PLACEMENT_3D('',#5082,#5083,#5084);
#5082 = CARTESIAN_POINT('',(-1.21,3.655,3.01));
#5083 = DIRECTION('',(0.,1.,-2.2E-16));
#5084 = DIRECTION('',(-2.2E-16,2.2E-16,1.));
#5085 = ADVANCED_FACE('',(#5086),#5102,.T.);
#5086 = FACE_BOUND('',#5087,.T.);
#5087 = EDGE_LOOP('',(#5088,#5089,#5095,#5096));
#5088 = ORIENTED_EDGE('',*,*,#4601,.F.);
#5089 = ORIENTED_EDGE('',*,*,#5090,.T.);
#5090 = EDGE_CURVE('',#4602,#4774,#5091,.T.);
#5091 = LINE('',#5092,#5093);
#5092 = CARTESIAN_POINT('',(-1.21,2.955,3.31));
#5093 = VECTOR('',#5094,1.);
#5094 = DIRECTION('',(2.6E-16,-2.2E-16,-1.));
#5095 = ORIENTED_EDGE('',*,*,#4773,.T.);
#5096 = ORIENTED_EDGE('',*,*,#5097,.F.);
#5097 = EDGE_CURVE('',#4604,#4776,#5098,.T.);
#5098 = LINE('',#5099,#5100);
#5099 = CARTESIAN_POINT('',(-1.2,2.955,3.31));
#5100 = VECTOR('',#5101,1.);
#5101 = DIRECTION('',(2.2E-16,-3.3E-16,-1.));
#5102 = PLANE('',#5103);
#5103 = AXIS2_PLACEMENT_3D('',#5104,#5105,#5106);
#5104 = CARTESIAN_POINT('',(-1.21,2.955,3.31));
#5105 = DIRECTION('',(0.,-1.,2.2E-16));
#5106 = DIRECTION('',(2.2E-16,-2.2E-16,-1.));
#5107 = ADVANCED_FACE('',(#5108),#5114,.F.);
#5108 = FACE_BOUND('',#5109,.F.);
#5109 = EDGE_LOOP('',(#5110,#5111,#5112,#5113));
#5110 = ORIENTED_EDGE('',*,*,#4643,.T.);
#5111 = ORIENTED_EDGE('',*,*,#4799,.T.);
#5112 = ORIENTED_EDGE('',*,*,#5097,.F.);
#5113 = ORIENTED_EDGE('',*,*,#4611,.F.);
#5114 = CYLINDRICAL_SURFACE('',#5115,0.15);
#5115 = AXIS2_PLACEMENT_3D('',#5116,#5117,#5118);
#5116 = CARTESIAN_POINT('',(-1.2,2.805,3.31));
#5117 = DIRECTION('',(2.2E-16,-3.3E-16,-1.));
#5118 = DIRECTION('',(1.,0.,2.2E-16));
#5119 = ADVANCED_FACE('',(#5120),#5147,.T.);
#5120 = FACE_BOUND('',#5121,.T.);
#5121 = EDGE_LOOP('',(#5122,#5131,#5139,#5146));
#5122 = ORIENTED_EDGE('',*,*,#5123,.F.);
#5123 = EDGE_CURVE('',#5124,#4621,#5126,.T.);
#5124 = VERTEX_POINT('',#5125);
#5125 = CARTESIAN_POINT('',(-1.656066017177,3.655,3.125233405972));
#5126 = CIRCLE('',#5127,0.630832611206);
#5127 = AXIS2_PLACEMENT_3D('',#5128,#5129,#5130);
#5128 = CARTESIAN_POINT('',(-1.21,3.655,2.679167388794));
#5129 = DIRECTION('',(0.,1.,-2.2E-16));
#5130 = DIRECTION('',(1.,4.642E-31,2.11E-15));
#5131 = ORIENTED_EDGE('',*,*,#5132,.T.);
#5132 = EDGE_CURVE('',#5124,#5133,#5135,.T.);
#5133 = VERTEX_POINT('',#5134);
#5134 = CARTESIAN_POINT('',(-1.656066017177,2.955,3.125233405972));
#5135 = LINE('',#5136,#5137);
#5136 = CARTESIAN_POINT('',(-1.656066017178,3.655,3.125233405972));
#5137 = VECTOR('',#5138,1.);
#5138 = DIRECTION('',(0.,-1.,2.2E-16));
#5139 = ORIENTED_EDGE('',*,*,#5140,.T.);
#5140 = EDGE_CURVE('',#5133,#4602,#5141,.T.);
#5141 = CIRCLE('',#5142,0.630832611206);
#5142 = AXIS2_PLACEMENT_3D('',#5143,#5144,#5145);
#5143 = CARTESIAN_POINT('',(-1.21,2.955,2.679167388794));
#5144 = DIRECTION('',(0.,1.,-2.2E-16));
#5145 = DIRECTION('',(1.,4.642E-31,2.11E-15));
#5146 = ORIENTED_EDGE('',*,*,#4628,.T.);
#5147 = CYLINDRICAL_SURFACE('',#5148,0.630832611206);
#5148 = AXIS2_PLACEMENT_3D('',#5149,#5150,#5151);
#5149 = CARTESIAN_POINT('',(-1.21,3.655,2.679167388794));
#5150 = DIRECTION('',(0.,1.,-2.2E-16));
#5151 = DIRECTION('',(1.,4.642E-31,2.11E-15));
#5152 = ADVANCED_FACE('',(#5153),#5164,.T.);
#5153 = FACE_BOUND('',#5154,.T.);
#5154 = EDGE_LOOP('',(#5155,#5161,#5162,#5163));
#5155 = ORIENTED_EDGE('',*,*,#5156,.F.);
#5156 = EDGE_CURVE('',#4735,#4711,#5157,.T.);
#5157 = LINE('',#5158,#5159);
#5158 = CARTESIAN_POINT('',(-1.466066017178,1.125,3.203933982822));
#5159 = VECTOR('',#5160,1.);
#5160 = DIRECTION('',(0.,1.,-2.2E-16));
#5161 = ORIENTED_EDGE('',*,*,#4734,.F.);
#5162 = ORIENTED_EDGE('',*,*,#4662,.F.);
#5163 = ORIENTED_EDGE('',*,*,#4718,.T.);
#5164 = CYLINDRICAL_SURFACE('',#5165,0.362132034356);
#5165 = AXIS2_PLACEMENT_3D('',#5166,#5167,#5168);
#5166 = CARTESIAN_POINT('',(-1.21,1.125,2.947867965644));
#5167 = DIRECTION('',(0.,1.,-2.2E-16));
#5168 = DIRECTION('',(-1.,2.706E-31,1.23E-15));
#5169 = ADVANCED_FACE('',(#5170),#5181,.T.);
#5170 = FACE_BOUND('',#5171,.T.);
#5171 = EDGE_LOOP('',(#5172,#5173,#5174,#5175));
#5172 = ORIENTED_EDGE('',*,*,#4694,.F.);
#5173 = ORIENTED_EDGE('',*,*,#4679,.T.);
#5174 = ORIENTED_EDGE('',*,*,#4758,.T.);
#5175 = ORIENTED_EDGE('',*,*,#5176,.T.);
#5176 = EDGE_CURVE('',#4751,#4695,#5177,.T.);
#5177 = LINE('',#5178,#5179);
#5178 = CARTESIAN_POINT('',(-2.073933982822,1.125,3.203933982822));
#5179 = VECTOR('',#5180,1.);
#5180 = DIRECTION('',(0.,1.,-2.2E-16));
#5181 = CYLINDRICAL_SURFACE('',#5182,0.362132034356);
#5182 = AXIS2_PLACEMENT_3D('',#5183,#5184,#5185);
#5183 = CARTESIAN_POINT('',(-2.33,1.125,2.947867965644));
#5184 = DIRECTION('',(0.,1.,-2.2E-16));
#5185 = DIRECTION('',(1.,2.706E-31,1.23E-15));
#5186 = ADVANCED_FACE('',(#5187),#5200,.T.);
#5187 = FACE_BOUND('',#5188,.F.);
#5188 = EDGE_LOOP('',(#5189,#5190,#5191,#5192,#5193,#5199));
#5189 = ORIENTED_EDGE('',*,*,#4710,.F.);
#5190 = ORIENTED_EDGE('',*,*,#5156,.F.);
#5191 = ORIENTED_EDGE('',*,*,#4743,.T.);
#5192 = ORIENTED_EDGE('',*,*,#4984,.T.);
#5193 = ORIENTED_EDGE('',*,*,#5194,.F.);
#5194 = EDGE_CURVE('',#4922,#4985,#5195,.T.);
#5195 = LINE('',#5196,#5197);
#5196 = CARTESIAN_POINT('',(-1.726066017178,1.125,2.943933982822));
#5197 = VECTOR('',#5198,1.);
#5198 = DIRECTION('',(-1.6E-16,-1.,4.E-17));
#5199 = ORIENTED_EDGE('',*,*,#4921,.F.);
#5200 = PLANE('',#5201);
#5201 = AXIS2_PLACEMENT_3D('',#5202,#5203,#5204);
#5202 = CARTESIAN_POINT('',(-1.466066017178,1.125,3.203933982822));
#5203 = DIRECTION('',(-0.707106781187,1.5E-16,0.707106781187));
#5204 = DIRECTION('',(1.66066017178E-16,1.,-4.606601717798E-17));
#5205 = ADVANCED_FACE('',(#5206),#5219,.T.);
#5206 = FACE_BOUND('',#5207,.T.);
#5207 = EDGE_LOOP('',(#5208,#5209,#5210,#5211,#5212,#5218));
#5208 = ORIENTED_EDGE('',*,*,#4703,.F.);
#5209 = ORIENTED_EDGE('',*,*,#5176,.F.);
#5210 = ORIENTED_EDGE('',*,*,#4750,.T.);
#5211 = ORIENTED_EDGE('',*,*,#5016,.T.);
#5212 = ORIENTED_EDGE('',*,*,#5213,.F.);
#5213 = EDGE_CURVE('',#4883,#5017,#5214,.T.);
#5214 = LINE('',#5215,#5216);
#5215 = CARTESIAN_POINT('',(-1.813933982822,1.125,2.943933982822));
#5216 = VECTOR('',#5217,1.);
#5217 = DIRECTION('',(1.6E-16,-1.,4.E-17));
#5218 = ORIENTED_EDGE('',*,*,#4882,.F.);
#5219 = PLANE('',#5220);
#5220 = AXIS2_PLACEMENT_3D('',#5221,#5222,#5223);
#5221 = CARTESIAN_POINT('',(-2.073933982822,1.125,3.203933982822));
#5222 = DIRECTION('',(0.707106781187,1.5E-16,0.707106781187));
#5223 = DIRECTION('',(1.66066017178E-16,-1.,4.606601717798E-17));
#5224 = ADVANCED_FACE('',(#5225),#5252,.F.);
#5225 = FACE_BOUND('',#5226,.F.);
#5226 = EDGE_LOOP('',(#5227,#5236,#5237,#5246));
#5227 = ORIENTED_EDGE('',*,*,#5228,.T.);
#5228 = EDGE_CURVE('',#5229,#4774,#5231,.T.);
#5229 = VERTEX_POINT('',#5230);
#5230 = CARTESIAN_POINT('',(-1.443933982822,2.955,2.913101371616));
#5231 = CIRCLE('',#5232,0.330832611206);
#5232 = AXIS2_PLACEMENT_3D('',#5233,#5234,#5235);
#5233 = CARTESIAN_POINT('',(-1.21,2.955,2.679167388794));
#5234 = DIRECTION('',(0.,1.,-2.2E-16));
#5235 = DIRECTION('',(1.,8.866E-31,4.03E-15));
#5236 = ORIENTED_EDGE('',*,*,#4783,.T.);
#5237 = ORIENTED_EDGE('',*,*,#5238,.F.);
#5238 = EDGE_CURVE('',#5239,#4784,#5241,.T.);
#5239 = VERTEX_POINT('',#5240);
#5240 = CARTESIAN_POINT('',(-1.443933982822,3.655,2.913101371616));
#5241 = CIRCLE('',#5242,0.330832611206);
#5242 = AXIS2_PLACEMENT_3D('',#5243,#5244,#5245);
#5243 = CARTESIAN_POINT('',(-1.21,3.655,2.679167388794));
#5244 = DIRECTION('',(0.,1.,-2.2E-16));
#5245 = DIRECTION('',(1.,8.866E-31,4.03E-15));
#5246 = ORIENTED_EDGE('',*,*,#5247,.F.);
#5247 = EDGE_CURVE('',#5229,#5239,#5248,.T.);
#5248 = LINE('',#5249,#5250);
#5249 = CARTESIAN_POINT('',(-1.443933982822,2.955,2.913101371616));
#5250 = VECTOR('',#5251,1.);
#5251 = DIRECTION('',(0.,1.,-2.2E-16));
#5252 = CYLINDRICAL_SURFACE('',#5253,0.330832611206);
#5253 = AXIS2_PLACEMENT_3D('',#5254,#5255,#5256);
#5254 = CARTESIAN_POINT('',(-1.21,2.955,2.679167388794));
#5255 = DIRECTION('',(0.,1.,-2.2E-16));
#5256 = DIRECTION('',(1.,8.866E-31,4.03E-15));
#5257 = ADVANCED_FACE('',(#5258),#5269,.F.);
#5258 = FACE_BOUND('',#5259,.F.);
#5259 = EDGE_LOOP('',(#5260,#5261,#5262,#5268));
#5260 = ORIENTED_EDGE('',*,*,#4817,.T.);
#5261 = ORIENTED_EDGE('',*,*,#4944,.T.);
#5262 = ORIENTED_EDGE('',*,*,#5263,.F.);
#5263 = EDGE_CURVE('',#4961,#4905,#5264,.T.);
#5264 = LINE('',#5265,#5266);
#5265 = CARTESIAN_POINT('',(-1.253933982822,-1.275,2.991801948466));
#5266 = VECTOR('',#5267,1.);
#5267 = DIRECTION('',(0.,1.,-2.2E-16));
#5268 = ORIENTED_EDGE('',*,*,#4960,.F.);
#5269 = CYLINDRICAL_SURFACE('',#5270,6.213203435597E-02);
#5270 = AXIS2_PLACEMENT_3D('',#5271,#5272,#5273);
#5271 = CARTESIAN_POINT('',(-1.21,-1.275,2.947867965644));
#5272 = DIRECTION('',(0.,1.,-2.2E-16));
#5273 = DIRECTION('',(-1.,-1.573E-30,-7.15E-15));
#5274 = ADVANCED_FACE('',(#5275),#5286,.F.);
#5275 = FACE_BOUND('',#5276,.F.);
#5276 = EDGE_LOOP('',(#5277,#5278,#5284,#5285));
#5277 = ORIENTED_EDGE('',*,*,#5055,.T.);
#5278 = ORIENTED_EDGE('',*,*,#5279,.T.);
#5279 = EDGE_CURVE('',#5026,#4850,#5280,.T.);
#5280 = LINE('',#5281,#5282);
#5281 = CARTESIAN_POINT('',(-2.286066017178,-1.275,2.991801948466));
#5282 = VECTOR('',#5283,1.);
#5283 = DIRECTION('',(0.,1.,-2.2E-16));
#5284 = ORIENTED_EDGE('',*,*,#4849,.F.);
#5285 = ORIENTED_EDGE('',*,*,#4834,.F.);
#5286 = CYLINDRICAL_SURFACE('',#5287,6.213203435597E-02);
#5287 = AXIS2_PLACEMENT_3D('',#5288,#5289,#5290);
#5288 = CARTESIAN_POINT('',(-2.33,-1.275,2.947867965644));
#5289 = DIRECTION('',(0.,1.,-2.2E-16));
#5290 = DIRECTION('',(1.,-1.573E-30,-7.15E-15));
#5291 = ADVANCED_FACE('',(#5292),#5303,.T.);
#5292 = FACE_BOUND('',#5293,.T.);
#5293 = EDGE_LOOP('',(#5294,#5295,#5296,#5297));
#5294 = ORIENTED_EDGE('',*,*,#5033,.F.);
#5295 = ORIENTED_EDGE('',*,*,#5279,.T.);
#5296 = ORIENTED_EDGE('',*,*,#4872,.T.);
#5297 = ORIENTED_EDGE('',*,*,#5298,.F.);
#5298 = EDGE_CURVE('',#5034,#4873,#5299,.T.);
#5299 = LINE('',#5300,#5301);
#5300 = CARTESIAN_POINT('',(-2.026066017178,-1.275,2.731801948466));
#5301 = VECTOR('',#5302,1.);
#5302 = DIRECTION('',(-1.6E-16,1.,-4.E-17));
#5303 = PLANE('',#5304);
#5304 = AXIS2_PLACEMENT_3D('',#5305,#5306,#5307);
#5305 = CARTESIAN_POINT('',(-2.286066017178,-1.275,2.991801948466));
#5306 = DIRECTION('',(-0.707106781187,-1.5E-16,-0.707106781187));
#5307 = DIRECTION('',(-1.66066017178E-16,1.,-4.606601717798E-17));
#5308 = ADVANCED_FACE('',(#5309),#5336,.F.);
#5309 = FACE_BOUND('',#5310,.F.);
#5310 = EDGE_LOOP('',(#5311,#5320,#5328,#5335));
#5311 = ORIENTED_EDGE('',*,*,#5312,.T.);
#5312 = EDGE_CURVE('',#4873,#5313,#5315,.T.);
#5313 = VERTEX_POINT('',#5314);
#5314 = CARTESIAN_POINT('',(-1.77,1.625,2.625735931288));
#5315 = CIRCLE('',#5316,0.362132034356);
#5316 = AXIS2_PLACEMENT_3D('',#5317,#5318,#5319);
#5317 = CARTESIAN_POINT('',(-1.77,1.625,2.987867965644));
#5318 = DIRECTION('',(0.,-1.,2.2E-16));
#5319 = DIRECTION('',(1.,-8.096E-31,-3.68E-15));
#5320 = ORIENTED_EDGE('',*,*,#5321,.F.);
#5321 = EDGE_CURVE('',#5322,#5313,#5324,.T.);
#5322 = VERTEX_POINT('',#5323);
#5323 = CARTESIAN_POINT('',(-1.77,1.625,2.925735931288));
#5324 = LINE('',#5325,#5326);
#5325 = CARTESIAN_POINT('',(-1.77,1.625,2.925735931288));
#5326 = VECTOR('',#5327,1.);
#5327 = DIRECTION('',(4.E-17,-1.1E-16,-1.));
#5328 = ORIENTED_EDGE('',*,*,#5329,.F.);
#5329 = EDGE_CURVE('',#4883,#5322,#5330,.T.);
#5330 = CIRCLE('',#5331,6.213203435596E-02);
#5331 = AXIS2_PLACEMENT_3D('',#5332,#5333,#5334);
#5332 = CARTESIAN_POINT('',(-1.77,1.625,2.987867965644));
#5333 = DIRECTION('',(0.,-1.,2.2E-16));
#5334 = DIRECTION('',(1.,-1.573E-30,-7.15E-15));
#5335 = ORIENTED_EDGE('',*,*,#4890,.F.);
#5336 = PLANE('',#5337);
#5337 = AXIS2_PLACEMENT_3D('',#5338,#5339,#5340);
#5338 = CARTESIAN_POINT('',(-1.851179415022,1.625,2.791883520913));
#5339 = DIRECTION('',(0.,-1.,2.2E-16));
#5340 = DIRECTION('',(0.923879532511,-8.419035512033E-17,-0.382683432365
    ));
#5341 = ADVANCED_FACE('',(#5342),#5353,.T.);
#5342 = FACE_BOUND('',#5343,.F.);
#5343 = EDGE_LOOP('',(#5344,#5345,#5346,#5347));
#5344 = ORIENTED_EDGE('',*,*,#4994,.F.);
#5345 = ORIENTED_EDGE('',*,*,#5263,.T.);
#5346 = ORIENTED_EDGE('',*,*,#4904,.T.);
#5347 = ORIENTED_EDGE('',*,*,#5348,.F.);
#5348 = EDGE_CURVE('',#4995,#4907,#5349,.T.);
#5349 = LINE('',#5350,#5351);
#5350 = CARTESIAN_POINT('',(-1.513933982822,-1.275,2.731801948466));
#5351 = VECTOR('',#5352,1.);
#5352 = DIRECTION('',(1.6E-16,1.,-4.E-17));
#5353 = PLANE('',#5354);
#5354 = AXIS2_PLACEMENT_3D('',#5355,#5356,#5357);
#5355 = CARTESIAN_POINT('',(-1.253933982822,-1.275,2.991801948466));
#5356 = DIRECTION('',(0.707106781187,-1.5E-16,-0.707106781187));
#5357 = DIRECTION('',(-1.66066017178E-16,-1.,4.606601717798E-17));
#5358 = ADVANCED_FACE('',(#5359),#5377,.F.);
#5359 = FACE_BOUND('',#5360,.T.);
#5360 = EDGE_LOOP('',(#5361,#5368,#5369,#5376));
#5361 = ORIENTED_EDGE('',*,*,#5362,.T.);
#5362 = EDGE_CURVE('',#4907,#5313,#5363,.T.);
#5363 = CIRCLE('',#5364,0.362132034356);
#5364 = AXIS2_PLACEMENT_3D('',#5365,#5366,#5367);
#5365 = CARTESIAN_POINT('',(-1.77,1.625,2.987867965644));
#5366 = DIRECTION('',(0.,1.,-2.2E-16));
#5367 = DIRECTION('',(-1.,-8.096E-31,-3.68E-15));
#5368 = ORIENTED_EDGE('',*,*,#5321,.F.);
#5369 = ORIENTED_EDGE('',*,*,#5370,.F.);
#5370 = EDGE_CURVE('',#4922,#5322,#5371,.T.);
#5371 = CIRCLE('',#5372,6.213203435596E-02);
#5372 = AXIS2_PLACEMENT_3D('',#5373,#5374,#5375);
#5373 = CARTESIAN_POINT('',(-1.77,1.625,2.987867965644));
#5374 = DIRECTION('',(0.,1.,-2.2E-16));
#5375 = DIRECTION('',(-1.,-1.573E-30,-7.15E-15));
#5376 = ORIENTED_EDGE('',*,*,#4929,.F.);
#5377 = PLANE('',#5378);
#5378 = AXIS2_PLACEMENT_3D('',#5379,#5380,#5381);
#5379 = CARTESIAN_POINT('',(-1.688820584978,1.625,2.791883520913));
#5380 = DIRECTION('',(0.,-1.,2.2E-16));
#5381 = DIRECTION('',(0.923879532511,8.419035512033E-17,0.382683432365)
  );
#5382 = ADVANCED_FACE('',(#5383),#5410,.F.);
#5383 = FACE_BOUND('',#5384,.T.);
#5384 = EDGE_LOOP('',(#5385,#5394,#5402,#5409));
#5385 = ORIENTED_EDGE('',*,*,#5386,.T.);
#5386 = EDGE_CURVE('',#4985,#5387,#5389,.T.);
#5387 = VERTEX_POINT('',#5388);
#5388 = CARTESIAN_POINT('',(-1.77,1.125,2.925735931288));
#5389 = CIRCLE('',#5390,6.213203435596E-02);
#5390 = AXIS2_PLACEMENT_3D('',#5391,#5392,#5393);
#5391 = CARTESIAN_POINT('',(-1.77,1.125,2.987867965644));
#5392 = DIRECTION('',(0.,1.,-2.2E-16));
#5393 = DIRECTION('',(-1.,-1.573E-30,-7.15E-15));
#5394 = ORIENTED_EDGE('',*,*,#5395,.T.);
#5395 = EDGE_CURVE('',#5387,#5396,#5398,.T.);
#5396 = VERTEX_POINT('',#5397);
#5397 = CARTESIAN_POINT('',(-1.77,1.125,2.625735931288));
#5398 = LINE('',#5399,#5400);
#5399 = CARTESIAN_POINT('',(-1.77,1.125,2.925735931288));
#5400 = VECTOR('',#5401,1.);
#5401 = DIRECTION('',(4.E-17,-1.1E-16,-1.));
#5402 = ORIENTED_EDGE('',*,*,#5403,.F.);
#5403 = EDGE_CURVE('',#4995,#5396,#5404,.T.);
#5404 = CIRCLE('',#5405,0.362132034356);
#5405 = AXIS2_PLACEMENT_3D('',#5406,#5407,#5408);
#5406 = CARTESIAN_POINT('',(-1.77,1.125,2.987867965644));
#5407 = DIRECTION('',(0.,1.,-2.2E-16));
#5408 = DIRECTION('',(-1.,-2.706E-31,-1.23E-15));
#5409 = ORIENTED_EDGE('',*,*,#5002,.F.);
#5410 = PLANE('',#5411);
#5411 = AXIS2_PLACEMENT_3D('',#5412,#5413,#5414);
#5412 = CARTESIAN_POINT('',(-1.688820584978,1.125,2.791883520913));
#5413 = DIRECTION('',(0.,1.,-2.2E-16));
#5414 = DIRECTION('',(0.923879532511,8.419035512033E-17,0.382683432365)
  );
#5415 = ADVANCED_FACE('',(#5416),#5434,.F.);
#5416 = FACE_BOUND('',#5417,.F.);
#5417 = EDGE_LOOP('',(#5418,#5425,#5426,#5433));
#5418 = ORIENTED_EDGE('',*,*,#5419,.T.);
#5419 = EDGE_CURVE('',#5017,#5387,#5420,.T.);
#5420 = CIRCLE('',#5421,6.213203435596E-02);
#5421 = AXIS2_PLACEMENT_3D('',#5422,#5423,#5424);
#5422 = CARTESIAN_POINT('',(-1.77,1.125,2.987867965644));
#5423 = DIRECTION('',(0.,-1.,2.2E-16));
#5424 = DIRECTION('',(1.,-1.573E-30,-7.15E-15));
#5425 = ORIENTED_EDGE('',*,*,#5395,.T.);
#5426 = ORIENTED_EDGE('',*,*,#5427,.F.);
#5427 = EDGE_CURVE('',#5034,#5396,#5428,.T.);
#5428 = CIRCLE('',#5429,0.362132034356);
#5429 = AXIS2_PLACEMENT_3D('',#5430,#5431,#5432);
#5430 = CARTESIAN_POINT('',(-1.77,1.125,2.987867965644));
#5431 = DIRECTION('',(0.,-1.,2.2E-16));
#5432 = DIRECTION('',(1.,-2.706E-31,-1.23E-15));
#5433 = ORIENTED_EDGE('',*,*,#5041,.F.);
#5434 = PLANE('',#5435);
#5435 = AXIS2_PLACEMENT_3D('',#5436,#5437,#5438);
#5436 = CARTESIAN_POINT('',(-1.851179415022,1.125,2.791883520913));
#5437 = DIRECTION('',(0.,1.,-2.2E-16));
#5438 = DIRECTION('',(0.923879532511,-8.419035512033E-17,-0.382683432365
    ));
#5439 = ADVANCED_FACE('',(#5440),#5451,.F.);
#5440 = FACE_BOUND('',#5441,.F.);
#5441 = EDGE_LOOP('',(#5442,#5443,#5444,#5445));
#5442 = ORIENTED_EDGE('',*,*,#5238,.T.);
#5443 = ORIENTED_EDGE('',*,*,#5073,.T.);
#5444 = ORIENTED_EDGE('',*,*,#5123,.F.);
#5445 = ORIENTED_EDGE('',*,*,#5446,.F.);
#5446 = EDGE_CURVE('',#5239,#5124,#5447,.T.);
#5447 = LINE('',#5448,#5449);
#5448 = CARTESIAN_POINT('',(-1.443933982822,3.655,2.913101371616));
#5449 = VECTOR('',#5450,1.);
#5450 = DIRECTION('',(-0.707106781186,1.6E-16,0.707106781187));
#5451 = PLANE('',#5452);
#5452 = AXIS2_PLACEMENT_3D('',#5453,#5454,#5455);
#5453 = CARTESIAN_POINT('',(-1.394006674049,3.655,3.123398796851));
#5454 = DIRECTION('',(0.,-1.,2.2E-16));
#5455 = DIRECTION('',(0.923879532511,8.419035512033E-17,0.382683432365)
  );
#5456 = ADVANCED_FACE('',(#5457),#5468,.F.);
#5457 = FACE_BOUND('',#5458,.F.);
#5458 = EDGE_LOOP('',(#5459,#5460,#5461,#5462));
#5459 = ORIENTED_EDGE('',*,*,#5140,.T.);
#5460 = ORIENTED_EDGE('',*,*,#5090,.T.);
#5461 = ORIENTED_EDGE('',*,*,#5228,.F.);
#5462 = ORIENTED_EDGE('',*,*,#5463,.F.);
#5463 = EDGE_CURVE('',#5133,#5229,#5464,.T.);
#5464 = LINE('',#5465,#5466);
#5465 = CARTESIAN_POINT('',(-1.656066017178,2.955,3.125233405972));
#5466 = VECTOR('',#5467,1.);
#5467 = DIRECTION('',(0.707106781186,-1.6E-16,-0.707106781187));
#5468 = PLANE('',#5469);
#5469 = AXIS2_PLACEMENT_3D('',#5470,#5471,#5472);
#5470 = CARTESIAN_POINT('',(-1.394006674049,2.955,3.123398796851));
#5471 = DIRECTION('',(0.,1.,-2.2E-16));
#5472 = DIRECTION('',(0.923879532511,8.419035512033E-17,0.382683432365)
  );
#5473 = ADVANCED_FACE('',(#5474),#5517,.T.);
#5474 = FACE_BOUND('',#5475,.T.);
#5475 = EDGE_LOOP('',(#5476,#5484,#5493,#5501,#5510,#5516));
#5476 = ORIENTED_EDGE('',*,*,#5477,.F.);
#5477 = EDGE_CURVE('',#5478,#5124,#5480,.T.);
#5478 = VERTEX_POINT('',#5479);
#5479 = CARTESIAN_POINT('',(-2.186396103068,3.655,2.594903320082));
#5480 = LINE('',#5481,#5482);
#5481 = CARTESIAN_POINT('',(-1.656066017178,3.655,3.125233405972));
#5482 = VECTOR('',#5483,1.);
#5483 = DIRECTION('',(0.707106781187,1.6E-16,0.707106781186));
#5484 = ORIENTED_EDGE('',*,*,#5485,.T.);
#5485 = EDGE_CURVE('',#5478,#5486,#5488,.T.);
#5486 = VERTEX_POINT('',#5487);
#5487 = CARTESIAN_POINT('',(-2.327817459305,3.455,2.453481963844));
#5488 = CIRCLE('',#5489,0.2);
#5489 = AXIS2_PLACEMENT_3D('',#5490,#5491,#5492);
#5490 = CARTESIAN_POINT('',(-2.186396103068,3.455,2.594903320082));
#5491 = DIRECTION('',(-0.707106781186,1.6E-16,0.707106781187));
#5492 = DIRECTION('',(-0.707106781187,-1.6E-16,-0.707106781186));
#5493 = ORIENTED_EDGE('',*,*,#5494,.T.);
#5494 = EDGE_CURVE('',#5486,#5495,#5497,.T.);
#5495 = VERTEX_POINT('',#5496);
#5496 = CARTESIAN_POINT('',(-2.327817459305,3.155,2.453481963844));
#5497 = LINE('',#5498,#5499);
#5498 = CARTESIAN_POINT('',(-2.327817459305,3.655,2.453481963844));
#5499 = VECTOR('',#5500,1.);
#5500 = DIRECTION('',(0.,-1.,2.2E-16));
#5501 = ORIENTED_EDGE('',*,*,#5502,.T.);
#5502 = EDGE_CURVE('',#5495,#5503,#5505,.T.);
#5503 = VERTEX_POINT('',#5504);
#5504 = CARTESIAN_POINT('',(-2.186396103068,2.955,2.594903320082));
#5505 = CIRCLE('',#5506,0.2);
#5506 = AXIS2_PLACEMENT_3D('',#5507,#5508,#5509);
#5507 = CARTESIAN_POINT('',(-2.186396103068,3.155,2.594903320082));
#5508 = DIRECTION('',(-0.707106781186,1.6E-16,0.707106781187));
#5509 = DIRECTION('',(0.707106781187,1.6E-16,0.707106781186));
#5510 = ORIENTED_EDGE('',*,*,#5511,.T.);
#5511 = EDGE_CURVE('',#5503,#5133,#5512,.T.);
#5512 = LINE('',#5513,#5514);
#5513 = CARTESIAN_POINT('',(-1.656066017178,2.955,3.125233405972));
#5514 = VECTOR('',#5515,1.);
#5515 = DIRECTION('',(0.707106781186,1.6E-16,0.707106781187));
#5516 = ORIENTED_EDGE('',*,*,#5132,.F.);
#5517 = PLANE('',#5518);
#5518 = AXIS2_PLACEMENT_3D('',#5519,#5520,#5521);
#5519 = CARTESIAN_POINT('',(-1.656066017178,3.655,3.125233405972));
#5520 = DIRECTION('',(-0.707106781187,1.6E-16,0.707106781186));
#5521 = DIRECTION('',(-3.137084989928E-18,-1.,2.231370849899E-16));
#5522 = ADVANCED_FACE('',(#5523),#5534,.F.);
#5523 = FACE_BOUND('',#5524,.F.);
#5524 = EDGE_LOOP('',(#5525,#5526,#5527,#5533));
#5525 = ORIENTED_EDGE('',*,*,#5194,.T.);
#5526 = ORIENTED_EDGE('',*,*,#5386,.T.);
#5527 = ORIENTED_EDGE('',*,*,#5528,.T.);
#5528 = EDGE_CURVE('',#5387,#5322,#5529,.T.);
#5529 = LINE('',#5530,#5531);
#5530 = CARTESIAN_POINT('',(-1.77,1.125,2.925735931288));
#5531 = VECTOR('',#5532,1.);
#5532 = DIRECTION('',(0.,1.,-1.1E-16));
#5533 = ORIENTED_EDGE('',*,*,#5370,.F.);
#5534 = CYLINDRICAL_SURFACE('',#5535,6.213203435596E-02);
#5535 = AXIS2_PLACEMENT_3D('',#5536,#5537,#5538);
#5536 = CARTESIAN_POINT('',(-1.77,1.125,2.987867965644));
#5537 = DIRECTION('',(0.,-1.,2.2E-16));
#5538 = DIRECTION('',(-1.,-1.573E-30,-7.15E-15));
#5539 = ADVANCED_FACE('',(#5540),#5546,.F.);
#5540 = FACE_BOUND('',#5541,.F.);
#5541 = EDGE_LOOP('',(#5542,#5543,#5544,#5545));
#5542 = ORIENTED_EDGE('',*,*,#5329,.T.);
#5543 = ORIENTED_EDGE('',*,*,#5528,.F.);
#5544 = ORIENTED_EDGE('',*,*,#5419,.F.);
#5545 = ORIENTED_EDGE('',*,*,#5213,.F.);
#5546 = CYLINDRICAL_SURFACE('',#5547,6.213203435596E-02);
#5547 = AXIS2_PLACEMENT_3D('',#5548,#5549,#5550);
#5548 = CARTESIAN_POINT('',(-1.77,1.125,2.987867965644));
#5549 = DIRECTION('',(0.,-1.,2.2E-16));
#5550 = DIRECTION('',(1.,-1.573E-30,-7.15E-15));
#5551 = ADVANCED_FACE('',(#5552),#5595,.T.);
#5552 = FACE_BOUND('',#5553,.T.);
#5553 = EDGE_LOOP('',(#5554,#5562,#5571,#5579,#5588,#5594));
#5554 = ORIENTED_EDGE('',*,*,#5555,.F.);
#5555 = EDGE_CURVE('',#5556,#5229,#5558,.T.);
#5556 = VERTEX_POINT('',#5557);
#5557 = CARTESIAN_POINT('',(-1.974264068713,2.955,2.382771285726));
#5558 = LINE('',#5559,#5560);
#5559 = CARTESIAN_POINT('',(-1.443933982822,2.955,2.913101371616));
#5560 = VECTOR('',#5561,1.);
#5561 = DIRECTION('',(0.707106781187,1.6E-16,0.707106781186));
#5562 = ORIENTED_EDGE('',*,*,#5563,.F.);
#5563 = EDGE_CURVE('',#5564,#5556,#5566,.T.);
#5564 = VERTEX_POINT('',#5565);
#5565 = CARTESIAN_POINT('',(-2.115685424949,3.155,2.241349929488));
#5566 = CIRCLE('',#5567,0.2);
#5567 = AXIS2_PLACEMENT_3D('',#5568,#5569,#5570);
#5568 = CARTESIAN_POINT('',(-1.974264068712,3.155,2.382771285726));
#5569 = DIRECTION('',(-0.707106781186,1.6E-16,0.707106781187));
#5570 = DIRECTION('',(0.707106781187,1.6E-16,0.707106781186));
#5571 = ORIENTED_EDGE('',*,*,#5572,.T.);
#5572 = EDGE_CURVE('',#5564,#5573,#5575,.T.);
#5573 = VERTEX_POINT('',#5574);
#5574 = CARTESIAN_POINT('',(-2.115685424949,3.455,2.241349929488));
#5575 = LINE('',#5576,#5577);
#5576 = CARTESIAN_POINT('',(-2.115685424949,2.955,2.241349929488));
#5577 = VECTOR('',#5578,1.);
#5578 = DIRECTION('',(0.,1.,-2.2E-16));
#5579 = ORIENTED_EDGE('',*,*,#5580,.F.);
#5580 = EDGE_CURVE('',#5581,#5573,#5583,.T.);
#5581 = VERTEX_POINT('',#5582);
#5582 = CARTESIAN_POINT('',(-1.974264068713,3.655,2.382771285726));
#5583 = CIRCLE('',#5584,0.2);
#5584 = AXIS2_PLACEMENT_3D('',#5585,#5586,#5587);
#5585 = CARTESIAN_POINT('',(-1.974264068712,3.455,2.382771285726));
#5586 = DIRECTION('',(-0.707106781186,1.6E-16,0.707106781187));
#5587 = DIRECTION('',(-0.707106781187,-1.6E-16,-0.707106781186));
#5588 = ORIENTED_EDGE('',*,*,#5589,.T.);
#5589 = EDGE_CURVE('',#5581,#5239,#5590,.T.);
#5590 = LINE('',#5591,#5592);
#5591 = CARTESIAN_POINT('',(-1.443933982822,3.655,2.913101371616));
#5592 = VECTOR('',#5593,1.);
#5593 = DIRECTION('',(0.707106781187,1.6E-16,0.707106781186));
#5594 = ORIENTED_EDGE('',*,*,#5247,.F.);
#5595 = PLANE('',#5596);
#5596 = AXIS2_PLACEMENT_3D('',#5597,#5598,#5599);
#5597 = CARTESIAN_POINT('',(-1.443933982822,2.955,2.913101371616));
#5598 = DIRECTION('',(0.707106781187,-1.6E-16,-0.707106781186));
#5599 = DIRECTION('',(3.137084989928E-18,1.,-2.231370849899E-16));
#5600 = ADVANCED_FACE('',(#5601),#5612,.T.);
#5601 = FACE_BOUND('',#5602,.T.);
#5602 = EDGE_LOOP('',(#5603,#5604,#5605,#5606));
#5603 = ORIENTED_EDGE('',*,*,#5427,.F.);
#5604 = ORIENTED_EDGE('',*,*,#5298,.T.);
#5605 = ORIENTED_EDGE('',*,*,#5312,.T.);
#5606 = ORIENTED_EDGE('',*,*,#5607,.F.);
#5607 = EDGE_CURVE('',#5396,#5313,#5608,.T.);
#5608 = LINE('',#5609,#5610);
#5609 = CARTESIAN_POINT('',(-1.77,-1.275,2.625735931288));
#5610 = VECTOR('',#5611,1.);
#5611 = DIRECTION('',(0.,1.,-1.1E-16));
#5612 = CYLINDRICAL_SURFACE('',#5613,0.362132034356);
#5613 = AXIS2_PLACEMENT_3D('',#5614,#5615,#5616);
#5614 = CARTESIAN_POINT('',(-1.77,-1.275,2.987867965644));
#5615 = DIRECTION('',(0.,-1.,2.2E-16));
#5616 = DIRECTION('',(1.,-8.096E-31,-3.68E-15));
#5617 = ADVANCED_FACE('',(#5618),#5624,.T.);
#5618 = FACE_BOUND('',#5619,.T.);
#5619 = EDGE_LOOP('',(#5620,#5621,#5622,#5623));
#5620 = ORIENTED_EDGE('',*,*,#5607,.T.);
#5621 = ORIENTED_EDGE('',*,*,#5362,.F.);
#5622 = ORIENTED_EDGE('',*,*,#5348,.F.);
#5623 = ORIENTED_EDGE('',*,*,#5403,.T.);
#5624 = CYLINDRICAL_SURFACE('',#5625,0.362132034356);
#5625 = AXIS2_PLACEMENT_3D('',#5626,#5627,#5628);
#5626 = CARTESIAN_POINT('',(-1.77,-1.275,2.987867965644));
#5627 = DIRECTION('',(0.,-1.,2.2E-16));
#5628 = DIRECTION('',(-1.,-8.096E-31,-3.68E-15));
#5629 = ADVANCED_FACE('',(#5630),#5641,.T.);
#5630 = FACE_BOUND('',#5631,.T.);
#5631 = EDGE_LOOP('',(#5632,#5633,#5639,#5640));
#5632 = ORIENTED_EDGE('',*,*,#5589,.F.);
#5633 = ORIENTED_EDGE('',*,*,#5634,.T.);
#5634 = EDGE_CURVE('',#5581,#5478,#5635,.T.);
#5635 = LINE('',#5636,#5637);
#5636 = CARTESIAN_POINT('',(-1.974264068712,3.655,2.382771285725));
#5637 = VECTOR('',#5638,1.);
#5638 = DIRECTION('',(-0.707106781186,1.6E-16,0.707106781187));
#5639 = ORIENTED_EDGE('',*,*,#5477,.T.);
#5640 = ORIENTED_EDGE('',*,*,#5446,.F.);
#5641 = PLANE('',#5642);
#5642 = AXIS2_PLACEMENT_3D('',#5643,#5644,#5645);
#5643 = CARTESIAN_POINT('',(-1.443933982822,3.655,2.913101371616));
#5644 = DIRECTION('',(0.,1.,-2.2E-16));
#5645 = DIRECTION('',(-0.707106781186,1.555634918612E-16,0.707106781187)
  );
#5646 = ADVANCED_FACE('',(#5647),#5658,.T.);
#5647 = FACE_BOUND('',#5648,.T.);
#5648 = EDGE_LOOP('',(#5649,#5650,#5656,#5657));
#5649 = ORIENTED_EDGE('',*,*,#5511,.F.);
#5650 = ORIENTED_EDGE('',*,*,#5651,.T.);
#5651 = EDGE_CURVE('',#5503,#5556,#5652,.T.);
#5652 = LINE('',#5653,#5654);
#5653 = CARTESIAN_POINT('',(-2.186396103068,2.955,2.594903320082));
#5654 = VECTOR('',#5655,1.);
#5655 = DIRECTION('',(0.707106781186,-1.6E-16,-0.707106781187));
#5656 = ORIENTED_EDGE('',*,*,#5555,.T.);
#5657 = ORIENTED_EDGE('',*,*,#5463,.F.);
#5658 = PLANE('',#5659);
#5659 = AXIS2_PLACEMENT_3D('',#5660,#5661,#5662);
#5660 = CARTESIAN_POINT('',(-1.656066017178,2.955,3.125233405972));
#5661 = DIRECTION('',(0.,-1.,2.2E-16));
#5662 = DIRECTION('',(0.707106781186,-1.555634918612E-16,-0.707106781187
    ));
#5663 = ADVANCED_FACE('',(#5664),#5675,.T.);
#5664 = FACE_BOUND('',#5665,.T.);
#5665 = EDGE_LOOP('',(#5666,#5667,#5673,#5674));
#5666 = ORIENTED_EDGE('',*,*,#5580,.T.);
#5667 = ORIENTED_EDGE('',*,*,#5668,.T.);
#5668 = EDGE_CURVE('',#5573,#5486,#5669,.T.);
#5669 = LINE('',#5670,#5671);
#5670 = CARTESIAN_POINT('',(-2.115685424949,3.455,2.241349929488));
#5671 = VECTOR('',#5672,1.);
#5672 = DIRECTION('',(-0.707106781186,1.6E-16,0.707106781187));
#5673 = ORIENTED_EDGE('',*,*,#5485,.F.);
#5674 = ORIENTED_EDGE('',*,*,#5634,.F.);
#5675 = CYLINDRICAL_SURFACE('',#5676,0.2);
#5676 = AXIS2_PLACEMENT_3D('',#5677,#5678,#5679);
#5677 = CARTESIAN_POINT('',(-1.974264068712,3.455,2.382771285725));
#5678 = DIRECTION('',(-0.707106781186,1.6E-16,0.707106781187));
#5679 = DIRECTION('',(3.137084989768E-18,1.,-2.231370849898E-16));
#5680 = ADVANCED_FACE('',(#5681),#5692,.F.);
#5681 = FACE_BOUND('',#5682,.F.);
#5682 = EDGE_LOOP('',(#5683,#5684,#5690,#5691));
#5683 = ORIENTED_EDGE('',*,*,#5494,.T.);
#5684 = ORIENTED_EDGE('',*,*,#5685,.T.);
#5685 = EDGE_CURVE('',#5495,#5564,#5686,.T.);
#5686 = LINE('',#5687,#5688);
#5687 = CARTESIAN_POINT('',(-2.327817459305,3.155,2.453481963844));
#5688 = VECTOR('',#5689,1.);
#5689 = DIRECTION('',(0.707106781186,-1.6E-16,-0.707106781187));
#5690 = ORIENTED_EDGE('',*,*,#5572,.T.);
#5691 = ORIENTED_EDGE('',*,*,#5668,.T.);
#5692 = PLANE('',#5693);
#5693 = AXIS2_PLACEMENT_3D('',#5694,#5695,#5696);
#5694 = CARTESIAN_POINT('',(-2.221751442127,3.305,2.347415946666));
#5695 = DIRECTION('',(0.707106781187,1.6E-16,0.707106781186));
#5696 = DIRECTION('',(-0.707106781186,1.6E-16,0.707106781187));
#5697 = ADVANCED_FACE('',(#5698),#5704,.T.);
#5698 = FACE_BOUND('',#5699,.T.);
#5699 = EDGE_LOOP('',(#5700,#5701,#5702,#5703));
#5700 = ORIENTED_EDGE('',*,*,#5685,.T.);
#5701 = ORIENTED_EDGE('',*,*,#5563,.T.);
#5702 = ORIENTED_EDGE('',*,*,#5651,.F.);
#5703 = ORIENTED_EDGE('',*,*,#5502,.F.);
#5704 = CYLINDRICAL_SURFACE('',#5705,0.2);
#5705 = AXIS2_PLACEMENT_3D('',#5706,#5707,#5708);
#5706 = CARTESIAN_POINT('',(-2.186396103068,3.155,2.594903320082));
#5707 = DIRECTION('',(0.707106781186,-1.6E-16,-0.707106781187));
#5708 = DIRECTION('',(-0.707106781187,-1.6E-16,-0.707106781186));
#5709 = ( GEOMETRIC_REPRESENTATION_CONTEXT(3) 
GLOBAL_UNCERTAINTY_ASSIGNED_CONTEXT((#5713)) 
GLOBAL_UNIT_ASSIGNED_CONTEXT((#5710,#5711,#5712)) REPRESENTATION_CONTEXT
('Context #1','3D Context with UNIT and UNCERTAINTY') );
#5710 = ( LENGTH_UNIT() NAMED_UNIT(*) SI_UNIT(.MILLI.,.METRE.) );
#5711 = ( NAMED_UNIT(*) PLANE_ANGLE_UNIT() SI_UNIT($,.RADIAN.) );
#5712 = ( NAMED_UNIT(*) SI_UNIT($,.STERADIAN.) SOLID_ANGLE_UNIT() );
#5713 = UNCERTAINTY_MEASURE_WITH_UNIT(LENGTH_MEASURE(1.E-07),#5710,
  'distance_accuracy_value','confusion accuracy');
#5714 = CONTEXT_DEPENDENT_SHAPE_REPRESENTATION(#5715,#5717);
#5715 = ( REPRESENTATION_RELATIONSHIP('','',#641,#10) 
REPRESENTATION_RELATIONSHIP_WITH_TRANSFORMATION(#5716) 
SHAPE_REPRESENTATION_RELATIONSHIP() );
#5716 = ITEM_DEFINED_TRANSFORMATION('','',#11,#19);
#5717 = PRODUCT_DEFINITION_SHAPE('Placement','Placement of an item',
  #5718);
#5718 = NEXT_ASSEMBLY_USAGE_OCCURRENCE('57',
  'USB_C_Receptacle_16P_TopMnt_Horizontal_GCT_USB4105-xx-A037','',#5,
  #636,$);
#5719 = PRODUCT_RELATED_PRODUCT_CATEGORY('part',$,(#638));
#5720 = SHAPE_DEFINITION_REPRESENTATION(#5721,#5727);
#5721 = PRODUCT_DEFINITION_SHAPE('','',#5722);
#5722 = PRODUCT_DEFINITION('design','',#5723,#5726);
#5723 = PRODUCT_DEFINITION_FORMATION('','',#5724);
#5724 = PRODUCT(
  'USB_C_Receptacle_16P_TopMnt_Horizontal_GCT_USB4105-xx-A038',
  'USB_C_Receptacle_16P_TopMnt_Horizontal_GCT_USB4105-xx-A038','',(#5725
    ));
#5725 = PRODUCT_CONTEXT('',#2,'mechanical');
#5726 = PRODUCT_DEFINITION_CONTEXT('part definition',#2,'design');
#5727 = ADVANCED_BREP_SHAPE_REPRESENTATION('',(#11,#5728),#7674);
#5728 = MANIFOLD_SOLID_BREP('',#5729);
#5729 = CLOSED_SHELL('',(#5730,#5781,#5806,#5837,#5861,#5885,#5902,#5927
    ,#5982,#6014,#6038,#6072,#6097,#6121,#6209,#6250,#6299,#6355,#6380,
    #6389,#6415,#6448,#6479,#6503,#6527,#6607,#6624,#6675,#6707,#6739,
    #6756,#6780,#6827,#6851,#6875,#6899,#6923,#6985,#7009,#7035,#7049,
    #7073,#7097,#7114,#7132,#7144,#7175,#7206,#7231,#7278,#7303,#7315,
    #7332,#7354,#7366,#7378,#7444,#7510,#7534,#7558,#7575,#7592,#7611,
    #7628,#7645,#7662));
#5730 = ADVANCED_FACE('',(#5731,#5742),#5776,.F.);
#5731 = FACE_BOUND('',#5732,.F.);
#5732 = EDGE_LOOP('',(#5733));
#5733 = ORIENTED_EDGE('',*,*,#5734,.T.);
#5734 = EDGE_CURVE('',#5735,#5735,#5737,.T.);
#5735 = VERTEX_POINT('',#5736);
#5736 = CARTESIAN_POINT('',(-2.56,2.605,0.12));
#5737 = CIRCLE('',#5738,0.33);
#5738 = AXIS2_PLACEMENT_3D('',#5739,#5740,#5741);
#5739 = CARTESIAN_POINT('',(-2.89,2.605,0.12));
#5740 = DIRECTION('',(0.,-7.2E-16,-1.));
#5741 = DIRECTION('',(1.,0.,0.));
#5742 = FACE_BOUND('',#5743,.F.);
#5743 = EDGE_LOOP('',(#5744,#5754,#5762,#5770));
#5744 = ORIENTED_EDGE('',*,*,#5745,.T.);
#5745 = EDGE_CURVE('',#5746,#5748,#5750,.T.);
#5746 = VERTEX_POINT('',#5747);
#5747 = CARTESIAN_POINT('',(0.,3.725,0.12));
#5748 = VERTEX_POINT('',#5749);
#5749 = CARTESIAN_POINT('',(-3.6,3.725,0.12));
#5750 = LINE('',#5751,#5752);
#5751 = CARTESIAN_POINT('',(0.,3.725,0.12));
#5752 = VECTOR('',#5753,1.);
#5753 = DIRECTION('',(-1.,0.,0.));
#5754 = ORIENTED_EDGE('',*,*,#5755,.T.);
#5755 = EDGE_CURVE('',#5748,#5756,#5758,.T.);
#5756 = VERTEX_POINT('',#5757);
#5757 = CARTESIAN_POINT('',(-3.6,2.175,0.12));
#5758 = LINE('',#5759,#5760);
#5759 = CARTESIAN_POINT('',(-3.6,3.725,0.12));
#5760 = VECTOR('',#5761,1.);
#5761 = DIRECTION('',(0.,-1.,1.22E-15));
#5762 = ORIENTED_EDGE('',*,*,#5763,.T.);
#5763 = EDGE_CURVE('',#5756,#5764,#5766,.T.);
#5764 = VERTEX_POINT('',#5765);
#5765 = CARTESIAN_POINT('',(0.,2.175,0.12));
#5766 = LINE('',#5767,#5768);
#5767 = CARTESIAN_POINT('',(-3.6,2.175,0.12));
#5768 = VECTOR('',#5769,1.);
#5769 = DIRECTION('',(1.,0.,0.));
#5770 = ORIENTED_EDGE('',*,*,#5771,.T.);
#5771 = EDGE_CURVE('',#5764,#5746,#5772,.T.);
#5772 = LINE('',#5773,#5774);
#5773 = CARTESIAN_POINT('',(0.,2.175,0.12));
#5774 = VECTOR('',#5775,1.);
#5775 = DIRECTION('',(0.,1.,-1.22E-15));
#5776 = PLANE('',#5777);
#5777 = AXIS2_PLACEMENT_3D('',#5778,#5779,#5780);
#5778 = CARTESIAN_POINT('',(-1.8,2.95,0.12));
#5779 = DIRECTION('',(0.,8.3E-16,1.));
#5780 = DIRECTION('',(0.,1.,-8.3E-16));
#5781 = ADVANCED_FACE('',(#5782),#5801,.T.);
#5782 = FACE_BOUND('',#5783,.T.);
#5783 = EDGE_LOOP('',(#5784,#5792,#5793,#5794));
#5784 = ORIENTED_EDGE('',*,*,#5785,.F.);
#5785 = EDGE_CURVE('',#5735,#5786,#5788,.T.);
#5786 = VERTEX_POINT('',#5787);
#5787 = CARTESIAN_POINT('',(-2.64,2.605,3.999999999999E-02));
#5788 = LINE('',#5789,#5790);
#5789 = CARTESIAN_POINT('',(-2.64,2.605,4.E-02));
#5790 = VECTOR('',#5791,1.);
#5791 = DIRECTION('',(-0.707106781187,-5.1E-16,-0.707106781187));
#5792 = ORIENTED_EDGE('',*,*,#5734,.T.);
#5793 = ORIENTED_EDGE('',*,*,#5785,.T.);
#5794 = ORIENTED_EDGE('',*,*,#5795,.F.);
#5795 = EDGE_CURVE('',#5786,#5786,#5796,.T.);
#5796 = CIRCLE('',#5797,0.25);
#5797 = AXIS2_PLACEMENT_3D('',#5798,#5799,#5800);
#5798 = CARTESIAN_POINT('',(-2.89,2.605,4.E-02));
#5799 = DIRECTION('',(0.,-7.2E-16,-1.));
#5800 = DIRECTION('',(1.,0.,0.));
#5801 = CONICAL_SURFACE('',#5802,0.25,0.785398163397);
#5802 = AXIS2_PLACEMENT_3D('',#5803,#5804,#5805);
#5803 = CARTESIAN_POINT('',(-2.89,2.605,4.E-02));
#5804 = DIRECTION('',(0.,7.2E-16,1.));
#5805 = DIRECTION('',(1.,0.,-0.));
#5806 = ADVANCED_FACE('',(#5807),#5832,.T.);
#5807 = FACE_BOUND('',#5808,.T.);
#5808 = EDGE_LOOP('',(#5809,#5817,#5818,#5826));
#5809 = ORIENTED_EDGE('',*,*,#5810,.T.);
#5810 = EDGE_CURVE('',#5811,#5746,#5813,.T.);
#5811 = VERTEX_POINT('',#5812);
#5812 = CARTESIAN_POINT('',(0.,3.725,0.43));
#5813 = LINE('',#5814,#5815);
#5814 = CARTESIAN_POINT('',(0.,3.725,0.43));
#5815 = VECTOR('',#5816,1.);
#5816 = DIRECTION('',(0.,-6.9E-16,-1.));
#5817 = ORIENTED_EDGE('',*,*,#5745,.T.);
#5818 = ORIENTED_EDGE('',*,*,#5819,.F.);
#5819 = EDGE_CURVE('',#5820,#5748,#5822,.T.);
#5820 = VERTEX_POINT('',#5821);
#5821 = CARTESIAN_POINT('',(-3.6,3.725,0.43));
#5822 = LINE('',#5823,#5824);
#5823 = CARTESIAN_POINT('',(-3.6,3.725,0.43));
#5824 = VECTOR('',#5825,1.);
#5825 = DIRECTION('',(0.,-6.9E-16,-1.));
#5826 = ORIENTED_EDGE('',*,*,#5827,.T.);
#5827 = EDGE_CURVE('',#5820,#5811,#5828,.T.);
#5828 = LINE('',#5829,#5830);
#5829 = CARTESIAN_POINT('',(-4.15,3.725,0.43));
#5830 = VECTOR('',#5831,1.);
#5831 = DIRECTION('',(1.,0.,0.));
#5832 = PLANE('',#5833);
#5833 = AXIS2_PLACEMENT_3D('',#5834,#5835,#5836);
#5834 = CARTESIAN_POINT('',(0.,3.725,0.43));
#5835 = DIRECTION('',(0.,1.,-6.9E-16));
#5836 = DIRECTION('',(-1.,0.,0.));
#5837 = ADVANCED_FACE('',(#5838),#5856,.T.);
#5838 = FACE_BOUND('',#5839,.T.);
#5839 = EDGE_LOOP('',(#5840,#5848,#5849,#5850));
#5840 = ORIENTED_EDGE('',*,*,#5841,.T.);
#5841 = EDGE_CURVE('',#5842,#5764,#5844,.T.);
#5842 = VERTEX_POINT('',#5843);
#5843 = CARTESIAN_POINT('',(0.,2.175,0.43));
#5844 = LINE('',#5845,#5846);
#5845 = CARTESIAN_POINT('',(0.,2.175,0.43));
#5846 = VECTOR('',#5847,1.);
#5847 = DIRECTION('',(0.,-6.9E-16,-1.));
#5848 = ORIENTED_EDGE('',*,*,#5771,.T.);
#5849 = ORIENTED_EDGE('',*,*,#5810,.F.);
#5850 = ORIENTED_EDGE('',*,*,#5851,.T.);
#5851 = EDGE_CURVE('',#5811,#5842,#5852,.T.);
#5852 = LINE('',#5853,#5854);
#5853 = CARTESIAN_POINT('',(0.,3.725,0.43));
#5854 = VECTOR('',#5855,1.);
#5855 = DIRECTION('',(0.,-1.,2.2E-16));
#5856 = PLANE('',#5857);
#5857 = AXIS2_PLACEMENT_3D('',#5858,#5859,#5860);
#5858 = CARTESIAN_POINT('',(0.,2.175,0.43));
#5859 = DIRECTION('',(1.,0.,0.));
#5860 = DIRECTION('',(0.,1.,-6.9E-16));
#5861 = ADVANCED_FACE('',(#5862),#5880,.T.);
#5862 = FACE_BOUND('',#5863,.T.);
#5863 = EDGE_LOOP('',(#5864,#5865,#5866,#5874));
#5864 = ORIENTED_EDGE('',*,*,#5819,.T.);
#5865 = ORIENTED_EDGE('',*,*,#5755,.T.);
#5866 = ORIENTED_EDGE('',*,*,#5867,.F.);
#5867 = EDGE_CURVE('',#5868,#5756,#5870,.T.);
#5868 = VERTEX_POINT('',#5869);
#5869 = CARTESIAN_POINT('',(-3.6,2.175,0.43));
#5870 = LINE('',#5871,#5872);
#5871 = CARTESIAN_POINT('',(-3.6,2.175,0.43));
#5872 = VECTOR('',#5873,1.);
#5873 = DIRECTION('',(0.,-6.9E-16,-1.));
#5874 = ORIENTED_EDGE('',*,*,#5875,.F.);
#5875 = EDGE_CURVE('',#5820,#5868,#5876,.T.);
#5876 = LINE('',#5877,#5878);
#5877 = CARTESIAN_POINT('',(-3.6,3.725,0.43));
#5878 = VECTOR('',#5879,1.);
#5879 = DIRECTION('',(0.,-1.,1.22E-15));
#5880 = PLANE('',#5881);
#5881 = AXIS2_PLACEMENT_3D('',#5882,#5883,#5884);
#5882 = CARTESIAN_POINT('',(-3.6,3.725,0.43));
#5883 = DIRECTION('',(-1.,0.,0.));
#5884 = DIRECTION('',(0.,-1.,6.9E-16));
#5885 = ADVANCED_FACE('',(#5886),#5897,.T.);
#5886 = FACE_BOUND('',#5887,.T.);
#5887 = EDGE_LOOP('',(#5888,#5889,#5890,#5891));
#5888 = ORIENTED_EDGE('',*,*,#5867,.T.);
#5889 = ORIENTED_EDGE('',*,*,#5763,.T.);
#5890 = ORIENTED_EDGE('',*,*,#5841,.F.);
#5891 = ORIENTED_EDGE('',*,*,#5892,.T.);
#5892 = EDGE_CURVE('',#5842,#5868,#5893,.T.);
#5893 = LINE('',#5894,#5895);
#5894 = CARTESIAN_POINT('',(0.,2.175,0.43));
#5895 = VECTOR('',#5896,1.);
#5896 = DIRECTION('',(-1.,0.,0.));
#5897 = PLANE('',#5898);
#5898 = AXIS2_PLACEMENT_3D('',#5899,#5900,#5901);
#5899 = CARTESIAN_POINT('',(-3.6,2.175,0.43));
#5900 = DIRECTION('',(0.,-1.,6.9E-16));
#5901 = DIRECTION('',(1.,0.,0.));
#5902 = ADVANCED_FACE('',(#5903),#5922,.T.);
#5903 = FACE_BOUND('',#5904,.T.);
#5904 = EDGE_LOOP('',(#5905,#5906,#5914,#5921));
#5905 = ORIENTED_EDGE('',*,*,#5795,.T.);
#5906 = ORIENTED_EDGE('',*,*,#5907,.T.);
#5907 = EDGE_CURVE('',#5786,#5908,#5910,.T.);
#5908 = VERTEX_POINT('',#5909);
#5909 = CARTESIAN_POINT('',(-2.64,2.605,-0.52));
#5910 = LINE('',#5911,#5912);
#5911 = CARTESIAN_POINT('',(-2.64,2.605,0.12));
#5912 = VECTOR('',#5913,1.);
#5913 = DIRECTION('',(0.,-7.2E-16,-1.));
#5914 = ORIENTED_EDGE('',*,*,#5915,.F.);
#5915 = EDGE_CURVE('',#5908,#5908,#5916,.T.);
#5916 = CIRCLE('',#5917,0.25);
#5917 = AXIS2_PLACEMENT_3D('',#5918,#5919,#5920);
#5918 = CARTESIAN_POINT('',(-2.89,2.605,-0.52));
#5919 = DIRECTION('',(2.E-17,-7.2E-16,-1.));
#5920 = DIRECTION('',(1.,0.,2.E-17));
#5921 = ORIENTED_EDGE('',*,*,#5907,.F.);
#5922 = CYLINDRICAL_SURFACE('',#5923,0.25);
#5923 = AXIS2_PLACEMENT_3D('',#5924,#5925,#5926);
#5924 = CARTESIAN_POINT('',(-2.89,2.605,0.12));
#5925 = DIRECTION('',(0.,7.2E-16,1.));
#5926 = DIRECTION('',(1.,0.,-0.));
#5927 = ADVANCED_FACE('',(#5928),#5977,.F.);
#5928 = FACE_BOUND('',#5929,.F.);
#5929 = EDGE_LOOP('',(#5930,#5940,#5948,#5954,#5955,#5963,#5971));
#5930 = ORIENTED_EDGE('',*,*,#5931,.T.);
#5931 = EDGE_CURVE('',#5932,#5934,#5936,.T.);
#5932 = VERTEX_POINT('',#5933);
#5933 = CARTESIAN_POINT('',(-3.15,3.725,1.73));
#5934 = VERTEX_POINT('',#5935);
#5935 = CARTESIAN_POINT('',(-4.15,3.725,1.73));
#5936 = LINE('',#5937,#5938);
#5937 = CARTESIAN_POINT('',(-3.15,3.725,1.73));
#5938 = VECTOR('',#5939,1.);
#5939 = DIRECTION('',(-1.,-0.,-2.2E-16));
#5940 = ORIENTED_EDGE('',*,*,#5941,.T.);
#5941 = EDGE_CURVE('',#5934,#5942,#5944,.T.);
#5942 = VERTEX_POINT('',#5943);
#5943 = CARTESIAN_POINT('',(-4.15,3.725,0.43));
#5944 = LINE('',#5945,#5946);
#5945 = CARTESIAN_POINT('',(-4.15,3.725,1.82));
#5946 = VECTOR('',#5947,1.);
#5947 = DIRECTION('',(0.,-5.8E-16,-1.));
#5948 = ORIENTED_EDGE('',*,*,#5949,.T.);
#5949 = EDGE_CURVE('',#5942,#5820,#5950,.T.);
#5950 = LINE('',#5951,#5952);
#5951 = CARTESIAN_POINT('',(-4.15,3.725,0.43));
#5952 = VECTOR('',#5953,1.);
#5953 = DIRECTION('',(1.,0.,0.));
#5954 = ORIENTED_EDGE('',*,*,#5827,.T.);
#5955 = ORIENTED_EDGE('',*,*,#5956,.F.);
#5956 = EDGE_CURVE('',#5957,#5811,#5959,.T.);
#5957 = VERTEX_POINT('',#5958);
#5958 = CARTESIAN_POINT('',(0.,3.725,1.82));
#5959 = LINE('',#5960,#5961);
#5960 = CARTESIAN_POINT('',(0.,3.725,1.82));
#5961 = VECTOR('',#5962,1.);
#5962 = DIRECTION('',(0.,-5.8E-16,-1.));
#5963 = ORIENTED_EDGE('',*,*,#5964,.F.);
#5964 = EDGE_CURVE('',#5965,#5957,#5967,.T.);
#5965 = VERTEX_POINT('',#5966);
#5966 = CARTESIAN_POINT('',(-3.15,3.725,1.82));
#5967 = LINE('',#5968,#5969);
#5968 = CARTESIAN_POINT('',(-4.15,3.725,1.82));
#5969 = VECTOR('',#5970,1.);
#5970 = DIRECTION('',(1.,0.,0.));
#5971 = ORIENTED_EDGE('',*,*,#5972,.F.);
#5972 = EDGE_CURVE('',#5932,#5965,#5973,.T.);
#5973 = LINE('',#5974,#5975);
#5974 = CARTESIAN_POINT('',(-3.15,3.725,1.73));
#5975 = VECTOR('',#5976,1.);
#5976 = DIRECTION('',(0.,2.2E-16,1.));
#5977 = PLANE('',#5978);
#5978 = AXIS2_PLACEMENT_3D('',#5979,#5980,#5981);
#5979 = CARTESIAN_POINT('',(-4.15,3.725,1.82));
#5980 = DIRECTION('',(0.,-1.,5.8E-16));
#5981 = DIRECTION('',(1.,0.,0.));
#5982 = ADVANCED_FACE('',(#5983),#6009,.F.);
#5983 = FACE_BOUND('',#5984,.F.);
#5984 = EDGE_LOOP('',(#5985,#5986,#5987,#5995,#6003));
#5985 = ORIENTED_EDGE('',*,*,#5956,.T.);
#5986 = ORIENTED_EDGE('',*,*,#5851,.T.);
#5987 = ORIENTED_EDGE('',*,*,#5988,.F.);
#5988 = EDGE_CURVE('',#5989,#5842,#5991,.T.);
#5989 = VERTEX_POINT('',#5990);
#5990 = CARTESIAN_POINT('',(0.,2.175,0.47));
#5991 = LINE('',#5992,#5993);
#5992 = CARTESIAN_POINT('',(0.,2.175,1.82));
#5993 = VECTOR('',#5994,1.);
#5994 = DIRECTION('',(0.,-5.8E-16,-1.));
#5995 = ORIENTED_EDGE('',*,*,#5996,.T.);
#5996 = EDGE_CURVE('',#5989,#5997,#5999,.T.);
#5997 = VERTEX_POINT('',#5998);
#5998 = CARTESIAN_POINT('',(0.,2.175,1.82));
#5999 = LINE('',#6000,#6001);
#6000 = CARTESIAN_POINT('',(0.,2.175,0.47));
#6001 = VECTOR('',#6002,1.);
#6002 = DIRECTION('',(0.,6.6E-16,1.));
#6003 = ORIENTED_EDGE('',*,*,#6004,.F.);
#6004 = EDGE_CURVE('',#5957,#5997,#6005,.T.);
#6005 = LINE('',#6006,#6007);
#6006 = CARTESIAN_POINT('',(0.,3.725,1.82));
#6007 = VECTOR('',#6008,1.);
#6008 = DIRECTION('',(0.,-1.,2.2E-16));
#6009 = PLANE('',#6010);
#6010 = AXIS2_PLACEMENT_3D('',#6011,#6012,#6013);
#6011 = CARTESIAN_POINT('',(0.,3.725,1.82));
#6012 = DIRECTION('',(-1.,0.,0.));
#6013 = DIRECTION('',(0.,-1.,3.3E-16));
#6014 = ADVANCED_FACE('',(#6015),#6033,.F.);
#6015 = FACE_BOUND('',#6016,.F.);
#6016 = EDGE_LOOP('',(#6017,#6018,#6026,#6032));
#6017 = ORIENTED_EDGE('',*,*,#5949,.F.);
#6018 = ORIENTED_EDGE('',*,*,#6019,.F.);
#6019 = EDGE_CURVE('',#6020,#5942,#6022,.T.);
#6020 = VERTEX_POINT('',#6021);
#6021 = CARTESIAN_POINT('',(-4.15,2.175,0.43));
#6022 = LINE('',#6023,#6024);
#6023 = CARTESIAN_POINT('',(-4.15,2.175,0.43));
#6024 = VECTOR('',#6025,1.);
#6025 = DIRECTION('',(0.,1.,-2.2E-16));
#6026 = ORIENTED_EDGE('',*,*,#6027,.F.);
#6027 = EDGE_CURVE('',#5868,#6020,#6028,.T.);
#6028 = LINE('',#6029,#6030);
#6029 = CARTESIAN_POINT('',(0.,2.175,0.43));
#6030 = VECTOR('',#6031,1.);
#6031 = DIRECTION('',(-1.,0.,0.));
#6032 = ORIENTED_EDGE('',*,*,#5875,.F.);
#6033 = PLANE('',#6034);
#6034 = AXIS2_PLACEMENT_3D('',#6035,#6036,#6037);
#6035 = CARTESIAN_POINT('',(-2.075,2.95,0.43));
#6036 = DIRECTION('',(0.,4.7E-16,1.));
#6037 = DIRECTION('',(0.,1.,-4.7E-16));
#6038 = ADVANCED_FACE('',(#6039),#6067,.F.);
#6039 = FACE_BOUND('',#6040,.F.);
#6040 = EDGE_LOOP('',(#6041,#6049,#6050,#6051,#6052,#6060));
#6041 = ORIENTED_EDGE('',*,*,#6042,.F.);
#6042 = EDGE_CURVE('',#5989,#6043,#6045,.T.);
#6043 = VERTEX_POINT('',#6044);
#6044 = CARTESIAN_POINT('',(-3.17,2.175,0.47));
#6045 = LINE('',#6046,#6047);
#6046 = CARTESIAN_POINT('',(0.,2.175,0.47));
#6047 = VECTOR('',#6048,1.);
#6048 = DIRECTION('',(-1.,0.,0.));
#6049 = ORIENTED_EDGE('',*,*,#5988,.T.);
#6050 = ORIENTED_EDGE('',*,*,#5892,.T.);
#6051 = ORIENTED_EDGE('',*,*,#6027,.T.);
#6052 = ORIENTED_EDGE('',*,*,#6053,.F.);
#6053 = EDGE_CURVE('',#6054,#6020,#6056,.T.);
#6054 = VERTEX_POINT('',#6055);
#6055 = CARTESIAN_POINT('',(-4.15,2.175,1.45));
#6056 = LINE('',#6057,#6058);
#6057 = CARTESIAN_POINT('',(-4.15,2.175,1.82));
#6058 = VECTOR('',#6059,1.);
#6059 = DIRECTION('',(0.,-5.8E-16,-1.));
#6060 = ORIENTED_EDGE('',*,*,#6061,.T.);
#6061 = EDGE_CURVE('',#6054,#6043,#6062,.T.);
#6062 = CIRCLE('',#6063,0.98);
#6063 = AXIS2_PLACEMENT_3D('',#6064,#6065,#6066);
#6064 = CARTESIAN_POINT('',(-3.17,2.175,1.45));
#6065 = DIRECTION('',(0.,-1.,6.6E-16));
#6066 = DIRECTION('',(1.,0.,0.));
#6067 = PLANE('',#6068);
#6068 = AXIS2_PLACEMENT_3D('',#6069,#6070,#6071);
#6069 = CARTESIAN_POINT('',(0.,2.175,1.82));
#6070 = DIRECTION('',(0.,1.,-5.8E-16));
#6071 = DIRECTION('',(-1.,0.,0.));
#6072 = ADVANCED_FACE('',(#6073),#6092,.T.);
#6073 = FACE_BOUND('',#6074,.T.);
#6074 = EDGE_LOOP('',(#6075,#6083,#6084,#6085));
#6075 = ORIENTED_EDGE('',*,*,#6076,.F.);
#6076 = EDGE_CURVE('',#5908,#6077,#6079,.T.);
#6077 = VERTEX_POINT('',#6078);
#6078 = CARTESIAN_POINT('',(-2.72,2.605,-0.6));
#6079 = LINE('',#6080,#6081);
#6080 = CARTESIAN_POINT('',(-2.64,2.605,-0.52));
#6081 = VECTOR('',#6082,1.);
#6082 = DIRECTION('',(-0.707106781187,-5.1E-16,-0.707106781187));
#6083 = ORIENTED_EDGE('',*,*,#5915,.T.);
#6084 = ORIENTED_EDGE('',*,*,#6076,.T.);
#6085 = ORIENTED_EDGE('',*,*,#6086,.F.);
#6086 = EDGE_CURVE('',#6077,#6077,#6087,.T.);
#6087 = CIRCLE('',#6088,0.17);
#6088 = AXIS2_PLACEMENT_3D('',#6089,#6090,#6091);
#6089 = CARTESIAN_POINT('',(-2.89,2.605,-0.6));
#6090 = DIRECTION('',(2.E-17,-7.2E-16,-1.));
#6091 = DIRECTION('',(1.,0.,2.E-17));
#6092 = CONICAL_SURFACE('',#6093,0.25,0.785398163397);
#6093 = AXIS2_PLACEMENT_3D('',#6094,#6095,#6096);
#6094 = CARTESIAN_POINT('',(-2.89,2.605,-0.52));
#6095 = DIRECTION('',(-2.E-17,7.2E-16,1.));
#6096 = DIRECTION('',(1.,0.,2.E-17));
#6097 = ADVANCED_FACE('',(#6098),#6116,.F.);
#6098 = FACE_BOUND('',#6099,.F.);
#6099 = EDGE_LOOP('',(#6100,#6108,#6114,#6115));
#6100 = ORIENTED_EDGE('',*,*,#6101,.F.);
#6101 = EDGE_CURVE('',#6102,#5965,#6104,.T.);
#6102 = VERTEX_POINT('',#6103);
#6103 = CARTESIAN_POINT('',(-4.15,3.725,1.82));
#6104 = LINE('',#6105,#6106);
#6105 = CARTESIAN_POINT('',(-4.15,3.725,1.82));
#6106 = VECTOR('',#6107,1.);
#6107 = DIRECTION('',(1.,0.,0.));
#6108 = ORIENTED_EDGE('',*,*,#6109,.T.);
#6109 = EDGE_CURVE('',#6102,#5934,#6110,.T.);
#6110 = LINE('',#6111,#6112);
#6111 = CARTESIAN_POINT('',(-4.15,3.725,1.82));
#6112 = VECTOR('',#6113,1.);
#6113 = DIRECTION('',(0.,-5.8E-16,-1.));
#6114 = ORIENTED_EDGE('',*,*,#5931,.F.);
#6115 = ORIENTED_EDGE('',*,*,#5972,.T.);
#6116 = PLANE('',#6117);
#6117 = AXIS2_PLACEMENT_3D('',#6118,#6119,#6120);
#6118 = CARTESIAN_POINT('',(-4.15,3.725,1.82));
#6119 = DIRECTION('',(0.,-1.,5.8E-16));
#6120 = DIRECTION('',(1.,0.,0.));
#6121 = ADVANCED_FACE('',(#6122),#6204,.T.);
#6122 = FACE_BOUND('',#6123,.T.);
#6123 = EDGE_LOOP('',(#6124,#6134,#6142,#6150,#6158,#6164,#6165,#6173,
    #6181,#6190,#6198));
#6124 = ORIENTED_EDGE('',*,*,#6125,.T.);
#6125 = EDGE_CURVE('',#6126,#6128,#6130,.T.);
#6126 = VERTEX_POINT('',#6127);
#6127 = CARTESIAN_POINT('',(-2.4,3.725,2.79));
#6128 = VERTEX_POINT('',#6129);
#6129 = CARTESIAN_POINT('',(-2.4,3.725,2.19));
#6130 = LINE('',#6131,#6132);
#6131 = CARTESIAN_POINT('',(-2.4,3.725,2.99));
#6132 = VECTOR('',#6133,1.);
#6133 = DIRECTION('',(0.,-1.22E-15,-1.));
#6134 = ORIENTED_EDGE('',*,*,#6135,.T.);
#6135 = EDGE_CURVE('',#6128,#6136,#6138,.T.);
#6136 = VERTEX_POINT('',#6137);
#6137 = CARTESIAN_POINT('',(-1.2,3.725,2.19));
#6138 = LINE('',#6139,#6140);
#6139 = CARTESIAN_POINT('',(-2.4,3.725,2.19));
#6140 = VECTOR('',#6141,1.);
#6141 = DIRECTION('',(1.,0.,0.));
#6142 = ORIENTED_EDGE('',*,*,#6143,.F.);
#6143 = EDGE_CURVE('',#6144,#6136,#6146,.T.);
#6144 = VERTEX_POINT('',#6145);
#6145 = CARTESIAN_POINT('',(-1.2,3.725,2.99));
#6146 = LINE('',#6147,#6148);
#6147 = CARTESIAN_POINT('',(-1.2,3.725,2.99));
#6148 = VECTOR('',#6149,1.);
#6149 = DIRECTION('',(0.,-1.22E-15,-1.));
#6150 = ORIENTED_EDGE('',*,*,#6151,.T.);
#6151 = EDGE_CURVE('',#6144,#6152,#6154,.T.);
#6152 = VERTEX_POINT('',#6153);
#6153 = CARTESIAN_POINT('',(0.,3.725,2.99));
#6154 = LINE('',#6155,#6156);
#6155 = CARTESIAN_POINT('',(-3.17,3.725,2.99));
#6156 = VECTOR('',#6157,1.);
#6157 = DIRECTION('',(1.,0.,0.));
#6158 = ORIENTED_EDGE('',*,*,#6159,.T.);
#6159 = EDGE_CURVE('',#6152,#5957,#6160,.T.);
#6160 = LINE('',#6161,#6162);
#6161 = CARTESIAN_POINT('',(0.,3.725,2.99));
#6162 = VECTOR('',#6163,1.);
#6163 = DIRECTION('',(0.,-2.2E-16,-1.));
#6164 = ORIENTED_EDGE('',*,*,#5964,.F.);
#6165 = ORIENTED_EDGE('',*,*,#6166,.T.);
#6166 = EDGE_CURVE('',#5965,#6167,#6169,.T.);
#6167 = VERTEX_POINT('',#6168);
#6168 = CARTESIAN_POINT('',(-3.15,3.725,2.66));
#6169 = LINE('',#6170,#6171);
#6170 = CARTESIAN_POINT('',(-3.15,3.725,1.73));
#6171 = VECTOR('',#6172,1.);
#6172 = DIRECTION('',(0.,2.2E-16,1.));
#6173 = ORIENTED_EDGE('',*,*,#6174,.T.);
#6174 = EDGE_CURVE('',#6167,#6175,#6177,.T.);
#6175 = VERTEX_POINT('',#6176);
#6176 = CARTESIAN_POINT('',(-3.903416661932,3.725,2.66));
#6177 = LINE('',#6178,#6179);
#6178 = CARTESIAN_POINT('',(-3.15,3.725,2.66));
#6179 = VECTOR('',#6180,1.);
#6180 = DIRECTION('',(-1.,-0.,-2.2E-16));
#6181 = ORIENTED_EDGE('',*,*,#6182,.F.);
#6182 = EDGE_CURVE('',#6183,#6175,#6185,.T.);
#6183 = VERTEX_POINT('',#6184);
#6184 = CARTESIAN_POINT('',(-3.17,3.725,2.99));
#6185 = CIRCLE('',#6186,0.98);
#6186 = AXIS2_PLACEMENT_3D('',#6187,#6188,#6189);
#6187 = CARTESIAN_POINT('',(-3.17,3.725,2.01));
#6188 = DIRECTION('',(0.,-1.,2.2E-16));
#6189 = DIRECTION('',(1.,0.,0.));
#6190 = ORIENTED_EDGE('',*,*,#6191,.T.);
#6191 = EDGE_CURVE('',#6183,#6192,#6194,.T.);
#6192 = VERTEX_POINT('',#6193);
#6193 = CARTESIAN_POINT('',(-2.6,3.725,2.99));
#6194 = LINE('',#6195,#6196);
#6195 = CARTESIAN_POINT('',(-3.17,3.725,2.99));
#6196 = VECTOR('',#6197,1.);
#6197 = DIRECTION('',(1.,0.,0.));
#6198 = ORIENTED_EDGE('',*,*,#6199,.T.);
#6199 = EDGE_CURVE('',#6192,#6126,#6200,.T.);
#6200 = LINE('',#6201,#6202);
#6201 = CARTESIAN_POINT('',(-2.063926689938,3.725,2.453926689938));
#6202 = VECTOR('',#6203,1.);
#6203 = DIRECTION('',(0.707106781187,-3.2E-16,-0.707106781187));
#6204 = PLANE('',#6205);
#6205 = AXIS2_PLACEMENT_3D('',#6206,#6207,#6208);
#6206 = CARTESIAN_POINT('',(-1.915706759753,3.725,1.73));
#6207 = DIRECTION('',(0.,1.,-4.4E-16));
#6208 = DIRECTION('',(0.,4.4E-16,1.));
#6209 = ADVANCED_FACE('',(#6210),#6245,.F.);
#6210 = FACE_BOUND('',#6211,.F.);
#6211 = EDGE_LOOP('',(#6212,#6222,#6228,#6229,#6230,#6231,#6239));
#6212 = ORIENTED_EDGE('',*,*,#6213,.F.);
#6213 = EDGE_CURVE('',#6214,#6216,#6218,.T.);
#6214 = VERTEX_POINT('',#6215);
#6215 = CARTESIAN_POINT('',(-4.15,2.175,1.82));
#6216 = VERTEX_POINT('',#6217);
#6217 = CARTESIAN_POINT('',(-4.15,3.035,1.82));
#6218 = LINE('',#6219,#6220);
#6219 = CARTESIAN_POINT('',(-4.15,2.175,1.82));
#6220 = VECTOR('',#6221,1.);
#6221 = DIRECTION('',(0.,1.,-2.2E-16));
#6222 = ORIENTED_EDGE('',*,*,#6223,.F.);
#6223 = EDGE_CURVE('',#6054,#6214,#6224,.T.);
#6224 = LINE('',#6225,#6226);
#6225 = CARTESIAN_POINT('',(-4.15,2.175,0.47));
#6226 = VECTOR('',#6227,1.);
#6227 = DIRECTION('',(0.,6.6E-16,1.));
#6228 = ORIENTED_EDGE('',*,*,#6053,.T.);
#6229 = ORIENTED_EDGE('',*,*,#6019,.T.);
#6230 = ORIENTED_EDGE('',*,*,#5941,.F.);
#6231 = ORIENTED_EDGE('',*,*,#6232,.F.);
#6232 = EDGE_CURVE('',#6233,#5934,#6235,.T.);
#6233 = VERTEX_POINT('',#6234);
#6234 = CARTESIAN_POINT('',(-4.15,3.125,1.73));
#6235 = LINE('',#6236,#6237);
#6236 = CARTESIAN_POINT('',(-4.15,2.6,1.73));
#6237 = VECTOR('',#6238,1.);
#6238 = DIRECTION('',(0.,1.,-3.3E-16));
#6239 = ORIENTED_EDGE('',*,*,#6240,.F.);
#6240 = EDGE_CURVE('',#6216,#6233,#6241,.T.);
#6241 = LINE('',#6242,#6243);
#6242 = CARTESIAN_POINT('',(-4.15,2.84,2.015));
#6243 = VECTOR('',#6244,1.);
#6244 = DIRECTION('',(0.,0.707106781187,-0.707106781187));
#6245 = PLANE('',#6246);
#6246 = AXIS2_PLACEMENT_3D('',#6247,#6248,#6249);
#6247 = CARTESIAN_POINT('',(-4.15,2.175,1.82));
#6248 = DIRECTION('',(1.,0.,0.));
#6249 = DIRECTION('',(0.,1.,-3.3E-16));
#6250 = ADVANCED_FACE('',(#6251),#6294,.F.);
#6251 = FACE_BOUND('',#6252,.F.);
#6252 = EDGE_LOOP('',(#6253,#6263,#6269,#6270,#6271,#6272,#6280,#6288));
#6253 = ORIENTED_EDGE('',*,*,#6254,.F.);
#6254 = EDGE_CURVE('',#6255,#6257,#6259,.T.);
#6255 = VERTEX_POINT('',#6256);
#6256 = CARTESIAN_POINT('',(0.,1.125,2.99));
#6257 = VERTEX_POINT('',#6258);
#6258 = CARTESIAN_POINT('',(0.,1.125,2.33));
#6259 = LINE('',#6260,#6261);
#6260 = CARTESIAN_POINT('',(0.,1.125,2.99));
#6261 = VECTOR('',#6262,1.);
#6262 = DIRECTION('',(0.,-2.2E-16,-1.));
#6263 = ORIENTED_EDGE('',*,*,#6264,.T.);
#6264 = EDGE_CURVE('',#6255,#6152,#6265,.T.);
#6265 = LINE('',#6266,#6267);
#6266 = CARTESIAN_POINT('',(0.,1.125,2.99));
#6267 = VECTOR('',#6268,1.);
#6268 = DIRECTION('',(0.,1.,-6.6E-16));
#6269 = ORIENTED_EDGE('',*,*,#6159,.T.);
#6270 = ORIENTED_EDGE('',*,*,#6004,.T.);
#6271 = ORIENTED_EDGE('',*,*,#5996,.F.);
#6272 = ORIENTED_EDGE('',*,*,#6273,.F.);
#6273 = EDGE_CURVE('',#6274,#5989,#6276,.T.);
#6274 = VERTEX_POINT('',#6275);
#6275 = CARTESIAN_POINT('',(0.,1.125,0.47));
#6276 = LINE('',#6277,#6278);
#6277 = CARTESIAN_POINT('',(0.,1.125,0.47));
#6278 = VECTOR('',#6279,1.);
#6279 = DIRECTION('',(0.,1.,-6.6E-16));
#6280 = ORIENTED_EDGE('',*,*,#6281,.F.);
#6281 = EDGE_CURVE('',#6282,#6274,#6284,.T.);
#6282 = VERTEX_POINT('',#6283);
#6283 = CARTESIAN_POINT('',(0.,1.125,1.13));
#6284 = LINE('',#6285,#6286);
#6285 = CARTESIAN_POINT('',(0.,1.125,2.99));
#6286 = VECTOR('',#6287,1.);
#6287 = DIRECTION('',(0.,-2.2E-16,-1.));
#6288 = ORIENTED_EDGE('',*,*,#6289,.F.);
#6289 = EDGE_CURVE('',#6257,#6282,#6290,.T.);
#6290 = LINE('',#6291,#6292);
#6291 = CARTESIAN_POINT('',(0.,1.125,2.33));
#6292 = VECTOR('',#6293,1.);
#6293 = DIRECTION('',(0.,-2.2E-16,-1.));
#6294 = PLANE('',#6295);
#6295 = AXIS2_PLACEMENT_3D('',#6296,#6297,#6298);
#6296 = CARTESIAN_POINT('',(0.,1.125,2.99));
#6297 = DIRECTION('',(-1.,0.,0.));
#6298 = DIRECTION('',(-0.,-6.6E-16,-1.));
#6299 = ADVANCED_FACE('',(#6300),#6350,.F.);
#6300 = FACE_BOUND('',#6301,.F.);
#6301 = EDGE_LOOP('',(#6302,#6310,#6311,#6312,#6320,#6328,#6336,#6344));
#6302 = ORIENTED_EDGE('',*,*,#6303,.F.);
#6303 = EDGE_CURVE('',#6274,#6304,#6306,.T.);
#6304 = VERTEX_POINT('',#6305);
#6305 = CARTESIAN_POINT('',(-1.1,1.125,0.47));
#6306 = LINE('',#6307,#6308);
#6307 = CARTESIAN_POINT('',(0.,1.125,0.47));
#6308 = VECTOR('',#6309,1.);
#6309 = DIRECTION('',(-1.,0.,0.));
#6310 = ORIENTED_EDGE('',*,*,#6273,.T.);
#6311 = ORIENTED_EDGE('',*,*,#6042,.T.);
#6312 = ORIENTED_EDGE('',*,*,#6313,.F.);
#6313 = EDGE_CURVE('',#6314,#6043,#6316,.T.);
#6314 = VERTEX_POINT('',#6315);
#6315 = CARTESIAN_POINT('',(-3.17,1.125,0.47));
#6316 = LINE('',#6317,#6318);
#6317 = CARTESIAN_POINT('',(-3.17,1.125,0.47));
#6318 = VECTOR('',#6319,1.);
#6319 = DIRECTION('',(0.,1.,-6.6E-16));
#6320 = ORIENTED_EDGE('',*,*,#6321,.F.);
#6321 = EDGE_CURVE('',#6322,#6314,#6324,.T.);
#6322 = VERTEX_POINT('',#6323);
#6323 = CARTESIAN_POINT('',(-2.5,1.125,0.47));
#6324 = LINE('',#6325,#6326);
#6325 = CARTESIAN_POINT('',(0.,1.125,0.47));
#6326 = VECTOR('',#6327,1.);
#6327 = DIRECTION('',(-1.,0.,0.));
#6328 = ORIENTED_EDGE('',*,*,#6329,.T.);
#6329 = EDGE_CURVE('',#6322,#6330,#6332,.T.);
#6330 = VERTEX_POINT('',#6331);
#6331 = CARTESIAN_POINT('',(-2.5,1.675,0.47));
#6332 = LINE('',#6333,#6334);
#6333 = CARTESIAN_POINT('',(-2.5,1.125,0.47));
#6334 = VECTOR('',#6335,1.);
#6335 = DIRECTION('',(0.,1.,-1.22E-15));
#6336 = ORIENTED_EDGE('',*,*,#6337,.T.);
#6337 = EDGE_CURVE('',#6330,#6338,#6340,.T.);
#6338 = VERTEX_POINT('',#6339);
#6339 = CARTESIAN_POINT('',(-1.1,1.675,0.47));
#6340 = LINE('',#6341,#6342);
#6341 = CARTESIAN_POINT('',(-2.5,1.675,0.47));
#6342 = VECTOR('',#6343,1.);
#6343 = DIRECTION('',(1.,0.,0.));
#6344 = ORIENTED_EDGE('',*,*,#6345,.T.);
#6345 = EDGE_CURVE('',#6338,#6304,#6346,.T.);
#6346 = LINE('',#6347,#6348);
#6347 = CARTESIAN_POINT('',(-1.1,1.675,0.47));
#6348 = VECTOR('',#6349,1.);
#6349 = DIRECTION('',(0.,-1.,1.22E-15));
#6350 = PLANE('',#6351);
#6351 = AXIS2_PLACEMENT_3D('',#6352,#6353,#6354);
#6352 = CARTESIAN_POINT('',(0.,1.125,0.47));
#6353 = DIRECTION('',(0.,6.6E-16,1.));
#6354 = DIRECTION('',(-1.,0.,0.));
#6355 = ADVANCED_FACE('',(#6356),#6375,.T.);
#6356 = FACE_BOUND('',#6357,.T.);
#6357 = EDGE_LOOP('',(#6358,#6367,#6373,#6374));
#6358 = ORIENTED_EDGE('',*,*,#6359,.F.);
#6359 = EDGE_CURVE('',#6360,#6314,#6362,.T.);
#6360 = VERTEX_POINT('',#6361);
#6361 = CARTESIAN_POINT('',(-4.15,1.125,1.45));
#6362 = CIRCLE('',#6363,0.98);
#6363 = AXIS2_PLACEMENT_3D('',#6364,#6365,#6366);
#6364 = CARTESIAN_POINT('',(-3.17,1.125,1.45));
#6365 = DIRECTION('',(0.,-1.,2.2E-16));
#6366 = DIRECTION('',(1.,0.,0.));
#6367 = ORIENTED_EDGE('',*,*,#6368,.T.);
#6368 = EDGE_CURVE('',#6360,#6054,#6369,.T.);
#6369 = LINE('',#6370,#6371);
#6370 = CARTESIAN_POINT('',(-4.15,1.125,1.45));
#6371 = VECTOR('',#6372,1.);
#6372 = DIRECTION('',(0.,1.,-6.6E-16));
#6373 = ORIENTED_EDGE('',*,*,#6061,.T.);
#6374 = ORIENTED_EDGE('',*,*,#6313,.F.);
#6375 = CYLINDRICAL_SURFACE('',#6376,0.98);
#6376 = AXIS2_PLACEMENT_3D('',#6377,#6378,#6379);
#6377 = CARTESIAN_POINT('',(-3.17,1.125,1.45));
#6378 = DIRECTION('',(0.,-1.,6.6E-16));
#6379 = DIRECTION('',(1.,0.,0.));
#6380 = ADVANCED_FACE('',(#6381),#6384,.F.);
#6381 = FACE_BOUND('',#6382,.F.);
#6382 = EDGE_LOOP('',(#6383));
#6383 = ORIENTED_EDGE('',*,*,#6086,.F.);
#6384 = PLANE('',#6385);
#6385 = AXIS2_PLACEMENT_3D('',#6386,#6387,#6388);
#6386 = CARTESIAN_POINT('',(-2.89,2.605,-0.6));
#6387 = DIRECTION('',(-2.E-17,8.3E-16,1.));
#6388 = DIRECTION('',(0.,1.,-8.3E-16));
#6389 = ADVANCED_FACE('',(#6390),#6410,.T.);
#6390 = FACE_BOUND('',#6391,.T.);
#6391 = EDGE_LOOP('',(#6392,#6401,#6402,#6403,#6404));
#6392 = ORIENTED_EDGE('',*,*,#6393,.F.);
#6393 = EDGE_CURVE('',#6175,#6394,#6396,.T.);
#6394 = VERTEX_POINT('',#6395);
#6395 = CARTESIAN_POINT('',(-4.15,3.725,2.01));
#6396 = CIRCLE('',#6397,0.98);
#6397 = AXIS2_PLACEMENT_3D('',#6398,#6399,#6400);
#6398 = CARTESIAN_POINT('',(-3.17,3.725,2.01));
#6399 = DIRECTION('',(0.,-1.,2.2E-16));
#6400 = DIRECTION('',(1.,0.,0.));
#6401 = ORIENTED_EDGE('',*,*,#6174,.F.);
#6402 = ORIENTED_EDGE('',*,*,#6166,.F.);
#6403 = ORIENTED_EDGE('',*,*,#6101,.F.);
#6404 = ORIENTED_EDGE('',*,*,#6405,.T.);
#6405 = EDGE_CURVE('',#6102,#6394,#6406,.T.);
#6406 = LINE('',#6407,#6408);
#6407 = CARTESIAN_POINT('',(-4.15,3.725,1.45));
#6408 = VECTOR('',#6409,1.);
#6409 = DIRECTION('',(0.,2.2E-16,1.));
#6410 = PLANE('',#6411);
#6411 = AXIS2_PLACEMENT_3D('',#6412,#6413,#6414);
#6412 = CARTESIAN_POINT('',(-1.915706759753,3.725,1.73));
#6413 = DIRECTION('',(0.,1.,-4.4E-16));
#6414 = DIRECTION('',(0.,4.4E-16,1.));
#6415 = ADVANCED_FACE('',(#6416),#6443,.T.);
#6416 = FACE_BOUND('',#6417,.T.);
#6417 = EDGE_LOOP('',(#6418,#6419,#6427,#6435,#6441,#6442));
#6418 = ORIENTED_EDGE('',*,*,#6109,.T.);
#6419 = ORIENTED_EDGE('',*,*,#6420,.T.);
#6420 = EDGE_CURVE('',#5934,#6421,#6423,.T.);
#6421 = VERTEX_POINT('',#6422);
#6422 = CARTESIAN_POINT('',(-4.45,3.725,1.73));
#6423 = LINE('',#6424,#6425);
#6424 = CARTESIAN_POINT('',(-3.15,3.725,1.73));
#6425 = VECTOR('',#6426,1.);
#6426 = DIRECTION('',(-1.,-0.,-2.2E-16));
#6427 = ORIENTED_EDGE('',*,*,#6428,.T.);
#6428 = EDGE_CURVE('',#6421,#6429,#6431,.T.);
#6429 = VERTEX_POINT('',#6430);
#6430 = CARTESIAN_POINT('',(-4.45,3.725,2.66));
#6431 = LINE('',#6432,#6433);
#6432 = CARTESIAN_POINT('',(-4.45,3.725,1.73));
#6433 = VECTOR('',#6434,1.);
#6434 = DIRECTION('',(0.,2.2E-16,1.));
#6435 = ORIENTED_EDGE('',*,*,#6436,.F.);
#6436 = EDGE_CURVE('',#6175,#6429,#6437,.T.);
#6437 = LINE('',#6438,#6439);
#6438 = CARTESIAN_POINT('',(-3.15,3.725,2.66));
#6439 = VECTOR('',#6440,1.);
#6440 = DIRECTION('',(-1.,-0.,-2.2E-16));
#6441 = ORIENTED_EDGE('',*,*,#6393,.T.);
#6442 = ORIENTED_EDGE('',*,*,#6405,.F.);
#6443 = PLANE('',#6444);
#6444 = AXIS2_PLACEMENT_3D('',#6445,#6446,#6447);
#6445 = CARTESIAN_POINT('',(-3.15,3.725,1.73));
#6446 = DIRECTION('',(0.,1.,-3.3E-16));
#6447 = DIRECTION('',(-2.2E-16,3.3E-16,1.));
#6448 = ADVANCED_FACE('',(#6449),#6474,.T.);
#6449 = FACE_BOUND('',#6450,.T.);
#6450 = EDGE_LOOP('',(#6451,#6461,#6467,#6468));
#6451 = ORIENTED_EDGE('',*,*,#6452,.T.);
#6452 = EDGE_CURVE('',#6453,#6455,#6457,.T.);
#6453 = VERTEX_POINT('',#6454);
#6454 = CARTESIAN_POINT('',(-2.4,2.775,2.79));
#6455 = VERTEX_POINT('',#6456);
#6456 = CARTESIAN_POINT('',(-2.4,2.775,2.19));
#6457 = LINE('',#6458,#6459);
#6458 = CARTESIAN_POINT('',(-2.4,2.775,2.99));
#6459 = VECTOR('',#6460,1.);
#6460 = DIRECTION('',(0.,-1.22E-15,-1.));
#6461 = ORIENTED_EDGE('',*,*,#6462,.T.);
#6462 = EDGE_CURVE('',#6455,#6128,#6463,.T.);
#6463 = LINE('',#6464,#6465);
#6464 = CARTESIAN_POINT('',(-2.4,2.775,2.19));
#6465 = VECTOR('',#6466,1.);
#6466 = DIRECTION('',(0.,1.,-1.22E-15));
#6467 = ORIENTED_EDGE('',*,*,#6125,.F.);
#6468 = ORIENTED_EDGE('',*,*,#6469,.F.);
#6469 = EDGE_CURVE('',#6453,#6126,#6470,.T.);
#6470 = LINE('',#6471,#6472);
#6471 = CARTESIAN_POINT('',(-2.4,2.775,2.79));
#6472 = VECTOR('',#6473,1.);
#6473 = DIRECTION('',(0.,1.,-1.22E-15));
#6474 = PLANE('',#6475);
#6475 = AXIS2_PLACEMENT_3D('',#6476,#6477,#6478);
#6476 = CARTESIAN_POINT('',(-2.4,2.775,2.99));
#6477 = DIRECTION('',(1.,0.,0.));
#6478 = DIRECTION('',(0.,1.,-1.22E-15));
#6479 = ADVANCED_FACE('',(#6480),#6498,.F.);
#6480 = FACE_BOUND('',#6481,.F.);
#6481 = EDGE_LOOP('',(#6482,#6490,#6496,#6497));
#6482 = ORIENTED_EDGE('',*,*,#6483,.F.);
#6483 = EDGE_CURVE('',#6484,#6453,#6486,.T.);
#6484 = VERTEX_POINT('',#6485);
#6485 = CARTESIAN_POINT('',(-2.6,2.775,2.99));
#6486 = LINE('',#6487,#6488);
#6487 = CARTESIAN_POINT('',(-2.2,2.775,2.59));
#6488 = VECTOR('',#6489,1.);
#6489 = DIRECTION('',(0.707106781187,-8.7E-16,-0.707106781187));
#6490 = ORIENTED_EDGE('',*,*,#6491,.T.);
#6491 = EDGE_CURVE('',#6484,#6192,#6492,.T.);
#6492 = LINE('',#6493,#6494);
#6493 = CARTESIAN_POINT('',(-2.6,2.775,2.99));
#6494 = VECTOR('',#6495,1.);
#6495 = DIRECTION('',(0.,1.,-1.22E-15));
#6496 = ORIENTED_EDGE('',*,*,#6199,.T.);
#6497 = ORIENTED_EDGE('',*,*,#6469,.F.);
#6498 = PLANE('',#6499);
#6499 = AXIS2_PLACEMENT_3D('',#6500,#6501,#6502);
#6500 = CARTESIAN_POINT('',(-2.5,2.775,2.89));
#6501 = DIRECTION('',(-0.707106781187,-4.7E-16,-0.707106781187));
#6502 = DIRECTION('',(2.776598128423E-16,1.,-9.423401871577E-16));
#6503 = ADVANCED_FACE('',(#6504),#6522,.T.);
#6504 = FACE_BOUND('',#6505,.F.);
#6505 = EDGE_LOOP('',(#6506,#6514,#6515,#6516));
#6506 = ORIENTED_EDGE('',*,*,#6507,.T.);
#6507 = EDGE_CURVE('',#6508,#6455,#6510,.T.);
#6508 = VERTEX_POINT('',#6509);
#6509 = CARTESIAN_POINT('',(-1.2,2.775,2.19));
#6510 = LINE('',#6511,#6512);
#6511 = CARTESIAN_POINT('',(-1.2,2.775,2.19));
#6512 = VECTOR('',#6513,1.);
#6513 = DIRECTION('',(-1.,0.,0.));
#6514 = ORIENTED_EDGE('',*,*,#6462,.T.);
#6515 = ORIENTED_EDGE('',*,*,#6135,.T.);
#6516 = ORIENTED_EDGE('',*,*,#6517,.T.);
#6517 = EDGE_CURVE('',#6136,#6508,#6518,.T.);
#6518 = LINE('',#6519,#6520);
#6519 = CARTESIAN_POINT('',(-1.2,3.725,2.19));
#6520 = VECTOR('',#6521,1.);
#6521 = DIRECTION('',(0.,-1.,1.22E-15));
#6522 = PLANE('',#6523);
#6523 = AXIS2_PLACEMENT_3D('',#6524,#6525,#6526);
#6524 = CARTESIAN_POINT('',(-1.8,3.25,2.19));
#6525 = DIRECTION('',(0.,1.15E-15,1.));
#6526 = DIRECTION('',(0.,1.,-1.15E-15));
#6527 = ADVANCED_FACE('',(#6528),#6602,.F.);
#6528 = FACE_BOUND('',#6529,.F.);
#6529 = EDGE_LOOP('',(#6530,#6531,#6532,#6540,#6548,#6554,#6555,#6556,
    #6564,#6572,#6580,#6588,#6596));
#6530 = ORIENTED_EDGE('',*,*,#6191,.T.);
#6531 = ORIENTED_EDGE('',*,*,#6491,.F.);
#6532 = ORIENTED_EDGE('',*,*,#6533,.F.);
#6533 = EDGE_CURVE('',#6534,#6484,#6536,.T.);
#6534 = VERTEX_POINT('',#6535);
#6535 = CARTESIAN_POINT('',(-2.4,2.775,2.99));
#6536 = LINE('',#6537,#6538);
#6537 = CARTESIAN_POINT('',(-2.185,2.775,2.99));
#6538 = VECTOR('',#6539,1.);
#6539 = DIRECTION('',(-1.,0.,0.));
#6540 = ORIENTED_EDGE('',*,*,#6541,.F.);
#6541 = EDGE_CURVE('',#6542,#6534,#6544,.T.);
#6542 = VERTEX_POINT('',#6543);
#6543 = CARTESIAN_POINT('',(-1.2,2.775,2.99));
#6544 = LINE('',#6545,#6546);
#6545 = CARTESIAN_POINT('',(-1.2,2.775,2.99));
#6546 = VECTOR('',#6547,1.);
#6547 = DIRECTION('',(-1.,0.,0.));
#6548 = ORIENTED_EDGE('',*,*,#6549,.F.);
#6549 = EDGE_CURVE('',#6144,#6542,#6550,.T.);
#6550 = LINE('',#6551,#6552);
#6551 = CARTESIAN_POINT('',(-1.2,3.725,2.99));
#6552 = VECTOR('',#6553,1.);
#6553 = DIRECTION('',(0.,-1.,1.22E-15));
#6554 = ORIENTED_EDGE('',*,*,#6151,.T.);
#6555 = ORIENTED_EDGE('',*,*,#6264,.F.);
#6556 = ORIENTED_EDGE('',*,*,#6557,.F.);
#6557 = EDGE_CURVE('',#6558,#6255,#6560,.T.);
#6558 = VERTEX_POINT('',#6559);
#6559 = CARTESIAN_POINT('',(-1.1,1.125,2.99));
#6560 = LINE('',#6561,#6562);
#6561 = CARTESIAN_POINT('',(-3.17,1.125,2.99));
#6562 = VECTOR('',#6563,1.);
#6563 = DIRECTION('',(1.,0.,0.));
#6564 = ORIENTED_EDGE('',*,*,#6565,.F.);
#6565 = EDGE_CURVE('',#6566,#6558,#6568,.T.);
#6566 = VERTEX_POINT('',#6567);
#6567 = CARTESIAN_POINT('',(-1.1,1.675,2.99));
#6568 = LINE('',#6569,#6570);
#6569 = CARTESIAN_POINT('',(-1.1,1.675,2.99));
#6570 = VECTOR('',#6571,1.);
#6571 = DIRECTION('',(0.,-1.,1.22E-15));
#6572 = ORIENTED_EDGE('',*,*,#6573,.F.);
#6573 = EDGE_CURVE('',#6574,#6566,#6576,.T.);
#6574 = VERTEX_POINT('',#6575);
#6575 = CARTESIAN_POINT('',(-2.5,1.675,2.99));
#6576 = LINE('',#6577,#6578);
#6577 = CARTESIAN_POINT('',(-2.5,1.675,2.99));
#6578 = VECTOR('',#6579,1.);
#6579 = DIRECTION('',(1.,0.,0.));
#6580 = ORIENTED_EDGE('',*,*,#6581,.F.);
#6581 = EDGE_CURVE('',#6582,#6574,#6584,.T.);
#6582 = VERTEX_POINT('',#6583);
#6583 = CARTESIAN_POINT('',(-2.5,1.125,2.99));
#6584 = LINE('',#6585,#6586);
#6585 = CARTESIAN_POINT('',(-2.5,1.125,2.99));
#6586 = VECTOR('',#6587,1.);
#6587 = DIRECTION('',(0.,1.,-1.22E-15));
#6588 = ORIENTED_EDGE('',*,*,#6589,.F.);
#6589 = EDGE_CURVE('',#6590,#6582,#6592,.T.);
#6590 = VERTEX_POINT('',#6591);
#6591 = CARTESIAN_POINT('',(-3.17,1.125,2.99));
#6592 = LINE('',#6593,#6594);
#6593 = CARTESIAN_POINT('',(-3.17,1.125,2.99));
#6594 = VECTOR('',#6595,1.);
#6595 = DIRECTION('',(1.,0.,0.));
#6596 = ORIENTED_EDGE('',*,*,#6597,.T.);
#6597 = EDGE_CURVE('',#6590,#6183,#6598,.T.);
#6598 = LINE('',#6599,#6600);
#6599 = CARTESIAN_POINT('',(-3.17,1.125,2.99));
#6600 = VECTOR('',#6601,1.);
#6601 = DIRECTION('',(0.,1.,-6.6E-16));
#6602 = PLANE('',#6603);
#6603 = AXIS2_PLACEMENT_3D('',#6604,#6605,#6606);
#6604 = CARTESIAN_POINT('',(-3.17,1.125,2.99));
#6605 = DIRECTION('',(0.,-6.6E-16,-1.));
#6606 = DIRECTION('',(1.,0.,0.));
#6607 = ADVANCED_FACE('',(#6608),#6619,.T.);
#6608 = FACE_BOUND('',#6609,.T.);
#6609 = EDGE_LOOP('',(#6610,#6611,#6612,#6618));
#6610 = ORIENTED_EDGE('',*,*,#6143,.T.);
#6611 = ORIENTED_EDGE('',*,*,#6517,.T.);
#6612 = ORIENTED_EDGE('',*,*,#6613,.F.);
#6613 = EDGE_CURVE('',#6542,#6508,#6614,.T.);
#6614 = LINE('',#6615,#6616);
#6615 = CARTESIAN_POINT('',(-1.2,2.775,2.99));
#6616 = VECTOR('',#6617,1.);
#6617 = DIRECTION('',(0.,-1.22E-15,-1.));
#6618 = ORIENTED_EDGE('',*,*,#6549,.F.);
#6619 = PLANE('',#6620);
#6620 = AXIS2_PLACEMENT_3D('',#6621,#6622,#6623);
#6621 = CARTESIAN_POINT('',(-1.2,3.725,2.99));
#6622 = DIRECTION('',(-1.,0.,0.));
#6623 = DIRECTION('',(0.,-1.,1.22E-15));
#6624 = ADVANCED_FACE('',(#6625),#6670,.T.);
#6625 = FACE_BOUND('',#6626,.T.);
#6626 = EDGE_LOOP('',(#6627,#6638,#6646,#6653,#6654,#6655,#6663));
#6627 = ORIENTED_EDGE('',*,*,#6628,.T.);
#6628 = EDGE_CURVE('',#6629,#6631,#6633,.T.);
#6629 = VERTEX_POINT('',#6630);
#6630 = CARTESIAN_POINT('',(-3.981110350076,3.025,2.56));
#6631 = VERTEX_POINT('',#6632);
#6632 = CARTESIAN_POINT('',(-4.15,3.025,2.01));
#6633 = CIRCLE('',#6634,0.98);
#6634 = AXIS2_PLACEMENT_3D('',#6635,#6636,#6637);
#6635 = CARTESIAN_POINT('',(-3.17,3.025,2.01));
#6636 = DIRECTION('',(0.,-1.,7.7E-16));
#6637 = DIRECTION('',(1.,0.,0.));
#6638 = ORIENTED_EDGE('',*,*,#6639,.F.);
#6639 = EDGE_CURVE('',#6640,#6631,#6642,.T.);
#6640 = VERTEX_POINT('',#6641);
#6641 = CARTESIAN_POINT('',(-4.15,1.125,2.01));
#6642 = LINE('',#6643,#6644);
#6643 = CARTESIAN_POINT('',(-4.15,1.125,2.01));
#6644 = VECTOR('',#6645,1.);
#6645 = DIRECTION('',(0.,1.,-6.6E-16));
#6646 = ORIENTED_EDGE('',*,*,#6647,.F.);
#6647 = EDGE_CURVE('',#6590,#6640,#6648,.T.);
#6648 = CIRCLE('',#6649,0.98);
#6649 = AXIS2_PLACEMENT_3D('',#6650,#6651,#6652);
#6650 = CARTESIAN_POINT('',(-3.17,1.125,2.01));
#6651 = DIRECTION('',(0.,-1.,2.2E-16));
#6652 = DIRECTION('',(1.,0.,0.));
#6653 = ORIENTED_EDGE('',*,*,#6597,.T.);
#6654 = ORIENTED_EDGE('',*,*,#6182,.T.);
#6655 = ORIENTED_EDGE('',*,*,#6656,.T.);
#6656 = EDGE_CURVE('',#6175,#6657,#6659,.T.);
#6657 = VERTEX_POINT('',#6658);
#6658 = CARTESIAN_POINT('',(-3.903416661932,3.125,2.66));
#6659 = LINE('',#6660,#6661);
#6660 = CARTESIAN_POINT('',(-3.903416661932,1.125,2.66));
#6661 = VECTOR('',#6662,1.);
#6662 = DIRECTION('',(0.,-1.,7.7E-16));
#6663 = ORIENTED_EDGE('',*,*,#6664,.F.);
#6664 = EDGE_CURVE('',#6629,#6657,#6665,.T.);
#6665 = ELLIPSE('',#6666,1.385929291126,0.98);
#6666 = AXIS2_PLACEMENT_3D('',#6667,#6668,#6669);
#6667 = CARTESIAN_POINT('',(-3.17,2.475,2.01));
#6668 = DIRECTION('',(1.6E-16,0.707106781187,-0.707106781187));
#6669 = DIRECTION('',(1.6E-16,-0.707106781187,-0.707106781187));
#6670 = CYLINDRICAL_SURFACE('',#6671,0.98);
#6671 = AXIS2_PLACEMENT_3D('',#6672,#6673,#6674);
#6672 = CARTESIAN_POINT('',(-3.17,1.125,2.01));
#6673 = DIRECTION('',(0.,-1.,6.6E-16));
#6674 = DIRECTION('',(1.,0.,0.));
#6675 = ADVANCED_FACE('',(#6676),#6702,.F.);
#6676 = FACE_BOUND('',#6677,.F.);
#6677 = EDGE_LOOP('',(#6678,#6686,#6687,#6693,#6694,#6695,#6696));
#6678 = ORIENTED_EDGE('',*,*,#6679,.F.);
#6679 = EDGE_CURVE('',#6631,#6680,#6682,.T.);
#6680 = VERTEX_POINT('',#6681);
#6681 = CARTESIAN_POINT('',(-4.15,3.025,1.83));
#6682 = LINE('',#6683,#6684);
#6683 = CARTESIAN_POINT('',(-4.15,3.025,2.055));
#6684 = VECTOR('',#6685,1.);
#6685 = DIRECTION('',(0.,-3.3E-16,-1.));
#6686 = ORIENTED_EDGE('',*,*,#6639,.F.);
#6687 = ORIENTED_EDGE('',*,*,#6688,.F.);
#6688 = EDGE_CURVE('',#6360,#6640,#6689,.T.);
#6689 = LINE('',#6690,#6691);
#6690 = CARTESIAN_POINT('',(-4.15,1.125,1.45));
#6691 = VECTOR('',#6692,1.);
#6692 = DIRECTION('',(0.,2.2E-16,1.));
#6693 = ORIENTED_EDGE('',*,*,#6368,.T.);
#6694 = ORIENTED_EDGE('',*,*,#6223,.T.);
#6695 = ORIENTED_EDGE('',*,*,#6213,.T.);
#6696 = ORIENTED_EDGE('',*,*,#6697,.F.);
#6697 = EDGE_CURVE('',#6680,#6216,#6698,.T.);
#6698 = LINE('',#6699,#6700);
#6699 = CARTESIAN_POINT('',(-4.15,2.67,2.185));
#6700 = VECTOR('',#6701,1.);
#6701 = DIRECTION('',(0.,0.707106781187,-0.707106781187));
#6702 = PLANE('',#6703);
#6703 = AXIS2_PLACEMENT_3D('',#6704,#6705,#6706);
#6704 = CARTESIAN_POINT('',(-4.15,1.125,1.45));
#6705 = DIRECTION('',(1.,0.,0.));
#6706 = DIRECTION('',(-0.,6.6E-16,1.));
#6707 = ADVANCED_FACE('',(#6708),#6734,.T.);
#6708 = FACE_BOUND('',#6709,.T.);
#6709 = EDGE_LOOP('',(#6710,#6711,#6719,#6727,#6733));
#6710 = ORIENTED_EDGE('',*,*,#6697,.F.);
#6711 = ORIENTED_EDGE('',*,*,#6712,.T.);
#6712 = EDGE_CURVE('',#6680,#6713,#6715,.T.);
#6713 = VERTEX_POINT('',#6714);
#6714 = CARTESIAN_POINT('',(-4.45,3.025,1.83));
#6715 = LINE('',#6716,#6717);
#6716 = CARTESIAN_POINT('',(-4.15,3.025,1.83));
#6717 = VECTOR('',#6718,1.);
#6718 = DIRECTION('',(-1.,-0.,-2.2E-16));
#6719 = ORIENTED_EDGE('',*,*,#6720,.T.);
#6720 = EDGE_CURVE('',#6713,#6721,#6723,.T.);
#6721 = VERTEX_POINT('',#6722);
#6722 = CARTESIAN_POINT('',(-4.45,3.125,1.73));
#6723 = LINE('',#6724,#6725);
#6724 = CARTESIAN_POINT('',(-4.45,3.04625,1.80875));
#6725 = VECTOR('',#6726,1.);
#6726 = DIRECTION('',(6.8E-16,0.707106781187,-0.707106781187));
#6727 = ORIENTED_EDGE('',*,*,#6728,.F.);
#6728 = EDGE_CURVE('',#6233,#6721,#6729,.T.);
#6729 = LINE('',#6730,#6731);
#6730 = CARTESIAN_POINT('',(-4.15,3.125,1.73));
#6731 = VECTOR('',#6732,1.);
#6732 = DIRECTION('',(-1.,-0.,-2.2E-16));
#6733 = ORIENTED_EDGE('',*,*,#6240,.F.);
#6734 = PLANE('',#6735);
#6735 = AXIS2_PLACEMENT_3D('',#6736,#6737,#6738);
#6736 = CARTESIAN_POINT('',(-4.15,3.075,1.78));
#6737 = DIRECTION('',(1.6E-16,-0.707106781187,-0.707106781187));
#6738 = DIRECTION('',(-1.,-3.137084989848E-18,-2.231370849898E-16));
#6739 = ADVANCED_FACE('',(#6740),#6751,.T.);
#6740 = FACE_BOUND('',#6741,.T.);
#6741 = EDGE_LOOP('',(#6742,#6743,#6744,#6750));
#6742 = ORIENTED_EDGE('',*,*,#6232,.F.);
#6743 = ORIENTED_EDGE('',*,*,#6728,.T.);
#6744 = ORIENTED_EDGE('',*,*,#6745,.T.);
#6745 = EDGE_CURVE('',#6721,#6421,#6746,.T.);
#6746 = LINE('',#6747,#6748);
#6747 = CARTESIAN_POINT('',(-4.45,3.025,1.73));
#6748 = VECTOR('',#6749,1.);
#6749 = DIRECTION('',(-0.,1.,-2.2E-16));
#6750 = ORIENTED_EDGE('',*,*,#6420,.F.);
#6751 = PLANE('',#6752);
#6752 = AXIS2_PLACEMENT_3D('',#6753,#6754,#6755);
#6753 = CARTESIAN_POINT('',(-3.15,3.025,1.73));
#6754 = DIRECTION('',(2.2E-16,-3.3E-16,-1.));
#6755 = DIRECTION('',(0.,1.,-3.3E-16));
#6756 = ADVANCED_FACE('',(#6757),#6775,.F.);
#6757 = FACE_BOUND('',#6758,.F.);
#6758 = EDGE_LOOP('',(#6759,#6767,#6768,#6769));
#6759 = ORIENTED_EDGE('',*,*,#6760,.F.);
#6760 = EDGE_CURVE('',#6558,#6761,#6763,.T.);
#6761 = VERTEX_POINT('',#6762);
#6762 = CARTESIAN_POINT('',(-1.1,1.125,2.33));
#6763 = LINE('',#6764,#6765);
#6764 = CARTESIAN_POINT('',(-1.1,1.125,2.99));
#6765 = VECTOR('',#6766,1.);
#6766 = DIRECTION('',(0.,-7.7E-16,-1.));
#6767 = ORIENTED_EDGE('',*,*,#6557,.T.);
#6768 = ORIENTED_EDGE('',*,*,#6254,.T.);
#6769 = ORIENTED_EDGE('',*,*,#6770,.T.);
#6770 = EDGE_CURVE('',#6257,#6761,#6771,.T.);
#6771 = LINE('',#6772,#6773);
#6772 = CARTESIAN_POINT('',(0.,1.125,2.33));
#6773 = VECTOR('',#6774,1.);
#6774 = DIRECTION('',(-1.,0.,0.));
#6775 = PLANE('',#6776);
#6776 = AXIS2_PLACEMENT_3D('',#6777,#6778,#6779);
#6777 = CARTESIAN_POINT('',(-1.915706759753,1.125,1.73));
#6778 = DIRECTION('',(0.,1.,-4.4E-16));
#6779 = DIRECTION('',(0.,4.4E-16,1.));
#6780 = ADVANCED_FACE('',(#6781),#6822,.T.);
#6781 = FACE_BOUND('',#6782,.T.);
#6782 = EDGE_LOOP('',(#6783,#6791,#6799,#6807,#6815,#6821));
#6783 = ORIENTED_EDGE('',*,*,#6784,.T.);
#6784 = EDGE_CURVE('',#6257,#6785,#6787,.T.);
#6785 = VERTEX_POINT('',#6786);
#6786 = CARTESIAN_POINT('',(0.,-0.475,2.33));
#6787 = LINE('',#6788,#6789);
#6788 = CARTESIAN_POINT('',(0.,1.125,2.33));
#6789 = VECTOR('',#6790,1.);
#6790 = DIRECTION('',(0.,-1.,5.5E-16));
#6791 = ORIENTED_EDGE('',*,*,#6792,.T.);
#6792 = EDGE_CURVE('',#6785,#6793,#6795,.T.);
#6793 = VERTEX_POINT('',#6794);
#6794 = CARTESIAN_POINT('',(0.,-0.475,2.08));
#6795 = LINE('',#6796,#6797);
#6796 = CARTESIAN_POINT('',(0.,-0.475,2.33));
#6797 = VECTOR('',#6798,1.);
#6798 = DIRECTION('',(0.,-2.2E-16,-1.));
#6799 = ORIENTED_EDGE('',*,*,#6800,.F.);
#6800 = EDGE_CURVE('',#6801,#6793,#6803,.T.);
#6801 = VERTEX_POINT('',#6802);
#6802 = CARTESIAN_POINT('',(0.,-0.475,1.38));
#6803 = LINE('',#6804,#6805);
#6804 = CARTESIAN_POINT('',(0.,-0.475,1.38));
#6805 = VECTOR('',#6806,1.);
#6806 = DIRECTION('',(0.,2.2E-16,1.));
#6807 = ORIENTED_EDGE('',*,*,#6808,.T.);
#6808 = EDGE_CURVE('',#6801,#6809,#6811,.T.);
#6809 = VERTEX_POINT('',#6810);
#6810 = CARTESIAN_POINT('',(0.,-0.475,1.13));
#6811 = LINE('',#6812,#6813);
#6812 = CARTESIAN_POINT('',(0.,-0.475,2.33));
#6813 = VECTOR('',#6814,1.);
#6814 = DIRECTION('',(0.,-2.2E-16,-1.));
#6815 = ORIENTED_EDGE('',*,*,#6816,.F.);
#6816 = EDGE_CURVE('',#6282,#6809,#6817,.T.);
#6817 = LINE('',#6818,#6819);
#6818 = CARTESIAN_POINT('',(0.,1.125,1.13));
#6819 = VECTOR('',#6820,1.);
#6820 = DIRECTION('',(0.,-1.,5.5E-16));
#6821 = ORIENTED_EDGE('',*,*,#6289,.F.);
#6822 = PLANE('',#6823);
#6823 = AXIS2_PLACEMENT_3D('',#6824,#6825,#6826);
#6824 = CARTESIAN_POINT('',(0.,1.125,2.33));
#6825 = DIRECTION('',(1.,0.,0.));
#6826 = DIRECTION('',(0.,-5.5E-16,-1.));
#6827 = ADVANCED_FACE('',(#6828),#6846,.F.);
#6828 = FACE_BOUND('',#6829,.F.);
#6829 = EDGE_LOOP('',(#6830,#6831,#6839,#6845));
#6830 = ORIENTED_EDGE('',*,*,#6303,.T.);
#6831 = ORIENTED_EDGE('',*,*,#6832,.F.);
#6832 = EDGE_CURVE('',#6833,#6304,#6835,.T.);
#6833 = VERTEX_POINT('',#6834);
#6834 = CARTESIAN_POINT('',(-1.1,1.125,1.13));
#6835 = LINE('',#6836,#6837);
#6836 = CARTESIAN_POINT('',(-1.1,1.125,1.13));
#6837 = VECTOR('',#6838,1.);
#6838 = DIRECTION('',(0.,-7.7E-16,-1.));
#6839 = ORIENTED_EDGE('',*,*,#6840,.F.);
#6840 = EDGE_CURVE('',#6282,#6833,#6841,.T.);
#6841 = LINE('',#6842,#6843);
#6842 = CARTESIAN_POINT('',(0.,1.125,1.13));
#6843 = VECTOR('',#6844,1.);
#6844 = DIRECTION('',(-1.,0.,0.));
#6845 = ORIENTED_EDGE('',*,*,#6281,.T.);
#6846 = PLANE('',#6847);
#6847 = AXIS2_PLACEMENT_3D('',#6848,#6849,#6850);
#6848 = CARTESIAN_POINT('',(-1.915706759753,1.125,1.73));
#6849 = DIRECTION('',(0.,1.,-4.4E-16));
#6850 = DIRECTION('',(0.,4.4E-16,1.));
#6851 = ADVANCED_FACE('',(#6852),#6870,.T.);
#6852 = FACE_BOUND('',#6853,.T.);
#6853 = EDGE_LOOP('',(#6854,#6862,#6863,#6864));
#6854 = ORIENTED_EDGE('',*,*,#6855,.T.);
#6855 = EDGE_CURVE('',#6856,#6338,#6858,.T.);
#6856 = VERTEX_POINT('',#6857);
#6857 = CARTESIAN_POINT('',(-1.1,1.675,1.13));
#6858 = LINE('',#6859,#6860);
#6859 = CARTESIAN_POINT('',(-1.1,1.675,1.13));
#6860 = VECTOR('',#6861,1.);
#6861 = DIRECTION('',(0.,-7.7E-16,-1.));
#6862 = ORIENTED_EDGE('',*,*,#6345,.T.);
#6863 = ORIENTED_EDGE('',*,*,#6832,.F.);
#6864 = ORIENTED_EDGE('',*,*,#6865,.F.);
#6865 = EDGE_CURVE('',#6856,#6833,#6866,.T.);
#6866 = LINE('',#6867,#6868);
#6867 = CARTESIAN_POINT('',(-1.1,1.675,1.13));
#6868 = VECTOR('',#6869,1.);
#6869 = DIRECTION('',(0.,-1.,1.22E-15));
#6870 = PLANE('',#6871);
#6871 = AXIS2_PLACEMENT_3D('',#6872,#6873,#6874);
#6872 = CARTESIAN_POINT('',(-1.1,1.675,1.13));
#6873 = DIRECTION('',(-1.,0.,0.));
#6874 = DIRECTION('',(0.,-1.,7.7E-16));
#6875 = ADVANCED_FACE('',(#6876),#6894,.T.);
#6876 = FACE_BOUND('',#6877,.T.);
#6877 = EDGE_LOOP('',(#6878,#6886,#6887,#6888));
#6878 = ORIENTED_EDGE('',*,*,#6879,.T.);
#6879 = EDGE_CURVE('',#6880,#6330,#6882,.T.);
#6880 = VERTEX_POINT('',#6881);
#6881 = CARTESIAN_POINT('',(-2.5,1.675,1.13));
#6882 = LINE('',#6883,#6884);
#6883 = CARTESIAN_POINT('',(-2.5,1.675,1.13));
#6884 = VECTOR('',#6885,1.);
#6885 = DIRECTION('',(0.,-7.7E-16,-1.));
#6886 = ORIENTED_EDGE('',*,*,#6337,.T.);
#6887 = ORIENTED_EDGE('',*,*,#6855,.F.);
#6888 = ORIENTED_EDGE('',*,*,#6889,.F.);
#6889 = EDGE_CURVE('',#6880,#6856,#6890,.T.);
#6890 = LINE('',#6891,#6892);
#6891 = CARTESIAN_POINT('',(-2.5,1.675,1.13));
#6892 = VECTOR('',#6893,1.);
#6893 = DIRECTION('',(1.,0.,0.));
#6894 = PLANE('',#6895);
#6895 = AXIS2_PLACEMENT_3D('',#6896,#6897,#6898);
#6896 = CARTESIAN_POINT('',(-2.5,1.675,1.13));
#6897 = DIRECTION('',(0.,-1.,7.7E-16));
#6898 = DIRECTION('',(1.,0.,0.));
#6899 = ADVANCED_FACE('',(#6900),#6918,.T.);
#6900 = FACE_BOUND('',#6901,.T.);
#6901 = EDGE_LOOP('',(#6902,#6910,#6911,#6912));
#6902 = ORIENTED_EDGE('',*,*,#6903,.T.);
#6903 = EDGE_CURVE('',#6904,#6322,#6906,.T.);
#6904 = VERTEX_POINT('',#6905);
#6905 = CARTESIAN_POINT('',(-2.5,1.125,1.13));
#6906 = LINE('',#6907,#6908);
#6907 = CARTESIAN_POINT('',(-2.5,1.125,1.13));
#6908 = VECTOR('',#6909,1.);
#6909 = DIRECTION('',(0.,-7.7E-16,-1.));
#6910 = ORIENTED_EDGE('',*,*,#6329,.T.);
#6911 = ORIENTED_EDGE('',*,*,#6879,.F.);
#6912 = ORIENTED_EDGE('',*,*,#6913,.F.);
#6913 = EDGE_CURVE('',#6904,#6880,#6914,.T.);
#6914 = LINE('',#6915,#6916);
#6915 = CARTESIAN_POINT('',(-2.5,1.125,1.13));
#6916 = VECTOR('',#6917,1.);
#6917 = DIRECTION('',(0.,1.,-1.22E-15));
#6918 = PLANE('',#6919);
#6919 = AXIS2_PLACEMENT_3D('',#6920,#6921,#6922);
#6920 = CARTESIAN_POINT('',(-2.5,1.125,1.13));
#6921 = DIRECTION('',(1.,0.,0.));
#6922 = DIRECTION('',(0.,1.,-7.7E-16));
#6923 = ADVANCED_FACE('',(#6924),#6980,.F.);
#6924 = FACE_BOUND('',#6925,.F.);
#6925 = EDGE_LOOP('',(#6926,#6927,#6928,#6936,#6944,#6953,#6961,#6970,
    #6976,#6977,#6978,#6979));
#6926 = ORIENTED_EDGE('',*,*,#6647,.F.);
#6927 = ORIENTED_EDGE('',*,*,#6589,.T.);
#6928 = ORIENTED_EDGE('',*,*,#6929,.T.);
#6929 = EDGE_CURVE('',#6582,#6930,#6932,.T.);
#6930 = VERTEX_POINT('',#6931);
#6931 = CARTESIAN_POINT('',(-2.5,1.125,2.33));
#6932 = LINE('',#6933,#6934);
#6933 = CARTESIAN_POINT('',(-2.5,1.125,2.99));
#6934 = VECTOR('',#6935,1.);
#6935 = DIRECTION('',(0.,-7.7E-16,-1.));
#6936 = ORIENTED_EDGE('',*,*,#6937,.T.);
#6937 = EDGE_CURVE('',#6930,#6938,#6940,.T.);
#6938 = VERTEX_POINT('',#6939);
#6939 = CARTESIAN_POINT('',(-3.095,1.125,2.33));
#6940 = LINE('',#6941,#6942);
#6941 = CARTESIAN_POINT('',(0.,1.125,2.33));
#6942 = VECTOR('',#6943,1.);
#6943 = DIRECTION('',(-1.,0.,0.));
#6944 = ORIENTED_EDGE('',*,*,#6945,.T.);
#6945 = EDGE_CURVE('',#6938,#6946,#6948,.T.);
#6946 = VERTEX_POINT('',#6947);
#6947 = CARTESIAN_POINT('',(-3.345,1.125,2.08));
#6948 = CIRCLE('',#6949,0.25);
#6949 = AXIS2_PLACEMENT_3D('',#6950,#6951,#6952);
#6950 = CARTESIAN_POINT('',(-3.095,1.125,2.08));
#6951 = DIRECTION('',(0.,-1.,2.2E-16));
#6952 = DIRECTION('',(1.,0.,0.));
#6953 = ORIENTED_EDGE('',*,*,#6954,.T.);
#6954 = EDGE_CURVE('',#6946,#6955,#6957,.T.);
#6955 = VERTEX_POINT('',#6956);
#6956 = CARTESIAN_POINT('',(-3.345,1.125,1.38));
#6957 = LINE('',#6958,#6959);
#6958 = CARTESIAN_POINT('',(-3.345,1.125,2.08));
#6959 = VECTOR('',#6960,1.);
#6960 = DIRECTION('',(0.,-2.2E-16,-1.));
#6961 = ORIENTED_EDGE('',*,*,#6962,.T.);
#6962 = EDGE_CURVE('',#6955,#6963,#6965,.T.);
#6963 = VERTEX_POINT('',#6964);
#6964 = CARTESIAN_POINT('',(-3.095,1.125,1.13));
#6965 = CIRCLE('',#6966,0.25);
#6966 = AXIS2_PLACEMENT_3D('',#6967,#6968,#6969);
#6967 = CARTESIAN_POINT('',(-3.095,1.125,1.38));
#6968 = DIRECTION('',(0.,-1.,2.2E-16));
#6969 = DIRECTION('',(1.,0.,0.));
#6970 = ORIENTED_EDGE('',*,*,#6971,.F.);
#6971 = EDGE_CURVE('',#6904,#6963,#6972,.T.);
#6972 = LINE('',#6973,#6974);
#6973 = CARTESIAN_POINT('',(0.,1.125,1.13));
#6974 = VECTOR('',#6975,1.);
#6975 = DIRECTION('',(-1.,0.,0.));
#6976 = ORIENTED_EDGE('',*,*,#6903,.T.);
#6977 = ORIENTED_EDGE('',*,*,#6321,.T.);
#6978 = ORIENTED_EDGE('',*,*,#6359,.F.);
#6979 = ORIENTED_EDGE('',*,*,#6688,.T.);
#6980 = PLANE('',#6981);
#6981 = AXIS2_PLACEMENT_3D('',#6982,#6983,#6984);
#6982 = CARTESIAN_POINT('',(-1.915706759753,1.125,1.73));
#6983 = DIRECTION('',(0.,1.,-4.4E-16));
#6984 = DIRECTION('',(0.,4.4E-16,1.));
#6985 = ADVANCED_FACE('',(#6986),#7004,.T.);
#6986 = FACE_BOUND('',#6987,.T.);
#6987 = EDGE_LOOP('',(#6988,#6989,#6990,#6998));
#6988 = ORIENTED_EDGE('',*,*,#6656,.F.);
#6989 = ORIENTED_EDGE('',*,*,#6436,.T.);
#6990 = ORIENTED_EDGE('',*,*,#6991,.T.);
#6991 = EDGE_CURVE('',#6429,#6992,#6994,.T.);
#6992 = VERTEX_POINT('',#6993);
#6993 = CARTESIAN_POINT('',(-4.45,3.125,2.66));
#6994 = LINE('',#6995,#6996);
#6995 = CARTESIAN_POINT('',(-4.45,3.725,2.66));
#6996 = VECTOR('',#6997,1.);
#6997 = DIRECTION('',(0.,-1.,2.2E-16));
#6998 = ORIENTED_EDGE('',*,*,#6999,.F.);
#6999 = EDGE_CURVE('',#6657,#6992,#7000,.T.);
#7000 = LINE('',#7001,#7002);
#7001 = CARTESIAN_POINT('',(-3.903416661932,3.125,2.66));
#7002 = VECTOR('',#7003,1.);
#7003 = DIRECTION('',(-1.,-0.,-2.2E-16));
#7004 = PLANE('',#7005);
#7005 = AXIS2_PLACEMENT_3D('',#7006,#7007,#7008);
#7006 = CARTESIAN_POINT('',(-3.15,3.725,2.66));
#7007 = DIRECTION('',(-2.2E-16,3.3E-16,1.));
#7008 = DIRECTION('',(0.,-1.,3.3E-16));
#7009 = ADVANCED_FACE('',(#7010),#7030,.F.);
#7010 = FACE_BOUND('',#7011,.F.);
#7011 = EDGE_LOOP('',(#7012,#7020,#7021,#7022,#7023,#7024));
#7012 = ORIENTED_EDGE('',*,*,#7013,.T.);
#7013 = EDGE_CURVE('',#7014,#6713,#7016,.T.);
#7014 = VERTEX_POINT('',#7015);
#7015 = CARTESIAN_POINT('',(-4.45,3.025,2.56));
#7016 = LINE('',#7017,#7018);
#7017 = CARTESIAN_POINT('',(-4.45,3.025,2.66));
#7018 = VECTOR('',#7019,1.);
#7019 = DIRECTION('',(0.,-2.2E-16,-1.));
#7020 = ORIENTED_EDGE('',*,*,#6720,.T.);
#7021 = ORIENTED_EDGE('',*,*,#6745,.T.);
#7022 = ORIENTED_EDGE('',*,*,#6428,.T.);
#7023 = ORIENTED_EDGE('',*,*,#6991,.T.);
#7024 = ORIENTED_EDGE('',*,*,#7025,.F.);
#7025 = EDGE_CURVE('',#7014,#6992,#7026,.T.);
#7026 = LINE('',#7027,#7028);
#7027 = CARTESIAN_POINT('',(-4.45,3.04625,2.58125));
#7028 = VECTOR('',#7029,1.);
#7029 = DIRECTION('',(-6.8E-16,0.707106781187,0.707106781187));
#7030 = PLANE('',#7031);
#7031 = AXIS2_PLACEMENT_3D('',#7032,#7033,#7034);
#7032 = CARTESIAN_POINT('',(-4.45,3.375,2.195));
#7033 = DIRECTION('',(1.,0.,9.6E-16));
#7034 = DIRECTION('',(-9.6E-16,2.2E-16,1.));
#7035 = ADVANCED_FACE('',(#7036),#7044,.T.);
#7036 = FACE_BOUND('',#7037,.T.);
#7037 = EDGE_LOOP('',(#7038,#7039,#7040,#7041,#7042,#7043));
#7038 = ORIENTED_EDGE('',*,*,#6452,.F.);
#7039 = ORIENTED_EDGE('',*,*,#6483,.F.);
#7040 = ORIENTED_EDGE('',*,*,#6533,.F.);
#7041 = ORIENTED_EDGE('',*,*,#6541,.F.);
#7042 = ORIENTED_EDGE('',*,*,#6613,.T.);
#7043 = ORIENTED_EDGE('',*,*,#6507,.T.);
#7044 = PLANE('',#7045);
#7045 = AXIS2_PLACEMENT_3D('',#7046,#7047,#7048);
#7046 = CARTESIAN_POINT('',(-1.2,2.775,2.99));
#7047 = DIRECTION('',(0.,1.,-1.22E-15));
#7048 = DIRECTION('',(-1.,0.,0.));
#7049 = ADVANCED_FACE('',(#7050),#7068,.T.);
#7050 = FACE_BOUND('',#7051,.T.);
#7051 = EDGE_LOOP('',(#7052,#7053,#7061,#7067));
#7052 = ORIENTED_EDGE('',*,*,#6929,.T.);
#7053 = ORIENTED_EDGE('',*,*,#7054,.T.);
#7054 = EDGE_CURVE('',#6930,#7055,#7057,.T.);
#7055 = VERTEX_POINT('',#7056);
#7056 = CARTESIAN_POINT('',(-2.5,1.675,2.33));
#7057 = LINE('',#7058,#7059);
#7058 = CARTESIAN_POINT('',(-2.5,1.125,2.33));
#7059 = VECTOR('',#7060,1.);
#7060 = DIRECTION('',(0.,1.,-1.22E-15));
#7061 = ORIENTED_EDGE('',*,*,#7062,.F.);
#7062 = EDGE_CURVE('',#6574,#7055,#7063,.T.);
#7063 = LINE('',#7064,#7065);
#7064 = CARTESIAN_POINT('',(-2.5,1.675,2.99));
#7065 = VECTOR('',#7066,1.);
#7066 = DIRECTION('',(0.,-7.7E-16,-1.));
#7067 = ORIENTED_EDGE('',*,*,#6581,.F.);
#7068 = PLANE('',#7069);
#7069 = AXIS2_PLACEMENT_3D('',#7070,#7071,#7072);
#7070 = CARTESIAN_POINT('',(-2.5,1.125,2.99));
#7071 = DIRECTION('',(1.,0.,0.));
#7072 = DIRECTION('',(0.,1.,-7.7E-16));
#7073 = ADVANCED_FACE('',(#7074),#7092,.T.);
#7074 = FACE_BOUND('',#7075,.T.);
#7075 = EDGE_LOOP('',(#7076,#7077,#7085,#7091));
#7076 = ORIENTED_EDGE('',*,*,#7062,.T.);
#7077 = ORIENTED_EDGE('',*,*,#7078,.T.);
#7078 = EDGE_CURVE('',#7055,#7079,#7081,.T.);
#7079 = VERTEX_POINT('',#7080);
#7080 = CARTESIAN_POINT('',(-1.1,1.675,2.33));
#7081 = LINE('',#7082,#7083);
#7082 = CARTESIAN_POINT('',(-2.5,1.675,2.33));
#7083 = VECTOR('',#7084,1.);
#7084 = DIRECTION('',(1.,0.,0.));
#7085 = ORIENTED_EDGE('',*,*,#7086,.F.);
#7086 = EDGE_CURVE('',#6566,#7079,#7087,.T.);
#7087 = LINE('',#7088,#7089);
#7088 = CARTESIAN_POINT('',(-1.1,1.675,2.99));
#7089 = VECTOR('',#7090,1.);
#7090 = DIRECTION('',(0.,-7.7E-16,-1.));
#7091 = ORIENTED_EDGE('',*,*,#6573,.F.);
#7092 = PLANE('',#7093);
#7093 = AXIS2_PLACEMENT_3D('',#7094,#7095,#7096);
#7094 = CARTESIAN_POINT('',(-2.5,1.675,2.99));
#7095 = DIRECTION('',(0.,-1.,7.7E-16));
#7096 = DIRECTION('',(1.,0.,0.));
#7097 = ADVANCED_FACE('',(#7098),#7109,.T.);
#7098 = FACE_BOUND('',#7099,.T.);
#7099 = EDGE_LOOP('',(#7100,#7101,#7107,#7108));
#7100 = ORIENTED_EDGE('',*,*,#7086,.T.);
#7101 = ORIENTED_EDGE('',*,*,#7102,.T.);
#7102 = EDGE_CURVE('',#7079,#6761,#7103,.T.);
#7103 = LINE('',#7104,#7105);
#7104 = CARTESIAN_POINT('',(-1.1,1.675,2.33));
#7105 = VECTOR('',#7106,1.);
#7106 = DIRECTION('',(0.,-1.,1.22E-15));
#7107 = ORIENTED_EDGE('',*,*,#6760,.F.);
#7108 = ORIENTED_EDGE('',*,*,#6565,.F.);
#7109 = PLANE('',#7110);
#7110 = AXIS2_PLACEMENT_3D('',#7111,#7112,#7113);
#7111 = CARTESIAN_POINT('',(-1.1,1.675,2.99));
#7112 = DIRECTION('',(-1.,0.,0.));
#7113 = DIRECTION('',(0.,-1.,7.7E-16));
#7114 = ADVANCED_FACE('',(#7115),#7127,.T.);
#7115 = FACE_BOUND('',#7116,.T.);
#7116 = EDGE_LOOP('',(#7117,#7118,#7124,#7125,#7126));
#7117 = ORIENTED_EDGE('',*,*,#6628,.F.);
#7118 = ORIENTED_EDGE('',*,*,#7119,.T.);
#7119 = EDGE_CURVE('',#6629,#7014,#7120,.T.);
#7120 = LINE('',#7121,#7122);
#7121 = CARTESIAN_POINT('',(-3.903416661932,3.025,2.56));
#7122 = VECTOR('',#7123,1.);
#7123 = DIRECTION('',(-1.,-0.,-2.2E-16));
#7124 = ORIENTED_EDGE('',*,*,#7013,.T.);
#7125 = ORIENTED_EDGE('',*,*,#6712,.F.);
#7126 = ORIENTED_EDGE('',*,*,#6679,.F.);
#7127 = PLANE('',#7128);
#7128 = AXIS2_PLACEMENT_3D('',#7129,#7130,#7131);
#7129 = CARTESIAN_POINT('',(-3.15,3.025,2.66));
#7130 = DIRECTION('',(0.,-1.,3.3E-16));
#7131 = DIRECTION('',(2.2E-16,-3.3E-16,-1.));
#7132 = ADVANCED_FACE('',(#7133),#7139,.T.);
#7133 = FACE_BOUND('',#7134,.F.);
#7134 = EDGE_LOOP('',(#7135,#7136,#7137,#7138));
#7135 = ORIENTED_EDGE('',*,*,#6664,.F.);
#7136 = ORIENTED_EDGE('',*,*,#7119,.T.);
#7137 = ORIENTED_EDGE('',*,*,#7025,.T.);
#7138 = ORIENTED_EDGE('',*,*,#6999,.F.);
#7139 = PLANE('',#7140);
#7140 = AXIS2_PLACEMENT_3D('',#7141,#7142,#7143);
#7141 = CARTESIAN_POINT('',(-3.903416661932,3.075,2.61));
#7142 = DIRECTION('',(-1.6E-16,-0.707106781187,0.707106781187));
#7143 = DIRECTION('',(1.,-3.137084989848E-18,2.231370849898E-16));
#7144 = ADVANCED_FACE('',(#7145),#7170,.F.);
#7145 = FACE_BOUND('',#7146,.F.);
#7146 = EDGE_LOOP('',(#7147,#7148,#7156,#7162,#7163,#7169));
#7147 = ORIENTED_EDGE('',*,*,#6784,.T.);
#7148 = ORIENTED_EDGE('',*,*,#7149,.T.);
#7149 = EDGE_CURVE('',#6785,#7150,#7152,.T.);
#7150 = VERTEX_POINT('',#7151);
#7151 = CARTESIAN_POINT('',(-3.095,-0.475,2.33));
#7152 = LINE('',#7153,#7154);
#7153 = CARTESIAN_POINT('',(0.,-0.475,2.33));
#7154 = VECTOR('',#7155,1.);
#7155 = DIRECTION('',(-1.,0.,0.));
#7156 = ORIENTED_EDGE('',*,*,#7157,.F.);
#7157 = EDGE_CURVE('',#6938,#7150,#7158,.T.);
#7158 = LINE('',#7159,#7160);
#7159 = CARTESIAN_POINT('',(-3.095,1.125,2.33));
#7160 = VECTOR('',#7161,1.);
#7161 = DIRECTION('',(0.,-1.,5.5E-16));
#7162 = ORIENTED_EDGE('',*,*,#6937,.F.);
#7163 = ORIENTED_EDGE('',*,*,#7164,.F.);
#7164 = EDGE_CURVE('',#6761,#6930,#7165,.T.);
#7165 = LINE('',#7166,#7167);
#7166 = CARTESIAN_POINT('',(-1.1,1.125,2.33));
#7167 = VECTOR('',#7168,1.);
#7168 = DIRECTION('',(-1.,0.,0.));
#7169 = ORIENTED_EDGE('',*,*,#6770,.F.);
#7170 = PLANE('',#7171);
#7171 = AXIS2_PLACEMENT_3D('',#7172,#7173,#7174);
#7172 = CARTESIAN_POINT('',(0.,1.125,2.33));
#7173 = DIRECTION('',(0.,-5.5E-16,-1.));
#7174 = DIRECTION('',(-1.,-0.,0.));
#7175 = ADVANCED_FACE('',(#7176),#7201,.T.);
#7176 = FACE_BOUND('',#7177,.T.);
#7177 = EDGE_LOOP('',(#7178,#7179,#7187,#7193,#7194,#7200));
#7178 = ORIENTED_EDGE('',*,*,#6816,.T.);
#7179 = ORIENTED_EDGE('',*,*,#7180,.T.);
#7180 = EDGE_CURVE('',#6809,#7181,#7183,.T.);
#7181 = VERTEX_POINT('',#7182);
#7182 = CARTESIAN_POINT('',(-3.095,-0.475,1.13));
#7183 = LINE('',#7184,#7185);
#7184 = CARTESIAN_POINT('',(0.,-0.475,1.13));
#7185 = VECTOR('',#7186,1.);
#7186 = DIRECTION('',(-1.,0.,0.));
#7187 = ORIENTED_EDGE('',*,*,#7188,.F.);
#7188 = EDGE_CURVE('',#6963,#7181,#7189,.T.);
#7189 = LINE('',#7190,#7191);
#7190 = CARTESIAN_POINT('',(-3.095,1.125,1.13));
#7191 = VECTOR('',#7192,1.);
#7192 = DIRECTION('',(0.,-1.,5.5E-16));
#7193 = ORIENTED_EDGE('',*,*,#6971,.F.);
#7194 = ORIENTED_EDGE('',*,*,#7195,.F.);
#7195 = EDGE_CURVE('',#6833,#6904,#7196,.T.);
#7196 = LINE('',#7197,#7198);
#7197 = CARTESIAN_POINT('',(-1.1,1.125,1.13));
#7198 = VECTOR('',#7199,1.);
#7199 = DIRECTION('',(-1.,0.,0.));
#7200 = ORIENTED_EDGE('',*,*,#6840,.F.);
#7201 = PLANE('',#7202);
#7202 = AXIS2_PLACEMENT_3D('',#7203,#7204,#7205);
#7203 = CARTESIAN_POINT('',(0.,1.125,1.13));
#7204 = DIRECTION('',(0.,-5.5E-16,-1.));
#7205 = DIRECTION('',(-1.,-0.,0.));
#7206 = ADVANCED_FACE('',(#7207),#7226,.F.);
#7207 = FACE_BOUND('',#7208,.F.);
#7208 = EDGE_LOOP('',(#7209,#7210,#7211,#7219));
#7209 = ORIENTED_EDGE('',*,*,#7149,.F.);
#7210 = ORIENTED_EDGE('',*,*,#6792,.T.);
#7211 = ORIENTED_EDGE('',*,*,#7212,.T.);
#7212 = EDGE_CURVE('',#6793,#7213,#7215,.T.);
#7213 = VERTEX_POINT('',#7214);
#7214 = CARTESIAN_POINT('',(-3.345,-0.475,2.08));
#7215 = LINE('',#7216,#7217);
#7216 = CARTESIAN_POINT('',(0.,-0.475,2.08));
#7217 = VECTOR('',#7218,1.);
#7218 = DIRECTION('',(-1.,0.,0.));
#7219 = ORIENTED_EDGE('',*,*,#7220,.F.);
#7220 = EDGE_CURVE('',#7150,#7213,#7221,.T.);
#7221 = CIRCLE('',#7222,0.25);
#7222 = AXIS2_PLACEMENT_3D('',#7223,#7224,#7225);
#7223 = CARTESIAN_POINT('',(-3.095,-0.475,2.08));
#7224 = DIRECTION('',(0.,-1.,2.2E-16));
#7225 = DIRECTION('',(1.,0.,0.));
#7226 = PLANE('',#7227);
#7227 = AXIS2_PLACEMENT_3D('',#7228,#7229,#7230);
#7228 = CARTESIAN_POINT('',(-1.629106230553,-0.475,1.73));
#7229 = DIRECTION('',(0.,1.,-2.2E-16));
#7230 = DIRECTION('',(0.,2.2E-16,1.));
#7231 = ADVANCED_FACE('',(#7232),#7273,.F.);
#7232 = FACE_BOUND('',#7233,.F.);
#7233 = EDGE_LOOP('',(#7234,#7242,#7250,#7258,#7266,#7272));
#7234 = ORIENTED_EDGE('',*,*,#7235,.T.);
#7235 = EDGE_CURVE('',#6801,#7236,#7238,.T.);
#7236 = VERTEX_POINT('',#7237);
#7237 = CARTESIAN_POINT('',(0.,-3.125,1.38));
#7238 = LINE('',#7239,#7240);
#7239 = CARTESIAN_POINT('',(0.,-0.475,1.38));
#7240 = VECTOR('',#7241,1.);
#7241 = DIRECTION('',(0.,-1.,3.3E-16));
#7242 = ORIENTED_EDGE('',*,*,#7243,.F.);
#7243 = EDGE_CURVE('',#7244,#7236,#7246,.T.);
#7244 = VERTEX_POINT('',#7245);
#7245 = CARTESIAN_POINT('',(0.,-3.325,1.58));
#7246 = LINE('',#7247,#7248);
#7247 = CARTESIAN_POINT('',(2.2E-16,-2.5125,0.7675));
#7248 = VECTOR('',#7249,1.);
#7249 = DIRECTION('',(0.,0.707106781187,-0.707106781187));
#7250 = ORIENTED_EDGE('',*,*,#7251,.T.);
#7251 = EDGE_CURVE('',#7244,#7252,#7254,.T.);
#7252 = VERTEX_POINT('',#7253);
#7253 = CARTESIAN_POINT('',(0.,-3.325,1.88));
#7254 = LINE('',#7255,#7256);
#7255 = CARTESIAN_POINT('',(0.,-3.325,1.38));
#7256 = VECTOR('',#7257,1.);
#7257 = DIRECTION('',(0.,2.2E-16,1.));
#7258 = ORIENTED_EDGE('',*,*,#7259,.F.);
#7259 = EDGE_CURVE('',#7260,#7252,#7262,.T.);
#7260 = VERTEX_POINT('',#7261);
#7261 = CARTESIAN_POINT('',(0.,-3.125,2.08));
#7262 = LINE('',#7263,#7264);
#7263 = CARTESIAN_POINT('',(0.,-2.6875,2.5175));
#7264 = VECTOR('',#7265,1.);
#7265 = DIRECTION('',(0.,-0.707106781187,-0.707106781187));
#7266 = ORIENTED_EDGE('',*,*,#7267,.F.);
#7267 = EDGE_CURVE('',#6793,#7260,#7268,.T.);
#7268 = LINE('',#7269,#7270);
#7269 = CARTESIAN_POINT('',(0.,-0.475,2.08));
#7270 = VECTOR('',#7271,1.);
#7271 = DIRECTION('',(0.,-1.,3.3E-16));
#7272 = ORIENTED_EDGE('',*,*,#6800,.F.);
#7273 = PLANE('',#7274);
#7274 = AXIS2_PLACEMENT_3D('',#7275,#7276,#7277);
#7275 = CARTESIAN_POINT('',(0.,-0.475,1.38));
#7276 = DIRECTION('',(-1.,0.,0.));
#7277 = DIRECTION('',(0.,3.3E-16,1.));
#7278 = ADVANCED_FACE('',(#7279),#7298,.F.);
#7279 = FACE_BOUND('',#7280,.F.);
#7280 = EDGE_LOOP('',(#7281,#7289,#7290,#7291));
#7281 = ORIENTED_EDGE('',*,*,#7282,.T.);
#7282 = EDGE_CURVE('',#7283,#6801,#7285,.T.);
#7283 = VERTEX_POINT('',#7284);
#7284 = CARTESIAN_POINT('',(-3.345,-0.475,1.38));
#7285 = LINE('',#7286,#7287);
#7286 = CARTESIAN_POINT('',(-3.345,-0.475,1.38));
#7287 = VECTOR('',#7288,1.);
#7288 = DIRECTION('',(1.,0.,0.));
#7289 = ORIENTED_EDGE('',*,*,#6808,.T.);
#7290 = ORIENTED_EDGE('',*,*,#7180,.T.);
#7291 = ORIENTED_EDGE('',*,*,#7292,.F.);
#7292 = EDGE_CURVE('',#7283,#7181,#7293,.T.);
#7293 = CIRCLE('',#7294,0.25);
#7294 = AXIS2_PLACEMENT_3D('',#7295,#7296,#7297);
#7295 = CARTESIAN_POINT('',(-3.095,-0.475,1.38));
#7296 = DIRECTION('',(0.,-1.,2.2E-16));
#7297 = DIRECTION('',(1.,0.,0.));
#7298 = PLANE('',#7299);
#7299 = AXIS2_PLACEMENT_3D('',#7300,#7301,#7302);
#7300 = CARTESIAN_POINT('',(-1.629106230553,-0.475,1.73));
#7301 = DIRECTION('',(0.,1.,-2.2E-16));
#7302 = DIRECTION('',(0.,2.2E-16,1.));
#7303 = ADVANCED_FACE('',(#7304),#7310,.F.);
#7304 = FACE_BOUND('',#7305,.T.);
#7305 = EDGE_LOOP('',(#7306,#7307,#7308,#7309));
#7306 = ORIENTED_EDGE('',*,*,#7195,.T.);
#7307 = ORIENTED_EDGE('',*,*,#6913,.T.);
#7308 = ORIENTED_EDGE('',*,*,#6889,.T.);
#7309 = ORIENTED_EDGE('',*,*,#6865,.T.);
#7310 = PLANE('',#7311);
#7311 = AXIS2_PLACEMENT_3D('',#7312,#7313,#7314);
#7312 = CARTESIAN_POINT('',(-1.8,1.4,1.13));
#7313 = DIRECTION('',(0.,1.03E-15,1.));
#7314 = DIRECTION('',(0.,1.,-1.03E-15));
#7315 = ADVANCED_FACE('',(#7316),#7327,.T.);
#7316 = FACE_BOUND('',#7317,.T.);
#7317 = EDGE_LOOP('',(#7318,#7319,#7320,#7321));
#7318 = ORIENTED_EDGE('',*,*,#6962,.T.);
#7319 = ORIENTED_EDGE('',*,*,#7188,.T.);
#7320 = ORIENTED_EDGE('',*,*,#7292,.F.);
#7321 = ORIENTED_EDGE('',*,*,#7322,.F.);
#7322 = EDGE_CURVE('',#6955,#7283,#7323,.T.);
#7323 = LINE('',#7324,#7325);
#7324 = CARTESIAN_POINT('',(-3.345,1.125,1.38));
#7325 = VECTOR('',#7326,1.);
#7326 = DIRECTION('',(0.,-1.,5.5E-16));
#7327 = CYLINDRICAL_SURFACE('',#7328,0.25);
#7328 = AXIS2_PLACEMENT_3D('',#7329,#7330,#7331);
#7329 = CARTESIAN_POINT('',(-3.095,1.125,1.38));
#7330 = DIRECTION('',(0.,1.,-5.5E-16));
#7331 = DIRECTION('',(1.,0.,0.));
#7332 = ADVANCED_FACE('',(#7333),#7349,.F.);
#7333 = FACE_BOUND('',#7334,.F.);
#7334 = EDGE_LOOP('',(#7335,#7341,#7347,#7348));
#7335 = ORIENTED_EDGE('',*,*,#7336,.T.);
#7336 = EDGE_CURVE('',#6946,#7213,#7337,.T.);
#7337 = LINE('',#7338,#7339);
#7338 = CARTESIAN_POINT('',(-3.345,1.125,2.08));
#7339 = VECTOR('',#7340,1.);
#7340 = DIRECTION('',(0.,-1.,5.5E-16));
#7341 = ORIENTED_EDGE('',*,*,#7342,.T.);
#7342 = EDGE_CURVE('',#7213,#7283,#7343,.T.);
#7343 = LINE('',#7344,#7345);
#7344 = CARTESIAN_POINT('',(-3.345,-0.475,2.08));
#7345 = VECTOR('',#7346,1.);
#7346 = DIRECTION('',(0.,-2.2E-16,-1.));
#7347 = ORIENTED_EDGE('',*,*,#7322,.F.);
#7348 = ORIENTED_EDGE('',*,*,#6954,.F.);
#7349 = PLANE('',#7350);
#7350 = AXIS2_PLACEMENT_3D('',#7351,#7352,#7353);
#7351 = CARTESIAN_POINT('',(-3.345,1.125,2.08));
#7352 = DIRECTION('',(1.,0.,0.));
#7353 = DIRECTION('',(0.,-5.5E-16,-1.));
#7354 = ADVANCED_FACE('',(#7355),#7361,.T.);
#7355 = FACE_BOUND('',#7356,.T.);
#7356 = EDGE_LOOP('',(#7357,#7358,#7359,#7360));
#7357 = ORIENTED_EDGE('',*,*,#6945,.T.);
#7358 = ORIENTED_EDGE('',*,*,#7336,.T.);
#7359 = ORIENTED_EDGE('',*,*,#7220,.F.);
#7360 = ORIENTED_EDGE('',*,*,#7157,.F.);
#7361 = CYLINDRICAL_SURFACE('',#7362,0.25);
#7362 = AXIS2_PLACEMENT_3D('',#7363,#7364,#7365);
#7363 = CARTESIAN_POINT('',(-3.095,1.125,2.08));
#7364 = DIRECTION('',(0.,1.,-5.5E-16));
#7365 = DIRECTION('',(1.,0.,0.));
#7366 = ADVANCED_FACE('',(#7367),#7373,.T.);
#7367 = FACE_BOUND('',#7368,.F.);
#7368 = EDGE_LOOP('',(#7369,#7370,#7371,#7372));
#7369 = ORIENTED_EDGE('',*,*,#7164,.T.);
#7370 = ORIENTED_EDGE('',*,*,#7054,.T.);
#7371 = ORIENTED_EDGE('',*,*,#7078,.T.);
#7372 = ORIENTED_EDGE('',*,*,#7102,.T.);
#7373 = PLANE('',#7374);
#7374 = AXIS2_PLACEMENT_3D('',#7375,#7376,#7377);
#7375 = CARTESIAN_POINT('',(-1.8,1.4,2.33));
#7376 = DIRECTION('',(0.,1.03E-15,1.));
#7377 = DIRECTION('',(0.,1.,-1.03E-15));
#7378 = ADVANCED_FACE('',(#7379),#7439,.F.);
#7379 = FACE_BOUND('',#7380,.F.);
#7380 = EDGE_LOOP('',(#7381,#7391,#7399,#7408,#7416,#7425,#7431,#7432,
    #7433));
#7381 = ORIENTED_EDGE('',*,*,#7382,.T.);
#7382 = EDGE_CURVE('',#7383,#7385,#7387,.T.);
#7383 = VERTEX_POINT('',#7384);
#7384 = CARTESIAN_POINT('',(-3.045,-3.125,2.08));
#7385 = VERTEX_POINT('',#7386);
#7386 = CARTESIAN_POINT('',(-3.345,-2.525,2.08));
#7387 = LINE('',#7388,#7389);
#7388 = CARTESIAN_POINT('',(-3.3205,-2.574,2.08));
#7389 = VECTOR('',#7390,1.);
#7390 = DIRECTION('',(-0.4472135955,0.894427191,-4.E-16));
#7391 = ORIENTED_EDGE('',*,*,#7392,.F.);
#7392 = EDGE_CURVE('',#7393,#7385,#7395,.T.);
#7393 = VERTEX_POINT('',#7394);
#7394 = CARTESIAN_POINT('',(-3.345,-2.075,2.08));
#7395 = LINE('',#7396,#7397);
#7396 = CARTESIAN_POINT('',(-3.345,-0.475,2.08));
#7397 = VECTOR('',#7398,1.);
#7398 = DIRECTION('',(0.,-1.,3.3E-16));
#7399 = ORIENTED_EDGE('',*,*,#7400,.T.);
#7400 = EDGE_CURVE('',#7393,#7401,#7403,.T.);
#7401 = VERTEX_POINT('',#7402);
#7402 = CARTESIAN_POINT('',(-3.045,-1.775,2.08));
#7403 = CIRCLE('',#7404,0.3);
#7404 = AXIS2_PLACEMENT_3D('',#7405,#7406,#7407);
#7405 = CARTESIAN_POINT('',(-3.345,-1.775,2.08));
#7406 = DIRECTION('',(0.,2.2E-16,1.));
#7407 = DIRECTION('',(-1.,0.,0.));
#7408 = ORIENTED_EDGE('',*,*,#7409,.T.);
#7409 = EDGE_CURVE('',#7401,#7410,#7412,.T.);
#7410 = VERTEX_POINT('',#7411);
#7411 = CARTESIAN_POINT('',(-3.045,-0.875,2.08));
#7412 = LINE('',#7413,#7414);
#7413 = CARTESIAN_POINT('',(-3.045,-1.775,2.08));
#7414 = VECTOR('',#7415,1.);
#7415 = DIRECTION('',(0.,1.,-2.2E-16));
#7416 = ORIENTED_EDGE('',*,*,#7417,.T.);
#7417 = EDGE_CURVE('',#7410,#7418,#7420,.T.);
#7418 = VERTEX_POINT('',#7419);
#7419 = CARTESIAN_POINT('',(-3.345,-0.575,2.08));
#7420 = CIRCLE('',#7421,0.3);
#7421 = AXIS2_PLACEMENT_3D('',#7422,#7423,#7424);
#7422 = CARTESIAN_POINT('',(-3.345,-0.875,2.08));
#7423 = DIRECTION('',(0.,2.2E-16,1.));
#7424 = DIRECTION('',(-1.,0.,0.));
#7425 = ORIENTED_EDGE('',*,*,#7426,.F.);
#7426 = EDGE_CURVE('',#7213,#7418,#7427,.T.);
#7427 = LINE('',#7428,#7429);
#7428 = CARTESIAN_POINT('',(-3.345,-0.475,2.08));
#7429 = VECTOR('',#7430,1.);
#7430 = DIRECTION('',(0.,-1.,3.3E-16));
#7431 = ORIENTED_EDGE('',*,*,#7212,.F.);
#7432 = ORIENTED_EDGE('',*,*,#7267,.T.);
#7433 = ORIENTED_EDGE('',*,*,#7434,.T.);
#7434 = EDGE_CURVE('',#7260,#7383,#7435,.T.);
#7435 = LINE('',#7436,#7437);
#7436 = CARTESIAN_POINT('',(0.,-3.125,2.08));
#7437 = VECTOR('',#7438,1.);
#7438 = DIRECTION('',(-1.,0.,0.));
#7439 = PLANE('',#7440);
#7440 = AXIS2_PLACEMENT_3D('',#7441,#7442,#7443);
#7441 = CARTESIAN_POINT('',(0.,-0.475,2.08));
#7442 = DIRECTION('',(0.,-3.3E-16,-1.));
#7443 = DIRECTION('',(-1.,-0.,0.));
#7444 = ADVANCED_FACE('',(#7445),#7505,.F.);
#7445 = FACE_BOUND('',#7446,.F.);
#7446 = EDGE_LOOP('',(#7447,#7457,#7463,#7464,#7465,#7473,#7482,#7490,
    #7499));
#7447 = ORIENTED_EDGE('',*,*,#7448,.F.);
#7448 = EDGE_CURVE('',#7449,#7451,#7453,.T.);
#7449 = VERTEX_POINT('',#7450);
#7450 = CARTESIAN_POINT('',(-3.045,-3.125,1.38));
#7451 = VERTEX_POINT('',#7452);
#7452 = CARTESIAN_POINT('',(-3.345,-2.525,1.38));
#7453 = LINE('',#7454,#7455);
#7454 = CARTESIAN_POINT('',(-3.655,-1.905,1.38));
#7455 = VECTOR('',#7456,1.);
#7456 = DIRECTION('',(-0.4472135955,0.894427191,-4.E-16));
#7457 = ORIENTED_EDGE('',*,*,#7458,.T.);
#7458 = EDGE_CURVE('',#7449,#7236,#7459,.T.);
#7459 = LINE('',#7460,#7461);
#7460 = CARTESIAN_POINT('',(-2.945,-3.125,1.38));
#7461 = VECTOR('',#7462,1.);
#7462 = DIRECTION('',(1.,0.,0.));
#7463 = ORIENTED_EDGE('',*,*,#7235,.F.);
#7464 = ORIENTED_EDGE('',*,*,#7282,.F.);
#7465 = ORIENTED_EDGE('',*,*,#7466,.T.);
#7466 = EDGE_CURVE('',#7283,#7467,#7469,.T.);
#7467 = VERTEX_POINT('',#7468);
#7468 = CARTESIAN_POINT('',(-3.345,-0.575,1.38));
#7469 = LINE('',#7470,#7471);
#7470 = CARTESIAN_POINT('',(-3.345,-0.475,1.38));
#7471 = VECTOR('',#7472,1.);
#7472 = DIRECTION('',(0.,-1.,3.3E-16));
#7473 = ORIENTED_EDGE('',*,*,#7474,.F.);
#7474 = EDGE_CURVE('',#7475,#7467,#7477,.T.);
#7475 = VERTEX_POINT('',#7476);
#7476 = CARTESIAN_POINT('',(-3.045,-0.875,1.38));
#7477 = CIRCLE('',#7478,0.3);
#7478 = AXIS2_PLACEMENT_3D('',#7479,#7480,#7481);
#7479 = CARTESIAN_POINT('',(-3.345,-0.875,1.38));
#7480 = DIRECTION('',(0.,1.1E-16,1.));
#7481 = DIRECTION('',(-1.,0.,0.));
#7482 = ORIENTED_EDGE('',*,*,#7483,.F.);
#7483 = EDGE_CURVE('',#7484,#7475,#7486,.T.);
#7484 = VERTEX_POINT('',#7485);
#7485 = CARTESIAN_POINT('',(-3.045,-1.775,1.38));
#7486 = LINE('',#7487,#7488);
#7487 = CARTESIAN_POINT('',(-3.045,-1.125,1.38));
#7488 = VECTOR('',#7489,1.);
#7489 = DIRECTION('',(0.,1.,-4.4E-16));
#7490 = ORIENTED_EDGE('',*,*,#7491,.F.);
#7491 = EDGE_CURVE('',#7492,#7484,#7494,.T.);
#7492 = VERTEX_POINT('',#7493);
#7493 = CARTESIAN_POINT('',(-3.345,-2.075,1.38));
#7494 = CIRCLE('',#7495,0.3);
#7495 = AXIS2_PLACEMENT_3D('',#7496,#7497,#7498);
#7496 = CARTESIAN_POINT('',(-3.345,-1.775,1.38));
#7497 = DIRECTION('',(0.,1.1E-16,1.));
#7498 = DIRECTION('',(-1.,0.,0.));
#7499 = ORIENTED_EDGE('',*,*,#7500,.T.);
#7500 = EDGE_CURVE('',#7492,#7451,#7501,.T.);
#7501 = LINE('',#7502,#7503);
#7502 = CARTESIAN_POINT('',(-3.345,-0.475,1.38));
#7503 = VECTOR('',#7504,1.);
#7504 = DIRECTION('',(0.,-1.,3.3E-16));
#7505 = PLANE('',#7506);
#7506 = AXIS2_PLACEMENT_3D('',#7507,#7508,#7509);
#7507 = CARTESIAN_POINT('',(-3.345,-0.475,1.38));
#7508 = DIRECTION('',(0.,3.3E-16,1.));
#7509 = DIRECTION('',(1.,0.,-0.));
#7510 = ADVANCED_FACE('',(#7511),#7529,.T.);
#7511 = FACE_BOUND('',#7512,.F.);
#7512 = EDGE_LOOP('',(#7513,#7521,#7527,#7528));
#7513 = ORIENTED_EDGE('',*,*,#7514,.F.);
#7514 = EDGE_CURVE('',#7515,#7449,#7517,.T.);
#7515 = VERTEX_POINT('',#7516);
#7516 = CARTESIAN_POINT('',(-2.945,-3.325,1.58));
#7517 = LINE('',#7518,#7519);
#7518 = CARTESIAN_POINT('',(-2.967222222222,-3.280555555556,
    1.535555555556));
#7519 = VECTOR('',#7520,1.);
#7520 = DIRECTION('',(-0.333333333333,0.666666666667,-0.666666666667));
#7521 = ORIENTED_EDGE('',*,*,#7522,.T.);
#7522 = EDGE_CURVE('',#7515,#7244,#7523,.T.);
#7523 = LINE('',#7524,#7525);
#7524 = CARTESIAN_POINT('',(-2.945,-3.325,1.58));
#7525 = VECTOR('',#7526,1.);
#7526 = DIRECTION('',(1.,0.,0.));
#7527 = ORIENTED_EDGE('',*,*,#7243,.T.);
#7528 = ORIENTED_EDGE('',*,*,#7458,.F.);
#7529 = PLANE('',#7530);
#7530 = AXIS2_PLACEMENT_3D('',#7531,#7532,#7533);
#7531 = CARTESIAN_POINT('',(-2.945,-3.225,1.48));
#7532 = DIRECTION('',(0.,-0.707106781187,-0.707106781187));
#7533 = DIRECTION('',(-1.,-0.,0.));
#7534 = ADVANCED_FACE('',(#7535),#7553,.F.);
#7535 = FACE_BOUND('',#7536,.F.);
#7536 = EDGE_LOOP('',(#7537,#7545,#7551,#7552));
#7537 = ORIENTED_EDGE('',*,*,#7538,.F.);
#7538 = EDGE_CURVE('',#7539,#7515,#7541,.T.);
#7539 = VERTEX_POINT('',#7540);
#7540 = CARTESIAN_POINT('',(-2.945,-3.325,1.88));
#7541 = LINE('',#7542,#7543);
#7542 = CARTESIAN_POINT('',(-2.945,-3.325,2.08));
#7543 = VECTOR('',#7544,1.);
#7544 = DIRECTION('',(0.,-4.4E-16,-1.));
#7545 = ORIENTED_EDGE('',*,*,#7546,.F.);
#7546 = EDGE_CURVE('',#7252,#7539,#7547,.T.);
#7547 = LINE('',#7548,#7549);
#7548 = CARTESIAN_POINT('',(0.,-3.325,1.88));
#7549 = VECTOR('',#7550,1.);
#7550 = DIRECTION('',(-1.,0.,0.));
#7551 = ORIENTED_EDGE('',*,*,#7251,.F.);
#7552 = ORIENTED_EDGE('',*,*,#7522,.F.);
#7553 = PLANE('',#7554);
#7554 = AXIS2_PLACEMENT_3D('',#7555,#7556,#7557);
#7555 = CARTESIAN_POINT('',(-1.6725,-3.325,1.73));
#7556 = DIRECTION('',(0.,1.,-2.2E-16));
#7557 = DIRECTION('',(0.,2.2E-16,1.));
#7558 = ADVANCED_FACE('',(#7559),#7570,.T.);
#7559 = FACE_BOUND('',#7560,.T.);
#7560 = EDGE_LOOP('',(#7561,#7562,#7563,#7569));
#7561 = ORIENTED_EDGE('',*,*,#7259,.F.);
#7562 = ORIENTED_EDGE('',*,*,#7434,.T.);
#7563 = ORIENTED_EDGE('',*,*,#7564,.T.);
#7564 = EDGE_CURVE('',#7383,#7539,#7565,.T.);
#7565 = LINE('',#7566,#7567);
#7566 = CARTESIAN_POINT('',(-2.881388888889,-3.452222222222,
    1.752777777778));
#7567 = VECTOR('',#7568,1.);
#7568 = DIRECTION('',(0.333333333333,-0.666666666667,-0.666666666667));
#7569 = ORIENTED_EDGE('',*,*,#7546,.F.);
#7570 = PLANE('',#7571);
#7571 = AXIS2_PLACEMENT_3D('',#7572,#7573,#7574);
#7572 = CARTESIAN_POINT('',(0.,-3.225,1.98));
#7573 = DIRECTION('',(0.,-0.707106781187,0.707106781187));
#7574 = DIRECTION('',(-1.,0.,0.));
#7575 = ADVANCED_FACE('',(#7576),#7587,.F.);
#7576 = FACE_BOUND('',#7577,.F.);
#7577 = EDGE_LOOP('',(#7578,#7579,#7580,#7586));
#7578 = ORIENTED_EDGE('',*,*,#7342,.F.);
#7579 = ORIENTED_EDGE('',*,*,#7426,.T.);
#7580 = ORIENTED_EDGE('',*,*,#7581,.T.);
#7581 = EDGE_CURVE('',#7418,#7467,#7582,.T.);
#7582 = LINE('',#7583,#7584);
#7583 = CARTESIAN_POINT('',(-3.345,-0.575,2.08));
#7584 = VECTOR('',#7585,1.);
#7585 = DIRECTION('',(-0.,-1.1E-16,-1.));
#7586 = ORIENTED_EDGE('',*,*,#7466,.F.);
#7587 = PLANE('',#7588);
#7588 = AXIS2_PLACEMENT_3D('',#7589,#7590,#7591);
#7589 = CARTESIAN_POINT('',(-3.345,-0.475,2.08));
#7590 = DIRECTION('',(1.,0.,0.));
#7591 = DIRECTION('',(0.,-3.3E-16,-1.));
#7592 = ADVANCED_FACE('',(#7593),#7606,.T.);
#7593 = FACE_BOUND('',#7594,.F.);
#7594 = EDGE_LOOP('',(#7595,#7596,#7597,#7598,#7599,#7600));
#7595 = ORIENTED_EDGE('',*,*,#7382,.F.);
#7596 = ORIENTED_EDGE('',*,*,#7564,.T.);
#7597 = ORIENTED_EDGE('',*,*,#7538,.T.);
#7598 = ORIENTED_EDGE('',*,*,#7514,.T.);
#7599 = ORIENTED_EDGE('',*,*,#7448,.T.);
#7600 = ORIENTED_EDGE('',*,*,#7601,.F.);
#7601 = EDGE_CURVE('',#7385,#7451,#7602,.T.);
#7602 = LINE('',#7603,#7604);
#7603 = CARTESIAN_POINT('',(-3.345,-2.525,2.08));
#7604 = VECTOR('',#7605,1.);
#7605 = DIRECTION('',(0.,-4.4E-16,-1.));
#7606 = PLANE('',#7607);
#7607 = AXIS2_PLACEMENT_3D('',#7608,#7609,#7610);
#7608 = CARTESIAN_POINT('',(-3.145,-2.925,2.08));
#7609 = DIRECTION('',(-0.894427191,-0.4472135955,1.1E-16));
#7610 = DIRECTION('',(-7.761300899001E-17,4.01193495505E-16,1.));
#7611 = ADVANCED_FACE('',(#7612),#7623,.F.);
#7612 = FACE_BOUND('',#7613,.F.);
#7613 = EDGE_LOOP('',(#7614,#7615,#7621,#7622));
#7614 = ORIENTED_EDGE('',*,*,#7500,.F.);
#7615 = ORIENTED_EDGE('',*,*,#7616,.F.);
#7616 = EDGE_CURVE('',#7393,#7492,#7617,.T.);
#7617 = LINE('',#7618,#7619);
#7618 = CARTESIAN_POINT('',(-3.345,-2.075,2.08));
#7619 = VECTOR('',#7620,1.);
#7620 = DIRECTION('',(-0.,-1.1E-16,-1.));
#7621 = ORIENTED_EDGE('',*,*,#7392,.T.);
#7622 = ORIENTED_EDGE('',*,*,#7601,.T.);
#7623 = PLANE('',#7624);
#7624 = AXIS2_PLACEMENT_3D('',#7625,#7626,#7627);
#7625 = CARTESIAN_POINT('',(-3.345,-0.475,2.08));
#7626 = DIRECTION('',(1.,0.,0.));
#7627 = DIRECTION('',(0.,-3.3E-16,-1.));
#7628 = ADVANCED_FACE('',(#7629),#7640,.F.);
#7629 = FACE_BOUND('',#7630,.F.);
#7630 = EDGE_LOOP('',(#7631,#7632,#7633,#7634));
#7631 = ORIENTED_EDGE('',*,*,#7400,.F.);
#7632 = ORIENTED_EDGE('',*,*,#7616,.T.);
#7633 = ORIENTED_EDGE('',*,*,#7491,.T.);
#7634 = ORIENTED_EDGE('',*,*,#7635,.F.);
#7635 = EDGE_CURVE('',#7401,#7484,#7636,.T.);
#7636 = LINE('',#7637,#7638);
#7637 = CARTESIAN_POINT('',(-3.045,-1.775,2.08));
#7638 = VECTOR('',#7639,1.);
#7639 = DIRECTION('',(-0.,-1.1E-16,-1.));
#7640 = CYLINDRICAL_SURFACE('',#7641,0.3);
#7641 = AXIS2_PLACEMENT_3D('',#7642,#7643,#7644);
#7642 = CARTESIAN_POINT('',(-3.345,-1.775,2.08));
#7643 = DIRECTION('',(0.,1.1E-16,1.));
#7644 = DIRECTION('',(-1.,0.,0.));
#7645 = ADVANCED_FACE('',(#7646),#7657,.F.);
#7646 = FACE_BOUND('',#7647,.F.);
#7647 = EDGE_LOOP('',(#7648,#7649,#7650,#7651));
#7648 = ORIENTED_EDGE('',*,*,#7409,.F.);
#7649 = ORIENTED_EDGE('',*,*,#7635,.T.);
#7650 = ORIENTED_EDGE('',*,*,#7483,.T.);
#7651 = ORIENTED_EDGE('',*,*,#7652,.F.);
#7652 = EDGE_CURVE('',#7410,#7475,#7653,.T.);
#7653 = LINE('',#7654,#7655);
#7654 = CARTESIAN_POINT('',(-3.045,-0.875,2.08));
#7655 = VECTOR('',#7656,1.);
#7656 = DIRECTION('',(-0.,-1.1E-16,-1.));
#7657 = PLANE('',#7658);
#7658 = AXIS2_PLACEMENT_3D('',#7659,#7660,#7661);
#7659 = CARTESIAN_POINT('',(-3.045,-1.775,2.08));
#7660 = DIRECTION('',(1.,0.,0.));
#7661 = DIRECTION('',(0.,1.,-1.1E-16));
#7662 = ADVANCED_FACE('',(#7663),#7669,.F.);
#7663 = FACE_BOUND('',#7664,.F.);
#7664 = EDGE_LOOP('',(#7665,#7666,#7667,#7668));
#7665 = ORIENTED_EDGE('',*,*,#7417,.F.);
#7666 = ORIENTED_EDGE('',*,*,#7652,.T.);
#7667 = ORIENTED_EDGE('',*,*,#7474,.T.);
#7668 = ORIENTED_EDGE('',*,*,#7581,.F.);
#7669 = CYLINDRICAL_SURFACE('',#7670,0.3);
#7670 = AXIS2_PLACEMENT_3D('',#7671,#7672,#7673);
#7671 = CARTESIAN_POINT('',(-3.345,-0.875,2.08));
#7672 = DIRECTION('',(0.,1.1E-16,1.));
#7673 = DIRECTION('',(-1.,0.,0.));
#7674 = ( GEOMETRIC_REPRESENTATION_CONTEXT(3) 
GLOBAL_UNCERTAINTY_ASSIGNED_CONTEXT((#7678)) 
GLOBAL_UNIT_ASSIGNED_CONTEXT((#7675,#7676,#7677)) REPRESENTATION_CONTEXT
('Context #1','3D Context with UNIT and UNCERTAINTY') );
#7675 = ( LENGTH_UNIT() NAMED_UNIT(*) SI_UNIT(.MILLI.,.METRE.) );
#7676 = ( NAMED_UNIT(*) PLANE_ANGLE_UNIT() SI_UNIT($,.RADIAN.) );
#7677 = ( NAMED_UNIT(*) SI_UNIT($,.STERADIAN.) SOLID_ANGLE_UNIT() );
#7678 = UNCERTAINTY_MEASURE_WITH_UNIT(LENGTH_MEASURE(1.E-07),#7675,
  'distance_accuracy_value','confusion accuracy');
#7679 = CONTEXT_DEPENDENT_SHAPE_REPRESENTATION(#7680,#7682);
#7680 = ( REPRESENTATION_RELATIONSHIP('','',#5727,#10) 
REPRESENTATION_RELATIONSHIP_WITH_TRANSFORMATION(#7681) 
SHAPE_REPRESENTATION_RELATIONSHIP() );
#7681 = ITEM_DEFINED_TRANSFORMATION('','',#11,#23);
#7682 = PRODUCT_DEFINITION_SHAPE('Placement','Placement of an item',
  #7683);
#7683 = NEXT_ASSEMBLY_USAGE_OCCURRENCE('58',
  'USB_C_Receptacle_16P_TopMnt_Horizontal_GCT_USB4105-xx-A038','',#5,
  #5722,$);
#7684 = PRODUCT_RELATED_PRODUCT_CATEGORY('part',$,(#5724));
#7685 = SHAPE_DEFINITION_REPRESENTATION(#7686,#7692);
#7686 = PRODUCT_DEFINITION_SHAPE('','',#7687);
#7687 = PRODUCT_DEFINITION('design','',#7688,#7691);
#7688 = PRODUCT_DEFINITION_FORMATION('','',#7689);
#7689 = PRODUCT(
  'USB_C_Receptacle_16P_TopMnt_Horizontal_GCT_USB4105-xx-A039',
  'USB_C_Receptacle_16P_TopMnt_Horizontal_GCT_USB4105-xx-A039','',(#7690
    ));
#7690 = PRODUCT_CONTEXT('',#2,'mechanical');
#7691 = PRODUCT_DEFINITION_CONTEXT('part definition',#2,'design');
#7692 = ADVANCED_BREP_SHAPE_REPRESENTATION('',(#11,#7693),#12760);
#7693 = MANIFOLD_SOLID_BREP('',#7694);
#7694 = CLOSED_SHELL('',(#7695,#7949,#8014,#8039,#8064,#8088,#8119,#8144
    ,#8176,#8200,#8242,#8267,#8313,#8337,#8394,#8412,#8429,#8446,#8470,
    #8502,#8551,#8590,#8607,#8631,#8663,#8712,#8751,#8768,#8855,#8880,
    #9043,#9068,#9209,#9234,#9296,#9320,#9337,#9354,#9371,#9388,#9412,
    #9445,#9462,#9479,#9503,#9520,#9544,#9561,#9594,#9618,#9630,#9642,
    #9659,#9813,#9881,#9913,#9930,#9947,#9964,#9981,#9998,#10107,#10124,
    #10202,#10219,#10328,#10482,#10499,#10523,#10688,#10713,#10730,
    #10747,#10759,#10771,#10788,#10805,#10822,#10839,#10856,#10873,
    #10890,#10907,#10924,#10941,#10958,#10975,#10992,#11009,#11026,
    #11043,#11055,#11072,#11089,#11106,#11132,#11149,#11171,#11183,
    #11200,#11217,#11234,#11251,#11268,#11285,#11302,#11319,#11331,
    #11546,#11563,#11580,#11597,#11614,#11631,#11648,#11689,#11706,
    #11723,#11740,#11780,#11820,#11861,#11878,#11895,#11919,#11951,
    #11990,#12007,#12031,#12063,#12102,#12119,#12136,#12158,#12170,
    #12203,#12220,#12237,#12256,#12275,#12308,#12325,#12342,#12359,
    #12392,#12409,#12433,#12466,#12490,#12507,#12524,#12573,#12590,
    #12602,#12651,#12668,#12680,#12697,#12714,#12731,#12748));
#7695 = ADVANCED_FACE('',(#7696,#7814),#7944,.T.);
#7696 = FACE_BOUND('',#7697,.F.);
#7697 = EDGE_LOOP('',(#7698,#7708,#7716,#7724,#7732,#7740,#7748,#7756,
    #7765,#7773,#7782,#7790,#7799,#7807));
#7698 = ORIENTED_EDGE('',*,*,#7699,.T.);
#7699 = EDGE_CURVE('',#7700,#7702,#7704,.T.);
#7700 = VERTEX_POINT('',#7701);
#7701 = CARTESIAN_POINT('',(2.,-1.875,0.45));
#7702 = VERTEX_POINT('',#7703);
#7703 = CARTESIAN_POINT('',(3.19,-1.875,0.45));
#7704 = LINE('',#7705,#7706);
#7705 = CARTESIAN_POINT('',(2.235,-1.875,0.45));
#7706 = VECTOR('',#7707,1.);
#7707 = DIRECTION('',(1.,0.,0.));
#7708 = ORIENTED_EDGE('',*,*,#7709,.F.);
#7709 = EDGE_CURVE('',#7710,#7702,#7712,.T.);
#7710 = VERTEX_POINT('',#7711);
#7711 = CARTESIAN_POINT('',(3.19,-3.375,0.45));
#7712 = LINE('',#7713,#7714);
#7713 = CARTESIAN_POINT('',(3.19,-3.675,0.45));
#7714 = VECTOR('',#7715,1.);
#7715 = DIRECTION('',(0.,1.,-2.2E-16));
#7716 = ORIENTED_EDGE('',*,*,#7717,.T.);
#7717 = EDGE_CURVE('',#7710,#7718,#7720,.T.);
#7718 = VERTEX_POINT('',#7719);
#7719 = CARTESIAN_POINT('',(0.,-3.375,0.45));
#7720 = LINE('',#7721,#7722);
#7721 = CARTESIAN_POINT('',(3.19,-3.375,0.45));
#7722 = VECTOR('',#7723,1.);
#7723 = DIRECTION('',(-1.,-0.,-0.));
#7724 = ORIENTED_EDGE('',*,*,#7725,.T.);
#7725 = EDGE_CURVE('',#7718,#7726,#7728,.T.);
#7726 = VERTEX_POINT('',#7727);
#7727 = CARTESIAN_POINT('',(0.,2.145,0.45));
#7728 = LINE('',#7729,#7730);
#7729 = CARTESIAN_POINT('',(0.,-3.675,0.45));
#7730 = VECTOR('',#7731,1.);
#7731 = DIRECTION('',(0.,1.,-2.2E-16));
#7732 = ORIENTED_EDGE('',*,*,#7733,.T.);
#7733 = EDGE_CURVE('',#7726,#7734,#7736,.T.);
#7734 = VERTEX_POINT('',#7735);
#7735 = CARTESIAN_POINT('',(3.19,2.145,0.45));
#7736 = LINE('',#7737,#7738);
#7737 = CARTESIAN_POINT('',(2.235,2.145,0.45));
#7738 = VECTOR('',#7739,1.);
#7739 = DIRECTION('',(1.,0.,0.));
#7740 = ORIENTED_EDGE('',*,*,#7741,.F.);
#7741 = EDGE_CURVE('',#7742,#7734,#7744,.T.);
#7742 = VERTEX_POINT('',#7743);
#7743 = CARTESIAN_POINT('',(3.19,0.225,0.45));
#7744 = LINE('',#7745,#7746);
#7745 = CARTESIAN_POINT('',(3.19,-3.675,0.45));
#7746 = VECTOR('',#7747,1.);
#7747 = DIRECTION('',(0.,1.,-2.2E-16));
#7748 = ORIENTED_EDGE('',*,*,#7749,.T.);
#7749 = EDGE_CURVE('',#7742,#7750,#7752,.T.);
#7750 = VERTEX_POINT('',#7751);
#7751 = CARTESIAN_POINT('',(3.,0.225,0.45));
#7752 = LINE('',#7753,#7754);
#7753 = CARTESIAN_POINT('',(1.425,0.225,0.45));
#7754 = VECTOR('',#7755,1.);
#7755 = DIRECTION('',(-1.,-0.,-0.));
#7756 = ORIENTED_EDGE('',*,*,#7757,.F.);
#7757 = EDGE_CURVE('',#7758,#7750,#7760,.T.);
#7758 = VERTEX_POINT('',#7759);
#7759 = CARTESIAN_POINT('',(2.85,7.5E-02,0.45));
#7760 = CIRCLE('',#7761,0.15);
#7761 = AXIS2_PLACEMENT_3D('',#7762,#7763,#7764);
#7762 = CARTESIAN_POINT('',(3.,7.5E-02,0.45));
#7763 = DIRECTION('',(-0.,-3.3E-16,-1.));
#7764 = DIRECTION('',(0.,-1.,3.3E-16));
#7765 = ORIENTED_EDGE('',*,*,#7766,.T.);
#7766 = EDGE_CURVE('',#7758,#7767,#7769,.T.);
#7767 = VERTEX_POINT('',#7768);
#7768 = CARTESIAN_POINT('',(2.85,-2.5E-02,0.45));
#7769 = LINE('',#7770,#7771);
#7770 = CARTESIAN_POINT('',(2.85,-1.925,0.45));
#7771 = VECTOR('',#7772,1.);
#7772 = DIRECTION('',(0.,-1.,2.2E-16));
#7773 = ORIENTED_EDGE('',*,*,#7774,.F.);
#7774 = EDGE_CURVE('',#7775,#7767,#7777,.T.);
#7775 = VERTEX_POINT('',#7776);
#7776 = CARTESIAN_POINT('',(2.7,-0.175,0.45));
#7777 = CIRCLE('',#7778,0.15);
#7778 = AXIS2_PLACEMENT_3D('',#7779,#7780,#7781);
#7779 = CARTESIAN_POINT('',(2.7,-2.5E-02,0.45));
#7780 = DIRECTION('',(-0.,3.3E-16,1.));
#7781 = DIRECTION('',(0.,-1.,3.3E-16));
#7782 = ORIENTED_EDGE('',*,*,#7783,.T.);
#7783 = EDGE_CURVE('',#7775,#7784,#7786,.T.);
#7784 = VERTEX_POINT('',#7785);
#7785 = CARTESIAN_POINT('',(2.,-0.175,0.45));
#7786 = LINE('',#7787,#7788);
#7787 = CARTESIAN_POINT('',(0.925,-0.175,0.45));
#7788 = VECTOR('',#7789,1.);
#7789 = DIRECTION('',(-1.,-0.,-0.));
#7790 = ORIENTED_EDGE('',*,*,#7791,.F.);
#7791 = EDGE_CURVE('',#7792,#7784,#7794,.T.);
#7792 = VERTEX_POINT('',#7793);
#7793 = CARTESIAN_POINT('',(1.85,-0.325,0.45));
#7794 = CIRCLE('',#7795,0.15);
#7795 = AXIS2_PLACEMENT_3D('',#7796,#7797,#7798);
#7796 = CARTESIAN_POINT('',(2.,-0.325,0.45));
#7797 = DIRECTION('',(-0.,-3.3E-16,-1.));
#7798 = DIRECTION('',(0.,-1.,3.3E-16));
#7799 = ORIENTED_EDGE('',*,*,#7800,.T.);
#7800 = EDGE_CURVE('',#7792,#7801,#7803,.T.);
#7801 = VERTEX_POINT('',#7802);
#7802 = CARTESIAN_POINT('',(1.85,-1.725,0.45));
#7803 = LINE('',#7804,#7805);
#7804 = CARTESIAN_POINT('',(1.85,-2.775,0.45));
#7805 = VECTOR('',#7806,1.);
#7806 = DIRECTION('',(0.,-1.,2.2E-16));
#7807 = ORIENTED_EDGE('',*,*,#7808,.F.);
#7808 = EDGE_CURVE('',#7700,#7801,#7809,.T.);
#7809 = CIRCLE('',#7810,0.15);
#7810 = AXIS2_PLACEMENT_3D('',#7811,#7812,#7813);
#7811 = CARTESIAN_POINT('',(2.,-1.725,0.45));
#7812 = DIRECTION('',(-0.,-3.3E-16,-1.));
#7813 = DIRECTION('',(0.,-1.,3.3E-16));
#7814 = FACE_BOUND('',#7815,.F.);
#7815 = EDGE_LOOP('',(#7816,#7826,#7834,#7842,#7850,#7858,#7866,#7874,
    #7882,#7890,#7898,#7906,#7914,#7922,#7930,#7938));
#7816 = ORIENTED_EDGE('',*,*,#7817,.T.);
#7817 = EDGE_CURVE('',#7818,#7820,#7822,.T.);
#7818 = VERTEX_POINT('',#7819);
#7819 = CARTESIAN_POINT('',(1.16,1.625,0.45));
#7820 = VERTEX_POINT('',#7821);
#7821 = CARTESIAN_POINT('',(1.16,1.125,0.45));
#7822 = LINE('',#7823,#7824);
#7823 = CARTESIAN_POINT('',(1.16,-1.025,0.45));
#7824 = VECTOR('',#7825,1.);
#7825 = DIRECTION('',(0.,-1.,2.2E-16));
#7826 = ORIENTED_EDGE('',*,*,#7827,.T.);
#7827 = EDGE_CURVE('',#7820,#7828,#7830,.T.);
#7828 = VERTEX_POINT('',#7829);
#7829 = CARTESIAN_POINT('',(1.21,1.125,0.45));
#7830 = LINE('',#7831,#7832);
#7831 = CARTESIAN_POINT('',(0.58,1.125,0.45));
#7832 = VECTOR('',#7833,1.);
#7833 = DIRECTION('',(1.,0.,0.));
#7834 = ORIENTED_EDGE('',*,*,#7835,.T.);
#7835 = EDGE_CURVE('',#7828,#7836,#7838,.T.);
#7836 = VERTEX_POINT('',#7837);
#7837 = CARTESIAN_POINT('',(1.272132034356,1.125,0.45));
#7838 = LINE('',#7839,#7840);
#7839 = CARTESIAN_POINT('',(0.58,1.125,0.45));
#7840 = VECTOR('',#7841,1.);
#7841 = DIRECTION('',(1.,0.,0.));
#7842 = ORIENTED_EDGE('',*,*,#7843,.T.);
#7843 = EDGE_CURVE('',#7836,#7844,#7846,.T.);
#7844 = VERTEX_POINT('',#7845);
#7845 = CARTESIAN_POINT('',(1.66,1.125,0.45));
#7846 = LINE('',#7847,#7848);
#7847 = CARTESIAN_POINT('',(0.58,1.125,0.45));
#7848 = VECTOR('',#7849,1.);
#7849 = DIRECTION('',(1.,0.,0.));
#7850 = ORIENTED_EDGE('',*,*,#7851,.T.);
#7851 = EDGE_CURVE('',#7844,#7852,#7854,.T.);
#7852 = VERTEX_POINT('',#7853);
#7853 = CARTESIAN_POINT('',(1.88,1.125,0.45));
#7854 = LINE('',#7855,#7856);
#7855 = CARTESIAN_POINT('',(0.58,1.125,0.45));
#7856 = VECTOR('',#7857,1.);
#7857 = DIRECTION('',(1.,0.,0.));
#7858 = ORIENTED_EDGE('',*,*,#7859,.T.);
#7859 = EDGE_CURVE('',#7852,#7860,#7862,.T.);
#7860 = VERTEX_POINT('',#7861);
#7861 = CARTESIAN_POINT('',(2.267867965644,1.125,0.45));
#7862 = LINE('',#7863,#7864);
#7863 = CARTESIAN_POINT('',(0.58,1.125,0.45));
#7864 = VECTOR('',#7865,1.);
#7865 = DIRECTION('',(1.,0.,0.));
#7866 = ORIENTED_EDGE('',*,*,#7867,.T.);
#7867 = EDGE_CURVE('',#7860,#7868,#7870,.T.);
#7868 = VERTEX_POINT('',#7869);
#7869 = CARTESIAN_POINT('',(2.33,1.125,0.45));
#7870 = LINE('',#7871,#7872);
#7871 = CARTESIAN_POINT('',(0.58,1.125,0.45));
#7872 = VECTOR('',#7873,1.);
#7873 = DIRECTION('',(1.,0.,0.));
#7874 = ORIENTED_EDGE('',*,*,#7875,.T.);
#7875 = EDGE_CURVE('',#7868,#7876,#7878,.T.);
#7876 = VERTEX_POINT('',#7877);
#7877 = CARTESIAN_POINT('',(2.38,1.125,0.45));
#7878 = LINE('',#7879,#7880);
#7879 = CARTESIAN_POINT('',(0.58,1.125,0.45));
#7880 = VECTOR('',#7881,1.);
#7881 = DIRECTION('',(1.,0.,0.));
#7882 = ORIENTED_EDGE('',*,*,#7883,.T.);
#7883 = EDGE_CURVE('',#7876,#7884,#7886,.T.);
#7884 = VERTEX_POINT('',#7885);
#7885 = CARTESIAN_POINT('',(2.38,1.625,0.45));
#7886 = LINE('',#7887,#7888);
#7887 = CARTESIAN_POINT('',(2.38,-1.275,0.45));
#7888 = VECTOR('',#7889,1.);
#7889 = DIRECTION('',(0.,1.,-2.2E-16));
#7890 = ORIENTED_EDGE('',*,*,#7891,.T.);
#7891 = EDGE_CURVE('',#7884,#7892,#7894,.T.);
#7892 = VERTEX_POINT('',#7893);
#7893 = CARTESIAN_POINT('',(2.33,1.625,0.45));
#7894 = LINE('',#7895,#7896);
#7895 = CARTESIAN_POINT('',(1.19,1.625,0.45));
#7896 = VECTOR('',#7897,1.);
#7897 = DIRECTION('',(-1.,-0.,-0.));
#7898 = ORIENTED_EDGE('',*,*,#7899,.T.);
#7899 = EDGE_CURVE('',#7892,#7900,#7902,.T.);
#7900 = VERTEX_POINT('',#7901);
#7901 = CARTESIAN_POINT('',(2.267867965644,1.625,0.45));
#7902 = LINE('',#7903,#7904);
#7903 = CARTESIAN_POINT('',(1.19,1.625,0.45));
#7904 = VECTOR('',#7905,1.);
#7905 = DIRECTION('',(-1.,-0.,-0.));
#7906 = ORIENTED_EDGE('',*,*,#7907,.T.);
#7907 = EDGE_CURVE('',#7900,#7908,#7910,.T.);
#7908 = VERTEX_POINT('',#7909);
#7909 = CARTESIAN_POINT('',(1.88,1.625,0.45));
#7910 = LINE('',#7911,#7912);
#7911 = CARTESIAN_POINT('',(1.19,1.625,0.45));
#7912 = VECTOR('',#7913,1.);
#7913 = DIRECTION('',(-1.,-0.,-0.));
#7914 = ORIENTED_EDGE('',*,*,#7915,.T.);
#7915 = EDGE_CURVE('',#7908,#7916,#7918,.T.);
#7916 = VERTEX_POINT('',#7917);
#7917 = CARTESIAN_POINT('',(1.66,1.625,0.45));
#7918 = LINE('',#7919,#7920);
#7919 = CARTESIAN_POINT('',(1.19,1.625,0.45));
#7920 = VECTOR('',#7921,1.);
#7921 = DIRECTION('',(-1.,-0.,-0.));
#7922 = ORIENTED_EDGE('',*,*,#7923,.T.);
#7923 = EDGE_CURVE('',#7916,#7924,#7926,.T.);
#7924 = VERTEX_POINT('',#7925);
#7925 = CARTESIAN_POINT('',(1.272132034356,1.625,0.45));
#7926 = LINE('',#7927,#7928);
#7927 = CARTESIAN_POINT('',(1.19,1.625,0.45));
#7928 = VECTOR('',#7929,1.);
#7929 = DIRECTION('',(-1.,-0.,-0.));
#7930 = ORIENTED_EDGE('',*,*,#7931,.T.);
#7931 = EDGE_CURVE('',#7924,#7932,#7934,.T.);
#7932 = VERTEX_POINT('',#7933);
#7933 = CARTESIAN_POINT('',(1.21,1.625,0.45));
#7934 = LINE('',#7935,#7936);
#7935 = CARTESIAN_POINT('',(1.19,1.625,0.45));
#7936 = VECTOR('',#7937,1.);
#7937 = DIRECTION('',(-1.,-0.,-0.));
#7938 = ORIENTED_EDGE('',*,*,#7939,.T.);
#7939 = EDGE_CURVE('',#7932,#7818,#7940,.T.);
#7940 = LINE('',#7941,#7942);
#7941 = CARTESIAN_POINT('',(1.19,1.625,0.45));
#7942 = VECTOR('',#7943,1.);
#7943 = DIRECTION('',(-1.,-0.,-0.));
#7944 = PLANE('',#7945);
#7945 = AXIS2_PLACEMENT_3D('',#7946,#7947,#7948);
#7946 = CARTESIAN_POINT('',(0.,-3.675,0.45));
#7947 = DIRECTION('',(0.,2.2E-16,1.));
#7948 = DIRECTION('',(-1.,0.,0.));
#7949 = ADVANCED_FACE('',(#7950),#8009,.T.);
#7950 = FACE_BOUND('',#7951,.F.);
#7951 = EDGE_LOOP('',(#7952,#7962,#7971,#7979,#7987,#7995,#8002,#8003));
#7952 = ORIENTED_EDGE('',*,*,#7953,.F.);
#7953 = EDGE_CURVE('',#7954,#7956,#7958,.T.);
#7954 = VERTEX_POINT('',#7955);
#7955 = CARTESIAN_POINT('',(3.19,-1.875,0.15));
#7956 = VERTEX_POINT('',#7957);
#7957 = CARTESIAN_POINT('',(2.,-1.875,0.15));
#7958 = LINE('',#7959,#7960);
#7959 = CARTESIAN_POINT('',(4.47,-1.875,0.15));
#7960 = VECTOR('',#7961,1.);
#7961 = DIRECTION('',(-1.,0.,-0.));
#7962 = ORIENTED_EDGE('',*,*,#7963,.F.);
#7963 = EDGE_CURVE('',#7964,#7954,#7966,.T.);
#7964 = VERTEX_POINT('',#7965);
#7965 = CARTESIAN_POINT('',(4.47,-1.875,1.43));
#7966 = CIRCLE('',#7967,1.28);
#7967 = AXIS2_PLACEMENT_3D('',#7968,#7969,#7970);
#7968 = CARTESIAN_POINT('',(3.19,-1.875,1.43));
#7969 = DIRECTION('',(0.,1.,-2.2E-16));
#7970 = DIRECTION('',(-1.,0.,0.));
#7971 = ORIENTED_EDGE('',*,*,#7972,.T.);
#7972 = EDGE_CURVE('',#7964,#7973,#7975,.T.);
#7973 = VERTEX_POINT('',#7974);
#7974 = CARTESIAN_POINT('',(4.47,-1.875,1.5));
#7975 = LINE('',#7976,#7977);
#7976 = CARTESIAN_POINT('',(4.47,-1.875,0.15));
#7977 = VECTOR('',#7978,1.);
#7978 = DIRECTION('',(0.,2.2E-16,1.));
#7979 = ORIENTED_EDGE('',*,*,#7980,.T.);
#7980 = EDGE_CURVE('',#7973,#7981,#7983,.T.);
#7981 = VERTEX_POINT('',#7982);
#7982 = CARTESIAN_POINT('',(4.17,-1.875,1.5));
#7983 = LINE('',#7984,#7985);
#7984 = CARTESIAN_POINT('',(4.47,-1.875,1.5));
#7985 = VECTOR('',#7986,1.);
#7986 = DIRECTION('',(-1.,-0.,-0.));
#7987 = ORIENTED_EDGE('',*,*,#7988,.F.);
#7988 = EDGE_CURVE('',#7989,#7981,#7991,.T.);
#7989 = VERTEX_POINT('',#7990);
#7990 = CARTESIAN_POINT('',(4.17,-1.875,1.43));
#7991 = LINE('',#7992,#7993);
#7992 = CARTESIAN_POINT('',(4.17,-1.875,0.79));
#7993 = VECTOR('',#7994,1.);
#7994 = DIRECTION('',(0.,2.2E-16,1.));
#7995 = ORIENTED_EDGE('',*,*,#7996,.T.);
#7996 = EDGE_CURVE('',#7989,#7702,#7997,.T.);
#7997 = CIRCLE('',#7998,0.98);
#7998 = AXIS2_PLACEMENT_3D('',#7999,#8000,#8001);
#7999 = CARTESIAN_POINT('',(3.19,-1.875,1.43));
#8000 = DIRECTION('',(0.,1.,-2.2E-16));
#8001 = DIRECTION('',(-1.,0.,0.));
#8002 = ORIENTED_EDGE('',*,*,#7699,.F.);
#8003 = ORIENTED_EDGE('',*,*,#8004,.F.);
#8004 = EDGE_CURVE('',#7956,#7700,#8005,.T.);
#8005 = LINE('',#8006,#8007);
#8006 = CARTESIAN_POINT('',(2.,-1.875,0.15));
#8007 = VECTOR('',#8008,1.);
#8008 = DIRECTION('',(0.,3.3E-16,1.));
#8009 = PLANE('',#8010);
#8010 = AXIS2_PLACEMENT_3D('',#8011,#8012,#8013);
#8011 = CARTESIAN_POINT('',(4.47,-1.875,0.15));
#8012 = DIRECTION('',(0.,1.,-2.2E-16));
#8013 = DIRECTION('',(1.,0.,0.));
#8014 = ADVANCED_FACE('',(#8015),#8034,.F.);
#8015 = FACE_BOUND('',#8016,.F.);
#8016 = EDGE_LOOP('',(#8017,#8018,#8019,#8027));
#8017 = ORIENTED_EDGE('',*,*,#8004,.T.);
#8018 = ORIENTED_EDGE('',*,*,#7808,.T.);
#8019 = ORIENTED_EDGE('',*,*,#8020,.F.);
#8020 = EDGE_CURVE('',#8021,#7801,#8023,.T.);
#8021 = VERTEX_POINT('',#8022);
#8022 = CARTESIAN_POINT('',(1.85,-1.725,0.15));
#8023 = LINE('',#8024,#8025);
#8024 = CARTESIAN_POINT('',(1.85,-1.725,0.15));
#8025 = VECTOR('',#8026,1.);
#8026 = DIRECTION('',(0.,3.3E-16,1.));
#8027 = ORIENTED_EDGE('',*,*,#8028,.F.);
#8028 = EDGE_CURVE('',#7956,#8021,#8029,.T.);
#8029 = CIRCLE('',#8030,0.15);
#8030 = AXIS2_PLACEMENT_3D('',#8031,#8032,#8033);
#8031 = CARTESIAN_POINT('',(2.,-1.725,0.15));
#8032 = DIRECTION('',(-0.,-3.3E-16,-1.));
#8033 = DIRECTION('',(0.,-1.,3.3E-16));
#8034 = CYLINDRICAL_SURFACE('',#8035,0.15);
#8035 = AXIS2_PLACEMENT_3D('',#8036,#8037,#8038);
#8036 = CARTESIAN_POINT('',(2.,-1.725,0.15));
#8037 = DIRECTION('',(0.,3.3E-16,1.));
#8038 = DIRECTION('',(0.,-1.,3.3E-16));
#8039 = ADVANCED_FACE('',(#8040),#8059,.F.);
#8040 = FACE_BOUND('',#8041,.F.);
#8041 = EDGE_LOOP('',(#8042,#8043,#8044,#8052));
#8042 = ORIENTED_EDGE('',*,*,#7709,.T.);
#8043 = ORIENTED_EDGE('',*,*,#7996,.F.);
#8044 = ORIENTED_EDGE('',*,*,#8045,.F.);
#8045 = EDGE_CURVE('',#8046,#7989,#8048,.T.);
#8046 = VERTEX_POINT('',#8047);
#8047 = CARTESIAN_POINT('',(4.17,-3.375,1.43));
#8048 = LINE('',#8049,#8050);
#8049 = CARTESIAN_POINT('',(4.17,-3.675,1.43));
#8050 = VECTOR('',#8051,1.);
#8051 = DIRECTION('',(0.,1.,-2.2E-16));
#8052 = ORIENTED_EDGE('',*,*,#8053,.T.);
#8053 = EDGE_CURVE('',#8046,#7710,#8054,.T.);
#8054 = CIRCLE('',#8055,0.98);
#8055 = AXIS2_PLACEMENT_3D('',#8056,#8057,#8058);
#8056 = CARTESIAN_POINT('',(3.19,-3.375,1.43));
#8057 = DIRECTION('',(0.,1.,-2.2E-16));
#8058 = DIRECTION('',(1.,5.06E-32,2.3E-16));
#8059 = CYLINDRICAL_SURFACE('',#8060,0.98);
#8060 = AXIS2_PLACEMENT_3D('',#8061,#8062,#8063);
#8061 = CARTESIAN_POINT('',(3.19,-3.675,1.43));
#8062 = DIRECTION('',(0.,-1.,2.2E-16));
#8063 = DIRECTION('',(-1.,0.,0.));
#8064 = ADVANCED_FACE('',(#8065),#8083,.T.);
#8065 = FACE_BOUND('',#8066,.F.);
#8066 = EDGE_LOOP('',(#8067,#8075,#8076,#8077));
#8067 = ORIENTED_EDGE('',*,*,#8068,.F.);
#8068 = EDGE_CURVE('',#8021,#8069,#8071,.T.);
#8069 = VERTEX_POINT('',#8070);
#8070 = CARTESIAN_POINT('',(1.85,-0.325,0.15));
#8071 = LINE('',#8072,#8073);
#8072 = CARTESIAN_POINT('',(1.85,-1.875,0.15));
#8073 = VECTOR('',#8074,1.);
#8074 = DIRECTION('',(-0.,1.,-2.2E-16));
#8075 = ORIENTED_EDGE('',*,*,#8020,.T.);
#8076 = ORIENTED_EDGE('',*,*,#7800,.F.);
#8077 = ORIENTED_EDGE('',*,*,#8078,.F.);
#8078 = EDGE_CURVE('',#8069,#7792,#8079,.T.);
#8079 = LINE('',#8080,#8081);
#8080 = CARTESIAN_POINT('',(1.85,-0.325,0.15));
#8081 = VECTOR('',#8082,1.);
#8082 = DIRECTION('',(0.,3.3E-16,1.));
#8083 = PLANE('',#8084);
#8084 = AXIS2_PLACEMENT_3D('',#8085,#8086,#8087);
#8085 = CARTESIAN_POINT('',(1.85,-1.875,0.15));
#8086 = DIRECTION('',(1.,0.,0.));
#8087 = DIRECTION('',(0.,-1.,2.2E-16));
#8088 = ADVANCED_FACE('',(#8089),#8114,.F.);
#8089 = FACE_BOUND('',#8090,.T.);
#8090 = EDGE_LOOP('',(#8091,#8099,#8100,#8108));
#8091 = ORIENTED_EDGE('',*,*,#8092,.F.);
#8092 = EDGE_CURVE('',#7710,#8093,#8095,.T.);
#8093 = VERTEX_POINT('',#8094);
#8094 = CARTESIAN_POINT('',(3.19,-3.675,0.35));
#8095 = LINE('',#8096,#8097);
#8096 = CARTESIAN_POINT('',(3.19,-3.375,0.45));
#8097 = VECTOR('',#8098,1.);
#8098 = DIRECTION('',(9.E-17,-0.948683298051,-0.316227766017));
#8099 = ORIENTED_EDGE('',*,*,#7717,.T.);
#8100 = ORIENTED_EDGE('',*,*,#8101,.T.);
#8101 = EDGE_CURVE('',#7718,#8102,#8104,.T.);
#8102 = VERTEX_POINT('',#8103);
#8103 = CARTESIAN_POINT('',(0.,-3.675,0.35));
#8104 = LINE('',#8105,#8106);
#8105 = CARTESIAN_POINT('',(0.,-3.585,0.38));
#8106 = VECTOR('',#8107,1.);
#8107 = DIRECTION('',(-0.,-0.948683298051,-0.316227766017));
#8108 = ORIENTED_EDGE('',*,*,#8109,.F.);
#8109 = EDGE_CURVE('',#8093,#8102,#8110,.T.);
#8110 = LINE('',#8111,#8112);
#8111 = CARTESIAN_POINT('',(3.19,-3.675,0.35));
#8112 = VECTOR('',#8113,1.);
#8113 = DIRECTION('',(-1.,-0.,-0.));
#8114 = PLANE('',#8115);
#8115 = AXIS2_PLACEMENT_3D('',#8116,#8117,#8118);
#8116 = CARTESIAN_POINT('',(3.19,-3.525,0.4));
#8117 = DIRECTION('',(0.,0.316227766017,-0.948683298051));
#8118 = DIRECTION('',(1.,0.,0.));
#8119 = ADVANCED_FACE('',(#8120),#8139,.F.);
#8120 = FACE_BOUND('',#8121,.F.);
#8121 = EDGE_LOOP('',(#8122,#8123,#8124,#8132));
#8122 = ORIENTED_EDGE('',*,*,#8078,.T.);
#8123 = ORIENTED_EDGE('',*,*,#7791,.T.);
#8124 = ORIENTED_EDGE('',*,*,#8125,.F.);
#8125 = EDGE_CURVE('',#8126,#7784,#8128,.T.);
#8126 = VERTEX_POINT('',#8127);
#8127 = CARTESIAN_POINT('',(2.,-0.175,0.15));
#8128 = LINE('',#8129,#8130);
#8129 = CARTESIAN_POINT('',(2.,-0.175,0.15));
#8130 = VECTOR('',#8131,1.);
#8131 = DIRECTION('',(0.,3.3E-16,1.));
#8132 = ORIENTED_EDGE('',*,*,#8133,.F.);
#8133 = EDGE_CURVE('',#8069,#8126,#8134,.T.);
#8134 = CIRCLE('',#8135,0.15);
#8135 = AXIS2_PLACEMENT_3D('',#8136,#8137,#8138);
#8136 = CARTESIAN_POINT('',(2.,-0.325,0.15));
#8137 = DIRECTION('',(-0.,-3.3E-16,-1.));
#8138 = DIRECTION('',(0.,-1.,3.3E-16));
#8139 = CYLINDRICAL_SURFACE('',#8140,0.15);
#8140 = AXIS2_PLACEMENT_3D('',#8141,#8142,#8143);
#8141 = CARTESIAN_POINT('',(2.,-0.325,0.15));
#8142 = DIRECTION('',(0.,3.3E-16,1.));
#8143 = DIRECTION('',(-1.,0.,0.));
#8144 = ADVANCED_FACE('',(#8145),#8171,.F.);
#8145 = FACE_BOUND('',#8146,.T.);
#8146 = EDGE_LOOP('',(#8147,#8148,#8149,#8157,#8165));
#8147 = ORIENTED_EDGE('',*,*,#8101,.F.);
#8148 = ORIENTED_EDGE('',*,*,#7725,.T.);
#8149 = ORIENTED_EDGE('',*,*,#8150,.F.);
#8150 = EDGE_CURVE('',#8151,#7726,#8153,.T.);
#8151 = VERTEX_POINT('',#8152);
#8152 = CARTESIAN_POINT('',(0.,2.145,0.15));
#8153 = LINE('',#8154,#8155);
#8154 = CARTESIAN_POINT('',(0.,2.145,0.15));
#8155 = VECTOR('',#8156,1.);
#8156 = DIRECTION('',(0.,2.2E-16,1.));
#8157 = ORIENTED_EDGE('',*,*,#8158,.F.);
#8158 = EDGE_CURVE('',#8159,#8151,#8161,.T.);
#8159 = VERTEX_POINT('',#8160);
#8160 = CARTESIAN_POINT('',(0.,-3.675,0.15));
#8161 = LINE('',#8162,#8163);
#8162 = CARTESIAN_POINT('',(0.,-3.675,0.15));
#8163 = VECTOR('',#8164,1.);
#8164 = DIRECTION('',(0.,1.,-2.2E-16));
#8165 = ORIENTED_EDGE('',*,*,#8166,.F.);
#8166 = EDGE_CURVE('',#8102,#8159,#8167,.T.);
#8167 = LINE('',#8168,#8169);
#8168 = CARTESIAN_POINT('',(0.,-3.675,0.45));
#8169 = VECTOR('',#8170,1.);
#8170 = DIRECTION('',(-0.,-2.2E-16,-1.));
#8171 = PLANE('',#8172);
#8172 = AXIS2_PLACEMENT_3D('',#8173,#8174,#8175);
#8173 = CARTESIAN_POINT('',(0.,-3.675,0.45));
#8174 = DIRECTION('',(1.,0.,0.));
#8175 = DIRECTION('',(-0.,2.2E-16,1.));
#8176 = ADVANCED_FACE('',(#8177),#8195,.T.);
#8177 = FACE_BOUND('',#8178,.F.);
#8178 = EDGE_LOOP('',(#8179,#8187,#8188,#8189));
#8179 = ORIENTED_EDGE('',*,*,#8180,.F.);
#8180 = EDGE_CURVE('',#8126,#8181,#8183,.T.);
#8181 = VERTEX_POINT('',#8182);
#8182 = CARTESIAN_POINT('',(2.7,-0.175,0.15));
#8183 = LINE('',#8184,#8185);
#8184 = CARTESIAN_POINT('',(1.85,-0.175,0.15));
#8185 = VECTOR('',#8186,1.);
#8186 = DIRECTION('',(1.,0.,0.));
#8187 = ORIENTED_EDGE('',*,*,#8125,.T.);
#8188 = ORIENTED_EDGE('',*,*,#7783,.F.);
#8189 = ORIENTED_EDGE('',*,*,#8190,.F.);
#8190 = EDGE_CURVE('',#8181,#7775,#8191,.T.);
#8191 = LINE('',#8192,#8193);
#8192 = CARTESIAN_POINT('',(2.7,-0.175,0.15));
#8193 = VECTOR('',#8194,1.);
#8194 = DIRECTION('',(0.,3.3E-16,1.));
#8195 = PLANE('',#8196);
#8196 = AXIS2_PLACEMENT_3D('',#8197,#8198,#8199);
#8197 = CARTESIAN_POINT('',(1.85,-0.175,0.15));
#8198 = DIRECTION('',(0.,-1.,2.2E-16));
#8199 = DIRECTION('',(-1.,0.,0.));
#8200 = ADVANCED_FACE('',(#8201),#8237,.T.);
#8201 = FACE_BOUND('',#8202,.F.);
#8202 = EDGE_LOOP('',(#8203,#8214,#8222,#8229,#8230,#8231));
#8203 = ORIENTED_EDGE('',*,*,#8204,.F.);
#8204 = EDGE_CURVE('',#8205,#8207,#8209,.T.);
#8205 = VERTEX_POINT('',#8206);
#8206 = CARTESIAN_POINT('',(4.461180553659,2.145,1.28));
#8207 = VERTEX_POINT('',#8208);
#8208 = CARTESIAN_POINT('',(3.19,2.145,0.15));
#8209 = CIRCLE('',#8210,1.28);
#8210 = AXIS2_PLACEMENT_3D('',#8211,#8212,#8213);
#8211 = CARTESIAN_POINT('',(3.19,2.145,1.43));
#8212 = DIRECTION('',(0.,1.,-2.2E-16));
#8213 = DIRECTION('',(-1.,0.,0.));
#8214 = ORIENTED_EDGE('',*,*,#8215,.T.);
#8215 = EDGE_CURVE('',#8205,#8216,#8218,.T.);
#8216 = VERTEX_POINT('',#8217);
#8217 = CARTESIAN_POINT('',(4.158452373635,2.145,1.28));
#8218 = LINE('',#8219,#8220);
#8219 = CARTESIAN_POINT('',(4.47,2.145,1.28));
#8220 = VECTOR('',#8221,1.);
#8221 = DIRECTION('',(-1.,-0.,-0.));
#8222 = ORIENTED_EDGE('',*,*,#8223,.T.);
#8223 = EDGE_CURVE('',#8216,#7734,#8224,.T.);
#8224 = CIRCLE('',#8225,0.98);
#8225 = AXIS2_PLACEMENT_3D('',#8226,#8227,#8228);
#8226 = CARTESIAN_POINT('',(3.19,2.145,1.43));
#8227 = DIRECTION('',(0.,1.,-2.2E-16));
#8228 = DIRECTION('',(-1.,0.,0.));
#8229 = ORIENTED_EDGE('',*,*,#7733,.F.);
#8230 = ORIENTED_EDGE('',*,*,#8150,.F.);
#8231 = ORIENTED_EDGE('',*,*,#8232,.F.);
#8232 = EDGE_CURVE('',#8207,#8151,#8233,.T.);
#8233 = LINE('',#8234,#8235);
#8234 = CARTESIAN_POINT('',(4.47,2.145,0.15));
#8235 = VECTOR('',#8236,1.);
#8236 = DIRECTION('',(-1.,0.,-0.));
#8237 = PLANE('',#8238);
#8238 = AXIS2_PLACEMENT_3D('',#8239,#8240,#8241);
#8239 = CARTESIAN_POINT('',(4.47,2.145,0.15));
#8240 = DIRECTION('',(0.,1.,-2.2E-16));
#8241 = DIRECTION('',(1.,0.,0.));
#8242 = ADVANCED_FACE('',(#8243),#8262,.T.);
#8243 = FACE_BOUND('',#8244,.T.);
#8244 = EDGE_LOOP('',(#8245,#8254,#8260,#8261));
#8245 = ORIENTED_EDGE('',*,*,#8246,.T.);
#8246 = EDGE_CURVE('',#8181,#8247,#8249,.T.);
#8247 = VERTEX_POINT('',#8248);
#8248 = CARTESIAN_POINT('',(2.85,-2.5E-02,0.15));
#8249 = CIRCLE('',#8250,0.15);
#8250 = AXIS2_PLACEMENT_3D('',#8251,#8252,#8253);
#8251 = CARTESIAN_POINT('',(2.7,-2.5E-02,0.15));
#8252 = DIRECTION('',(-0.,3.3E-16,1.));
#8253 = DIRECTION('',(0.,-1.,3.3E-16));
#8254 = ORIENTED_EDGE('',*,*,#8255,.T.);
#8255 = EDGE_CURVE('',#8247,#7767,#8256,.T.);
#8256 = LINE('',#8257,#8258);
#8257 = CARTESIAN_POINT('',(2.85,-2.5E-02,0.15));
#8258 = VECTOR('',#8259,1.);
#8259 = DIRECTION('',(0.,3.3E-16,1.));
#8260 = ORIENTED_EDGE('',*,*,#7774,.F.);
#8261 = ORIENTED_EDGE('',*,*,#8190,.F.);
#8262 = CYLINDRICAL_SURFACE('',#8263,0.15);
#8263 = AXIS2_PLACEMENT_3D('',#8264,#8265,#8266);
#8264 = CARTESIAN_POINT('',(2.7,-2.5E-02,0.15));
#8265 = DIRECTION('',(0.,3.3E-16,1.));
#8266 = DIRECTION('',(0.,-1.,3.3E-16));
#8267 = ADVANCED_FACE('',(#8268),#8308,.F.);
#8268 = FACE_BOUND('',#8269,.F.);
#8269 = EDGE_LOOP('',(#8270,#8283,#8291,#8299,#8306,#8307));
#8270 = ORIENTED_EDGE('',*,*,#8271,.T.);
#8271 = EDGE_CURVE('',#8216,#8272,#8274,.T.);
#8272 = VERTEX_POINT('',#8273);
#8273 = CARTESIAN_POINT('',(4.17,2.295,1.43));
#8274 = B_SPLINE_CURVE_WITH_KNOTS('',7,(#8275,#8276,#8277,#8278,#8279,
    #8280,#8281,#8282),.UNSPECIFIED.,.F.,.F.,(8,8),(0.,1.),
  .PIECEWISE_BEZIER_KNOTS.);
#8275 = CARTESIAN_POINT('',(4.158452373635,2.145,1.28));
#8276 = CARTESIAN_POINT('',(4.163660671629,2.145,1.313626590364));
#8277 = CARTESIAN_POINT('',(4.167478908959,2.153794382551,1.347286632701
    ));
#8278 = CARTESIAN_POINT('',(4.169503268907,2.171416933345,1.378181809389
    ));
#8279 = CARTESIAN_POINT('',(4.169999802572,2.196748717078,1.403532755354
    ));
#8280 = CARTESIAN_POINT('',(4.169999943857,2.227646618798,1.421184876937
    ));
#8281 = CARTESIAN_POINT('',(4.17,2.261333852922,1.43));
#8282 = CARTESIAN_POINT('',(4.17,2.295,1.43));
#8283 = ORIENTED_EDGE('',*,*,#8284,.F.);
#8284 = EDGE_CURVE('',#8285,#8272,#8287,.T.);
#8285 = VERTEX_POINT('',#8286);
#8286 = CARTESIAN_POINT('',(4.17,2.145,1.43));
#8287 = LINE('',#8288,#8289);
#8288 = CARTESIAN_POINT('',(4.17,-3.675,1.43));
#8289 = VECTOR('',#8290,1.);
#8290 = DIRECTION('',(0.,1.,-3.3E-16));
#8291 = ORIENTED_EDGE('',*,*,#8292,.F.);
#8292 = EDGE_CURVE('',#8293,#8285,#8295,.T.);
#8293 = VERTEX_POINT('',#8294);
#8294 = CARTESIAN_POINT('',(4.17,0.225,1.43));
#8295 = LINE('',#8296,#8297);
#8296 = CARTESIAN_POINT('',(4.17,-3.675,1.43));
#8297 = VECTOR('',#8298,1.);
#8298 = DIRECTION('',(0.,1.,-2.2E-16));
#8299 = ORIENTED_EDGE('',*,*,#8300,.T.);
#8300 = EDGE_CURVE('',#8293,#7742,#8301,.T.);
#8301 = CIRCLE('',#8302,0.98);
#8302 = AXIS2_PLACEMENT_3D('',#8303,#8304,#8305);
#8303 = CARTESIAN_POINT('',(3.19,0.225,1.43));
#8304 = DIRECTION('',(0.,1.,-2.2E-16));
#8305 = DIRECTION('',(-1.,0.,0.));
#8306 = ORIENTED_EDGE('',*,*,#7741,.T.);
#8307 = ORIENTED_EDGE('',*,*,#8223,.F.);
#8308 = CYLINDRICAL_SURFACE('',#8309,0.98);
#8309 = AXIS2_PLACEMENT_3D('',#8310,#8311,#8312);
#8310 = CARTESIAN_POINT('',(3.19,-3.675,1.43));
#8311 = DIRECTION('',(0.,-1.,2.2E-16));
#8312 = DIRECTION('',(-1.,0.,0.));
#8313 = ADVANCED_FACE('',(#8314),#8332,.T.);
#8314 = FACE_BOUND('',#8315,.F.);
#8315 = EDGE_LOOP('',(#8316,#8324,#8325,#8326));
#8316 = ORIENTED_EDGE('',*,*,#8317,.F.);
#8317 = EDGE_CURVE('',#8247,#8318,#8320,.T.);
#8318 = VERTEX_POINT('',#8319);
#8319 = CARTESIAN_POINT('',(2.85,7.5E-02,0.15));
#8320 = LINE('',#8321,#8322);
#8321 = CARTESIAN_POINT('',(2.85,-0.175,0.15));
#8322 = VECTOR('',#8323,1.);
#8323 = DIRECTION('',(-0.,1.,-2.2E-16));
#8324 = ORIENTED_EDGE('',*,*,#8255,.T.);
#8325 = ORIENTED_EDGE('',*,*,#7766,.F.);
#8326 = ORIENTED_EDGE('',*,*,#8327,.F.);
#8327 = EDGE_CURVE('',#8318,#7758,#8328,.T.);
#8328 = LINE('',#8329,#8330);
#8329 = CARTESIAN_POINT('',(2.85,7.5E-02,0.15));
#8330 = VECTOR('',#8331,1.);
#8331 = DIRECTION('',(0.,3.3E-16,1.));
#8332 = PLANE('',#8333);
#8333 = AXIS2_PLACEMENT_3D('',#8334,#8335,#8336);
#8334 = CARTESIAN_POINT('',(2.85,-0.175,0.15));
#8335 = DIRECTION('',(1.,0.,0.));
#8336 = DIRECTION('',(0.,-1.,2.2E-16));
#8337 = ADVANCED_FACE('',(#8338),#8389,.T.);
#8338 = FACE_BOUND('',#8339,.F.);
#8339 = EDGE_LOOP('',(#8340,#8350,#8356,#8357,#8358,#8366,#8374,#8382));
#8340 = ORIENTED_EDGE('',*,*,#8341,.F.);
#8341 = EDGE_CURVE('',#8342,#8344,#8346,.T.);
#8342 = VERTEX_POINT('',#8343);
#8343 = CARTESIAN_POINT('',(3.,0.225,0.15));
#8344 = VERTEX_POINT('',#8345);
#8345 = CARTESIAN_POINT('',(3.19,0.225,0.15));
#8346 = LINE('',#8347,#8348);
#8347 = CARTESIAN_POINT('',(2.85,0.225,0.15));
#8348 = VECTOR('',#8349,1.);
#8349 = DIRECTION('',(1.,0.,0.));
#8350 = ORIENTED_EDGE('',*,*,#8351,.T.);
#8351 = EDGE_CURVE('',#8342,#7750,#8352,.T.);
#8352 = LINE('',#8353,#8354);
#8353 = CARTESIAN_POINT('',(3.,0.225,0.15));
#8354 = VECTOR('',#8355,1.);
#8355 = DIRECTION('',(0.,3.3E-16,1.));
#8356 = ORIENTED_EDGE('',*,*,#7749,.F.);
#8357 = ORIENTED_EDGE('',*,*,#8300,.F.);
#8358 = ORIENTED_EDGE('',*,*,#8359,.F.);
#8359 = EDGE_CURVE('',#8360,#8293,#8362,.T.);
#8360 = VERTEX_POINT('',#8361);
#8361 = CARTESIAN_POINT('',(4.17,0.225,1.5));
#8362 = LINE('',#8363,#8364);
#8363 = CARTESIAN_POINT('',(4.17,0.225,0.79));
#8364 = VECTOR('',#8365,1.);
#8365 = DIRECTION('',(-0.,-2.2E-16,-1.));
#8366 = ORIENTED_EDGE('',*,*,#8367,.T.);
#8367 = EDGE_CURVE('',#8360,#8368,#8370,.T.);
#8368 = VERTEX_POINT('',#8369);
#8369 = CARTESIAN_POINT('',(4.47,0.225,1.5));
#8370 = LINE('',#8371,#8372);
#8371 = CARTESIAN_POINT('',(4.17,0.225,1.5));
#8372 = VECTOR('',#8373,1.);
#8373 = DIRECTION('',(1.,0.,0.));
#8374 = ORIENTED_EDGE('',*,*,#8375,.F.);
#8375 = EDGE_CURVE('',#8376,#8368,#8378,.T.);
#8376 = VERTEX_POINT('',#8377);
#8377 = CARTESIAN_POINT('',(4.47,0.225,1.43));
#8378 = LINE('',#8379,#8380);
#8379 = CARTESIAN_POINT('',(4.47,0.225,0.15));
#8380 = VECTOR('',#8381,1.);
#8381 = DIRECTION('',(0.,2.2E-16,1.));
#8382 = ORIENTED_EDGE('',*,*,#8383,.T.);
#8383 = EDGE_CURVE('',#8376,#8344,#8384,.T.);
#8384 = CIRCLE('',#8385,1.28);
#8385 = AXIS2_PLACEMENT_3D('',#8386,#8387,#8388);
#8386 = CARTESIAN_POINT('',(3.19,0.225,1.43));
#8387 = DIRECTION('',(0.,1.,-2.2E-16));
#8388 = DIRECTION('',(-1.,0.,0.));
#8389 = PLANE('',#8390);
#8390 = AXIS2_PLACEMENT_3D('',#8391,#8392,#8393);
#8391 = CARTESIAN_POINT('',(2.85,0.225,0.15));
#8392 = DIRECTION('',(0.,-1.,2.2E-16));
#8393 = DIRECTION('',(-1.,0.,0.));
#8394 = ADVANCED_FACE('',(#8395),#8407,.F.);
#8395 = FACE_BOUND('',#8396,.F.);
#8396 = EDGE_LOOP('',(#8397,#8398,#8399,#8400));
#8397 = ORIENTED_EDGE('',*,*,#8327,.T.);
#8398 = ORIENTED_EDGE('',*,*,#7757,.T.);
#8399 = ORIENTED_EDGE('',*,*,#8351,.F.);
#8400 = ORIENTED_EDGE('',*,*,#8401,.F.);
#8401 = EDGE_CURVE('',#8318,#8342,#8402,.T.);
#8402 = CIRCLE('',#8403,0.15);
#8403 = AXIS2_PLACEMENT_3D('',#8404,#8405,#8406);
#8404 = CARTESIAN_POINT('',(3.,7.5E-02,0.15));
#8405 = DIRECTION('',(-0.,-3.3E-16,-1.));
#8406 = DIRECTION('',(0.,-1.,3.3E-16));
#8407 = CYLINDRICAL_SURFACE('',#8408,0.15);
#8408 = AXIS2_PLACEMENT_3D('',#8409,#8410,#8411);
#8409 = CARTESIAN_POINT('',(3.,7.5E-02,0.15));
#8410 = DIRECTION('',(0.,3.3E-16,1.));
#8411 = DIRECTION('',(-1.,0.,0.));
#8412 = ADVANCED_FACE('',(#8413),#8424,.T.);
#8413 = FACE_BOUND('',#8414,.T.);
#8414 = EDGE_LOOP('',(#8415,#8416,#8417,#8418));
#8415 = ORIENTED_EDGE('',*,*,#7939,.T.);
#8416 = ORIENTED_EDGE('',*,*,#7817,.T.);
#8417 = ORIENTED_EDGE('',*,*,#7827,.T.);
#8418 = ORIENTED_EDGE('',*,*,#8419,.F.);
#8419 = EDGE_CURVE('',#7932,#7828,#8420,.T.);
#8420 = LINE('',#8421,#8422);
#8421 = CARTESIAN_POINT('',(1.21,-1.275,0.45));
#8422 = VECTOR('',#8423,1.);
#8423 = DIRECTION('',(0.,-1.,2.2E-16));
#8424 = PLANE('',#8425);
#8425 = AXIS2_PLACEMENT_3D('',#8426,#8427,#8428);
#8426 = CARTESIAN_POINT('',(1.16,-1.275,0.45));
#8427 = DIRECTION('',(0.,2.2E-16,1.));
#8428 = DIRECTION('',(0.,-1.,2.2E-16));
#8429 = ADVANCED_FACE('',(#8430),#8441,.T.);
#8430 = FACE_BOUND('',#8431,.F.);
#8431 = EDGE_LOOP('',(#8432,#8433,#8434,#8435));
#8432 = ORIENTED_EDGE('',*,*,#7891,.F.);
#8433 = ORIENTED_EDGE('',*,*,#7883,.F.);
#8434 = ORIENTED_EDGE('',*,*,#7875,.F.);
#8435 = ORIENTED_EDGE('',*,*,#8436,.F.);
#8436 = EDGE_CURVE('',#7892,#7868,#8437,.T.);
#8437 = LINE('',#8438,#8439);
#8438 = CARTESIAN_POINT('',(2.33,-1.275,0.45));
#8439 = VECTOR('',#8440,1.);
#8440 = DIRECTION('',(0.,-1.,2.2E-16));
#8441 = PLANE('',#8442);
#8442 = AXIS2_PLACEMENT_3D('',#8443,#8444,#8445);
#8443 = CARTESIAN_POINT('',(2.38,-1.275,0.45));
#8444 = DIRECTION('',(0.,2.2E-16,1.));
#8445 = DIRECTION('',(0.,1.,-2.2E-16));
#8446 = ADVANCED_FACE('',(#8447),#8465,.F.);
#8447 = FACE_BOUND('',#8448,.T.);
#8448 = EDGE_LOOP('',(#8449,#8458,#8459));
#8449 = ORIENTED_EDGE('',*,*,#8450,.F.);
#8450 = EDGE_CURVE('',#7892,#8451,#8453,.T.);
#8451 = VERTEX_POINT('',#8452);
#8452 = CARTESIAN_POINT('',(2.286066017178,1.625,0.468198051534));
#8453 = CIRCLE('',#8454,6.213203435596E-02);
#8454 = AXIS2_PLACEMENT_3D('',#8455,#8456,#8457);
#8455 = CARTESIAN_POINT('',(2.33,1.625,0.512132034356));
#8456 = DIRECTION('',(0.,1.,-2.2E-16));
#8457 = DIRECTION('',(-1.,7.854E-31,3.57E-15));
#8458 = ORIENTED_EDGE('',*,*,#7899,.T.);
#8459 = ORIENTED_EDGE('',*,*,#8460,.T.);
#8460 = EDGE_CURVE('',#7900,#8451,#8461,.T.);
#8461 = LINE('',#8462,#8463);
#8462 = CARTESIAN_POINT('',(4.308391411372,1.625,2.490523445727));
#8463 = VECTOR('',#8464,1.);
#8464 = DIRECTION('',(0.707106781187,5.E-17,0.707106781187));
#8465 = PLANE('',#8466);
#8466 = AXIS2_PLACEMENT_3D('',#8467,#8468,#8469);
#8467 = CARTESIAN_POINT('',(2.248820584978,1.625,0.316147589625));
#8468 = DIRECTION('',(0.,-1.,2.2E-16));
#8469 = DIRECTION('',(0.923879532511,-8.419035512033E-17,-0.382683432365
    ));
#8470 = ADVANCED_FACE('',(#8471),#8497,.T.);
#8471 = FACE_BOUND('',#8472,.F.);
#8472 = EDGE_LOOP('',(#8473,#8481,#8482,#8483,#8491));
#8473 = ORIENTED_EDGE('',*,*,#8474,.F.);
#8474 = EDGE_CURVE('',#7908,#8475,#8477,.T.);
#8475 = VERTEX_POINT('',#8476);
#8476 = CARTESIAN_POINT('',(1.813933982822,1.625,0.516066017178));
#8477 = LINE('',#8478,#8479);
#8478 = CARTESIAN_POINT('',(2.073933982822,1.625,0.256066017178));
#8479 = VECTOR('',#8480,1.);
#8480 = DIRECTION('',(-0.707106781187,2.4E-16,0.707106781187));
#8481 = ORIENTED_EDGE('',*,*,#7907,.F.);
#8482 = ORIENTED_EDGE('',*,*,#8460,.T.);
#8483 = ORIENTED_EDGE('',*,*,#8484,.T.);
#8484 = EDGE_CURVE('',#8451,#8485,#8487,.T.);
#8485 = VERTEX_POINT('',#8486);
#8486 = CARTESIAN_POINT('',(2.026066017178,1.625,0.728198051534));
#8487 = LINE('',#8488,#8489);
#8488 = CARTESIAN_POINT('',(2.286066017178,1.625,0.468198051534));
#8489 = VECTOR('',#8490,1.);
#8490 = DIRECTION('',(-0.707106781187,2.4E-16,0.707106781187));
#8491 = ORIENTED_EDGE('',*,*,#8492,.F.);
#8492 = EDGE_CURVE('',#8475,#8485,#8493,.T.);
#8493 = LINE('',#8494,#8495);
#8494 = CARTESIAN_POINT('',(4.048391411371,1.625,2.750523445727));
#8495 = VECTOR('',#8496,1.);
#8496 = DIRECTION('',(0.707106781187,1.3E-16,0.707106781187));
#8497 = PLANE('',#8498);
#8498 = AXIS2_PLACEMENT_3D('',#8499,#8500,#8501);
#8499 = CARTESIAN_POINT('',(4.308391411372,1.625,2.490523445727));
#8500 = DIRECTION('',(2.E-17,1.,-2.E-16));
#8501 = DIRECTION('',(-0.707106781187,-1.272792206136E-16,
    -0.707106781187));
#8502 = ADVANCED_FACE('',(#8503),#8546,.T.);
#8503 = FACE_BOUND('',#8504,.F.);
#8504 = EDGE_LOOP('',(#8505,#8516,#8524,#8533,#8539,#8540));
#8505 = ORIENTED_EDGE('',*,*,#8506,.F.);
#8506 = EDGE_CURVE('',#8507,#8509,#8511,.T.);
#8507 = VERTEX_POINT('',#8508);
#8508 = CARTESIAN_POINT('',(2.33,1.625,0.15));
#8509 = VERTEX_POINT('',#8510);
#8510 = CARTESIAN_POINT('',(2.073933982822,1.625,0.256066017178));
#8511 = CIRCLE('',#8512,0.362132034356);
#8512 = AXIS2_PLACEMENT_3D('',#8513,#8514,#8515);
#8513 = CARTESIAN_POINT('',(2.33,1.625,0.512132034356));
#8514 = DIRECTION('',(0.,1.,-2.2E-16));
#8515 = DIRECTION('',(-1.,2.024E-31,9.2E-16));
#8516 = ORIENTED_EDGE('',*,*,#8517,.F.);
#8517 = EDGE_CURVE('',#8518,#8507,#8520,.T.);
#8518 = VERTEX_POINT('',#8519);
#8519 = CARTESIAN_POINT('',(1.21,1.625,0.15));
#8520 = LINE('',#8521,#8522);
#8521 = CARTESIAN_POINT('',(2.785,1.625,0.15));
#8522 = VECTOR('',#8523,1.);
#8523 = DIRECTION('',(1.,0.,0.));
#8524 = ORIENTED_EDGE('',*,*,#8525,.T.);
#8525 = EDGE_CURVE('',#8518,#8526,#8528,.T.);
#8526 = VERTEX_POINT('',#8527);
#8527 = CARTESIAN_POINT('',(1.466066017178,1.625,0.256066017178));
#8528 = CIRCLE('',#8529,0.362132034356);
#8529 = AXIS2_PLACEMENT_3D('',#8530,#8531,#8532);
#8530 = CARTESIAN_POINT('',(1.21,1.625,0.512132034356));
#8531 = DIRECTION('',(0.,-1.,2.2E-16));
#8532 = DIRECTION('',(1.,2.024E-31,9.2E-16));
#8533 = ORIENTED_EDGE('',*,*,#8534,.T.);
#8534 = EDGE_CURVE('',#8526,#7916,#8535,.T.);
#8535 = LINE('',#8536,#8537);
#8536 = CARTESIAN_POINT('',(1.466066017178,1.625,0.256066017178));
#8537 = VECTOR('',#8538,1.);
#8538 = DIRECTION('',(0.707106781187,2.4E-16,0.707106781187));
#8539 = ORIENTED_EDGE('',*,*,#7915,.F.);
#8540 = ORIENTED_EDGE('',*,*,#8541,.F.);
#8541 = EDGE_CURVE('',#8509,#7908,#8542,.T.);
#8542 = LINE('',#8543,#8544);
#8543 = CARTESIAN_POINT('',(2.073933982822,1.625,0.256066017178));
#8544 = VECTOR('',#8545,1.);
#8545 = DIRECTION('',(-0.707106781187,2.4E-16,0.707106781187));
#8546 = PLANE('',#8547);
#8547 = AXIS2_PLACEMENT_3D('',#8548,#8549,#8550);
#8548 = CARTESIAN_POINT('',(2.38,1.625,3.31));
#8549 = DIRECTION('',(0.,-1.,2.2E-16));
#8550 = DIRECTION('',(1.,0.,0.));
#8551 = ADVANCED_FACE('',(#8552),#8585,.T.);
#8552 = FACE_BOUND('',#8553,.T.);
#8553 = EDGE_LOOP('',(#8554,#8562,#8563,#8571,#8579));
#8554 = ORIENTED_EDGE('',*,*,#8555,.F.);
#8555 = EDGE_CURVE('',#7916,#8556,#8558,.T.);
#8556 = VERTEX_POINT('',#8557);
#8557 = CARTESIAN_POINT('',(1.726066017178,1.625,0.516066017178));
#8558 = LINE('',#8559,#8560);
#8559 = CARTESIAN_POINT('',(1.466066017178,1.625,0.256066017178));
#8560 = VECTOR('',#8561,1.);
#8561 = DIRECTION('',(0.707106781187,2.4E-16,0.707106781187));
#8562 = ORIENTED_EDGE('',*,*,#7923,.T.);
#8563 = ORIENTED_EDGE('',*,*,#8564,.T.);
#8564 = EDGE_CURVE('',#7924,#8565,#8567,.T.);
#8565 = VERTEX_POINT('',#8566);
#8566 = CARTESIAN_POINT('',(1.253933982822,1.625,0.468198051534));
#8567 = LINE('',#8568,#8569);
#8568 = CARTESIAN_POINT('',(-0.768391411372,1.625,2.490523445727));
#8569 = VECTOR('',#8570,1.);
#8570 = DIRECTION('',(-0.707106781187,5.E-17,0.707106781187));
#8571 = ORIENTED_EDGE('',*,*,#8572,.T.);
#8572 = EDGE_CURVE('',#8565,#8573,#8575,.T.);
#8573 = VERTEX_POINT('',#8574);
#8574 = CARTESIAN_POINT('',(1.513933982822,1.625,0.728198051534));
#8575 = LINE('',#8576,#8577);
#8576 = CARTESIAN_POINT('',(1.253933982822,1.625,0.468198051534));
#8577 = VECTOR('',#8578,1.);
#8578 = DIRECTION('',(0.707106781187,2.4E-16,0.707106781187));
#8579 = ORIENTED_EDGE('',*,*,#8580,.F.);
#8580 = EDGE_CURVE('',#8556,#8573,#8581,.T.);
#8581 = LINE('',#8582,#8583);
#8582 = CARTESIAN_POINT('',(-0.508391411371,1.625,2.750523445727));
#8583 = VECTOR('',#8584,1.);
#8584 = DIRECTION('',(-0.707106781187,1.3E-16,0.707106781187));
#8585 = PLANE('',#8586);
#8586 = AXIS2_PLACEMENT_3D('',#8587,#8588,#8589);
#8587 = CARTESIAN_POINT('',(-0.768391411372,1.625,2.490523445727));
#8588 = DIRECTION('',(-2.E-17,1.,-2.E-16));
#8589 = DIRECTION('',(-0.707106781187,1.272792206136E-16,0.707106781187)
  );
#8590 = ADVANCED_FACE('',(#8591),#8602,.F.);
#8591 = FACE_BOUND('',#8592,.F.);
#8592 = EDGE_LOOP('',(#8593,#8600,#8601));
#8593 = ORIENTED_EDGE('',*,*,#8594,.F.);
#8594 = EDGE_CURVE('',#7932,#8565,#8595,.T.);
#8595 = CIRCLE('',#8596,6.213203435596E-02);
#8596 = AXIS2_PLACEMENT_3D('',#8597,#8598,#8599);
#8597 = CARTESIAN_POINT('',(1.21,1.625,0.512132034356));
#8598 = DIRECTION('',(0.,-1.,2.2E-16));
#8599 = DIRECTION('',(1.,7.854E-31,3.57E-15));
#8600 = ORIENTED_EDGE('',*,*,#7931,.F.);
#8601 = ORIENTED_EDGE('',*,*,#8564,.T.);
#8602 = PLANE('',#8603);
#8603 = AXIS2_PLACEMENT_3D('',#8604,#8605,#8606);
#8604 = CARTESIAN_POINT('',(1.291179415022,1.625,0.316147589625));
#8605 = DIRECTION('',(0.,-1.,2.2E-16));
#8606 = DIRECTION('',(0.923879532511,8.419035512033E-17,0.382683432365)
  );
#8607 = ADVANCED_FACE('',(#8608),#8626,.F.);
#8608 = FACE_BOUND('',#8609,.F.);
#8609 = EDGE_LOOP('',(#8610,#8611,#8620));
#8610 = ORIENTED_EDGE('',*,*,#7835,.F.);
#8611 = ORIENTED_EDGE('',*,*,#8612,.T.);
#8612 = EDGE_CURVE('',#7828,#8613,#8615,.T.);
#8613 = VERTEX_POINT('',#8614);
#8614 = CARTESIAN_POINT('',(1.253933982822,1.125,0.468198051534));
#8615 = CIRCLE('',#8616,6.213203435596E-02);
#8616 = AXIS2_PLACEMENT_3D('',#8617,#8618,#8619);
#8617 = CARTESIAN_POINT('',(1.21,1.125,0.512132034356));
#8618 = DIRECTION('',(0.,-1.,2.2E-16));
#8619 = DIRECTION('',(1.,7.854E-31,3.57E-15));
#8620 = ORIENTED_EDGE('',*,*,#8621,.T.);
#8621 = EDGE_CURVE('',#8613,#7836,#8622,.T.);
#8622 = LINE('',#8623,#8624);
#8623 = CARTESIAN_POINT('',(-0.768391411372,1.125,2.490523445727));
#8624 = VECTOR('',#8625,1.);
#8625 = DIRECTION('',(0.707106781187,-5.E-17,-0.707106781187));
#8626 = PLANE('',#8627);
#8627 = AXIS2_PLACEMENT_3D('',#8628,#8629,#8630);
#8628 = CARTESIAN_POINT('',(1.291179415022,1.125,0.316147589625));
#8629 = DIRECTION('',(0.,1.,-2.2E-16));
#8630 = DIRECTION('',(0.923879532511,8.419035512033E-17,0.382683432365)
  );
#8631 = ADVANCED_FACE('',(#8632),#8658,.T.);
#8632 = FACE_BOUND('',#8633,.T.);
#8633 = EDGE_LOOP('',(#8634,#8642,#8643,#8644,#8652));
#8634 = ORIENTED_EDGE('',*,*,#8635,.F.);
#8635 = EDGE_CURVE('',#8613,#8636,#8638,.T.);
#8636 = VERTEX_POINT('',#8637);
#8637 = CARTESIAN_POINT('',(1.513933982822,1.125,0.728198051534));
#8638 = LINE('',#8639,#8640);
#8639 = CARTESIAN_POINT('',(1.253933982822,1.125,0.468198051534));
#8640 = VECTOR('',#8641,1.);
#8641 = DIRECTION('',(0.707106781187,2.4E-16,0.707106781187));
#8642 = ORIENTED_EDGE('',*,*,#8621,.T.);
#8643 = ORIENTED_EDGE('',*,*,#7843,.T.);
#8644 = ORIENTED_EDGE('',*,*,#8645,.T.);
#8645 = EDGE_CURVE('',#7844,#8646,#8648,.T.);
#8646 = VERTEX_POINT('',#8647);
#8647 = CARTESIAN_POINT('',(1.726066017178,1.125,0.516066017178));
#8648 = LINE('',#8649,#8650);
#8649 = CARTESIAN_POINT('',(1.466066017178,1.125,0.256066017178));
#8650 = VECTOR('',#8651,1.);
#8651 = DIRECTION('',(0.707106781187,1.6E-16,0.707106781187));
#8652 = ORIENTED_EDGE('',*,*,#8653,.F.);
#8653 = EDGE_CURVE('',#8636,#8646,#8654,.T.);
#8654 = LINE('',#8655,#8656);
#8655 = CARTESIAN_POINT('',(-0.508391411371,1.125,2.750523445727));
#8656 = VECTOR('',#8657,1.);
#8657 = DIRECTION('',(0.707106781187,-1.3E-16,-0.707106781187));
#8658 = PLANE('',#8659);
#8659 = AXIS2_PLACEMENT_3D('',#8660,#8661,#8662);
#8660 = CARTESIAN_POINT('',(-0.768391411372,1.125,2.490523445727));
#8661 = DIRECTION('',(2.E-17,-1.,2.E-16));
#8662 = DIRECTION('',(0.707106781187,-1.272792206136E-16,-0.707106781187
    ));
#8663 = ADVANCED_FACE('',(#8664),#8707,.T.);
#8664 = FACE_BOUND('',#8665,.F.);
#8665 = EDGE_LOOP('',(#8666,#8676,#8685,#8691,#8692,#8700));
#8666 = ORIENTED_EDGE('',*,*,#8667,.F.);
#8667 = EDGE_CURVE('',#8668,#8670,#8672,.T.);
#8668 = VERTEX_POINT('',#8669);
#8669 = CARTESIAN_POINT('',(2.33,1.125,0.15));
#8670 = VERTEX_POINT('',#8671);
#8671 = CARTESIAN_POINT('',(1.21,1.125,0.15));
#8672 = LINE('',#8673,#8674);
#8673 = CARTESIAN_POINT('',(2.175,1.125,0.15));
#8674 = VECTOR('',#8675,1.);
#8675 = DIRECTION('',(-1.,-0.,-0.));
#8676 = ORIENTED_EDGE('',*,*,#8677,.T.);
#8677 = EDGE_CURVE('',#8668,#8678,#8680,.T.);
#8678 = VERTEX_POINT('',#8679);
#8679 = CARTESIAN_POINT('',(2.073933982822,1.125,0.256066017178));
#8680 = CIRCLE('',#8681,0.362132034356);
#8681 = AXIS2_PLACEMENT_3D('',#8682,#8683,#8684);
#8682 = CARTESIAN_POINT('',(2.33,1.125,0.512132034356));
#8683 = DIRECTION('',(0.,1.,-2.2E-16));
#8684 = DIRECTION('',(-1.,0.,0.));
#8685 = ORIENTED_EDGE('',*,*,#8686,.T.);
#8686 = EDGE_CURVE('',#8678,#7852,#8687,.T.);
#8687 = LINE('',#8688,#8689);
#8688 = CARTESIAN_POINT('',(2.073933982822,1.125,0.256066017178));
#8689 = VECTOR('',#8690,1.);
#8690 = DIRECTION('',(-0.707106781187,1.6E-16,0.707106781187));
#8691 = ORIENTED_EDGE('',*,*,#7851,.F.);
#8692 = ORIENTED_EDGE('',*,*,#8693,.F.);
#8693 = EDGE_CURVE('',#8694,#7844,#8696,.T.);
#8694 = VERTEX_POINT('',#8695);
#8695 = CARTESIAN_POINT('',(1.466066017178,1.125,0.256066017178));
#8696 = LINE('',#8697,#8698);
#8697 = CARTESIAN_POINT('',(1.466066017178,1.125,0.256066017178));
#8698 = VECTOR('',#8699,1.);
#8699 = DIRECTION('',(0.707106781187,1.6E-16,0.707106781187));
#8700 = ORIENTED_EDGE('',*,*,#8701,.F.);
#8701 = EDGE_CURVE('',#8670,#8694,#8702,.T.);
#8702 = CIRCLE('',#8703,0.362132034356);
#8703 = AXIS2_PLACEMENT_3D('',#8704,#8705,#8706);
#8704 = CARTESIAN_POINT('',(1.21,1.125,0.512132034356));
#8705 = DIRECTION('',(0.,-1.,2.2E-16));
#8706 = DIRECTION('',(1.,0.,0.));
#8707 = PLANE('',#8708);
#8708 = AXIS2_PLACEMENT_3D('',#8709,#8710,#8711);
#8709 = CARTESIAN_POINT('',(1.16,1.125,3.31));
#8710 = DIRECTION('',(0.,1.,-2.2E-16));
#8711 = DIRECTION('',(-1.,0.,0.));
#8712 = ADVANCED_FACE('',(#8713),#8746,.T.);
#8713 = FACE_BOUND('',#8714,.F.);
#8714 = EDGE_LOOP('',(#8715,#8725,#8731,#8732,#8740));
#8715 = ORIENTED_EDGE('',*,*,#8716,.F.);
#8716 = EDGE_CURVE('',#8717,#8719,#8721,.T.);
#8717 = VERTEX_POINT('',#8718);
#8718 = CARTESIAN_POINT('',(2.286066017178,1.125,0.468198051534));
#8719 = VERTEX_POINT('',#8720);
#8720 = CARTESIAN_POINT('',(2.026066017178,1.125,0.728198051534));
#8721 = LINE('',#8722,#8723);
#8722 = CARTESIAN_POINT('',(2.286066017178,1.125,0.468198051534));
#8723 = VECTOR('',#8724,1.);
#8724 = DIRECTION('',(-0.707106781187,2.4E-16,0.707106781187));
#8725 = ORIENTED_EDGE('',*,*,#8726,.T.);
#8726 = EDGE_CURVE('',#8717,#7860,#8727,.T.);
#8727 = LINE('',#8728,#8729);
#8728 = CARTESIAN_POINT('',(4.308391411372,1.125,2.490523445727));
#8729 = VECTOR('',#8730,1.);
#8730 = DIRECTION('',(-0.707106781187,-5.E-17,-0.707106781187));
#8731 = ORIENTED_EDGE('',*,*,#7859,.F.);
#8732 = ORIENTED_EDGE('',*,*,#8733,.T.);
#8733 = EDGE_CURVE('',#7852,#8734,#8736,.T.);
#8734 = VERTEX_POINT('',#8735);
#8735 = CARTESIAN_POINT('',(1.813933982822,1.125,0.516066017178));
#8736 = LINE('',#8737,#8738);
#8737 = CARTESIAN_POINT('',(2.073933982822,1.125,0.256066017178));
#8738 = VECTOR('',#8739,1.);
#8739 = DIRECTION('',(-0.707106781187,1.6E-16,0.707106781187));
#8740 = ORIENTED_EDGE('',*,*,#8741,.F.);
#8741 = EDGE_CURVE('',#8719,#8734,#8742,.T.);
#8742 = LINE('',#8743,#8744);
#8743 = CARTESIAN_POINT('',(4.048391411371,1.125,2.750523445727));
#8744 = VECTOR('',#8745,1.);
#8745 = DIRECTION('',(-0.707106781187,-1.3E-16,-0.707106781187));
#8746 = PLANE('',#8747);
#8747 = AXIS2_PLACEMENT_3D('',#8748,#8749,#8750);
#8748 = CARTESIAN_POINT('',(4.308391411372,1.125,2.490523445727));
#8749 = DIRECTION('',(-2.E-17,-1.,2.E-16));
#8750 = DIRECTION('',(0.707106781187,1.272792206136E-16,0.707106781187)
  );
#8751 = ADVANCED_FACE('',(#8752),#8763,.F.);
#8752 = FACE_BOUND('',#8753,.T.);
#8753 = EDGE_LOOP('',(#8754,#8755,#8762));
#8754 = ORIENTED_EDGE('',*,*,#7867,.T.);
#8755 = ORIENTED_EDGE('',*,*,#8756,.T.);
#8756 = EDGE_CURVE('',#7868,#8717,#8757,.T.);
#8757 = CIRCLE('',#8758,6.213203435596E-02);
#8758 = AXIS2_PLACEMENT_3D('',#8759,#8760,#8761);
#8759 = CARTESIAN_POINT('',(2.33,1.125,0.512132034356));
#8760 = DIRECTION('',(0.,1.,-2.2E-16));
#8761 = DIRECTION('',(-1.,7.854E-31,3.57E-15));
#8762 = ORIENTED_EDGE('',*,*,#8726,.T.);
#8763 = PLANE('',#8764);
#8764 = AXIS2_PLACEMENT_3D('',#8765,#8766,#8767);
#8765 = CARTESIAN_POINT('',(2.248820584978,1.125,0.316147589625));
#8766 = DIRECTION('',(0.,1.,-2.2E-16));
#8767 = DIRECTION('',(0.923879532511,-8.419035512033E-17,-0.382683432365
    ));
#8768 = ADVANCED_FACE('',(#8769,#8802),#8850,.T.);
#8769 = FACE_BOUND('',#8770,.F.);
#8770 = EDGE_LOOP('',(#8771,#8772,#8773,#8774,#8775,#8776,#8777,#8778,
    #8779,#8780,#8786,#8787,#8788,#8796));
#8771 = ORIENTED_EDGE('',*,*,#7953,.T.);
#8772 = ORIENTED_EDGE('',*,*,#8028,.T.);
#8773 = ORIENTED_EDGE('',*,*,#8068,.T.);
#8774 = ORIENTED_EDGE('',*,*,#8133,.T.);
#8775 = ORIENTED_EDGE('',*,*,#8180,.T.);
#8776 = ORIENTED_EDGE('',*,*,#8246,.T.);
#8777 = ORIENTED_EDGE('',*,*,#8317,.T.);
#8778 = ORIENTED_EDGE('',*,*,#8401,.T.);
#8779 = ORIENTED_EDGE('',*,*,#8341,.T.);
#8780 = ORIENTED_EDGE('',*,*,#8781,.T.);
#8781 = EDGE_CURVE('',#8344,#8207,#8782,.T.);
#8782 = LINE('',#8783,#8784);
#8783 = CARTESIAN_POINT('',(3.19,-3.675,0.15));
#8784 = VECTOR('',#8785,1.);
#8785 = DIRECTION('',(0.,1.,-2.2E-16));
#8786 = ORIENTED_EDGE('',*,*,#8232,.T.);
#8787 = ORIENTED_EDGE('',*,*,#8158,.F.);
#8788 = ORIENTED_EDGE('',*,*,#8789,.F.);
#8789 = EDGE_CURVE('',#8790,#8159,#8792,.T.);
#8790 = VERTEX_POINT('',#8791);
#8791 = CARTESIAN_POINT('',(3.19,-3.675,0.15));
#8792 = LINE('',#8793,#8794);
#8793 = CARTESIAN_POINT('',(3.19,-3.675,0.15));
#8794 = VECTOR('',#8795,1.);
#8795 = DIRECTION('',(-1.,-0.,-0.));
#8796 = ORIENTED_EDGE('',*,*,#8797,.T.);
#8797 = EDGE_CURVE('',#8790,#7954,#8798,.T.);
#8798 = LINE('',#8799,#8800);
#8799 = CARTESIAN_POINT('',(3.19,-3.675,0.15));
#8800 = VECTOR('',#8801,1.);
#8801 = DIRECTION('',(0.,1.,-2.2E-16));
#8802 = FACE_BOUND('',#8803,.F.);
#8803 = EDGE_LOOP('',(#8804,#8814,#8820,#8821,#8829,#8837,#8843,#8844));
#8804 = ORIENTED_EDGE('',*,*,#8805,.T.);
#8805 = EDGE_CURVE('',#8806,#8808,#8810,.T.);
#8806 = VERTEX_POINT('',#8807);
#8807 = CARTESIAN_POINT('',(2.38,1.625,0.15));
#8808 = VERTEX_POINT('',#8809);
#8809 = CARTESIAN_POINT('',(2.38,1.125,0.15));
#8810 = LINE('',#8811,#8812);
#8811 = CARTESIAN_POINT('',(2.38,-1.275,0.15));
#8812 = VECTOR('',#8813,1.);
#8813 = DIRECTION('',(0.,-1.,2.2E-16));
#8814 = ORIENTED_EDGE('',*,*,#8815,.T.);
#8815 = EDGE_CURVE('',#8808,#8668,#8816,.T.);
#8816 = LINE('',#8817,#8818);
#8817 = CARTESIAN_POINT('',(2.175,1.125,0.15));
#8818 = VECTOR('',#8819,1.);
#8819 = DIRECTION('',(-1.,-0.,-0.));
#8820 = ORIENTED_EDGE('',*,*,#8667,.T.);
#8821 = ORIENTED_EDGE('',*,*,#8822,.T.);
#8822 = EDGE_CURVE('',#8670,#8823,#8825,.T.);
#8823 = VERTEX_POINT('',#8824);
#8824 = CARTESIAN_POINT('',(1.16,1.125,0.15));
#8825 = LINE('',#8826,#8827);
#8826 = CARTESIAN_POINT('',(2.175,1.125,0.15));
#8827 = VECTOR('',#8828,1.);
#8828 = DIRECTION('',(-1.,-0.,-0.));
#8829 = ORIENTED_EDGE('',*,*,#8830,.T.);
#8830 = EDGE_CURVE('',#8823,#8831,#8833,.T.);
#8831 = VERTEX_POINT('',#8832);
#8832 = CARTESIAN_POINT('',(1.16,1.625,0.15));
#8833 = LINE('',#8834,#8835);
#8834 = CARTESIAN_POINT('',(1.16,-1.025,0.15));
#8835 = VECTOR('',#8836,1.);
#8836 = DIRECTION('',(0.,1.,-2.2E-16));
#8837 = ORIENTED_EDGE('',*,*,#8838,.T.);
#8838 = EDGE_CURVE('',#8831,#8518,#8839,.T.);
#8839 = LINE('',#8840,#8841);
#8840 = CARTESIAN_POINT('',(2.785,1.625,0.15));
#8841 = VECTOR('',#8842,1.);
#8842 = DIRECTION('',(1.,0.,0.));
#8843 = ORIENTED_EDGE('',*,*,#8517,.T.);
#8844 = ORIENTED_EDGE('',*,*,#8845,.T.);
#8845 = EDGE_CURVE('',#8507,#8806,#8846,.T.);
#8846 = LINE('',#8847,#8848);
#8847 = CARTESIAN_POINT('',(2.785,1.625,0.15));
#8848 = VECTOR('',#8849,1.);
#8849 = DIRECTION('',(1.,0.,0.));
#8850 = PLANE('',#8851);
#8851 = AXIS2_PLACEMENT_3D('',#8852,#8853,#8854);
#8852 = CARTESIAN_POINT('',(3.19,-3.675,0.15));
#8853 = DIRECTION('',(-0.,-2.2E-16,-1.));
#8854 = DIRECTION('',(1.,-0.,0.));
#8855 = ADVANCED_FACE('',(#8856),#8875,.T.);
#8856 = FACE_BOUND('',#8857,.T.);
#8857 = EDGE_LOOP('',(#8858,#8859,#8860,#8868));
#8858 = ORIENTED_EDGE('',*,*,#8797,.T.);
#8859 = ORIENTED_EDGE('',*,*,#7963,.F.);
#8860 = ORIENTED_EDGE('',*,*,#8861,.F.);
#8861 = EDGE_CURVE('',#8862,#7964,#8864,.T.);
#8862 = VERTEX_POINT('',#8863);
#8863 = CARTESIAN_POINT('',(4.47,-3.675,1.43));
#8864 = LINE('',#8865,#8866);
#8865 = CARTESIAN_POINT('',(4.47,-3.675,1.43));
#8866 = VECTOR('',#8867,1.);
#8867 = DIRECTION('',(0.,1.,-2.2E-16));
#8868 = ORIENTED_EDGE('',*,*,#8869,.T.);
#8869 = EDGE_CURVE('',#8862,#8790,#8870,.T.);
#8870 = CIRCLE('',#8871,1.28);
#8871 = AXIS2_PLACEMENT_3D('',#8872,#8873,#8874);
#8872 = CARTESIAN_POINT('',(3.19,-3.675,1.43));
#8873 = DIRECTION('',(0.,1.,-2.2E-16));
#8874 = DIRECTION('',(-1.,0.,0.));
#8875 = CYLINDRICAL_SURFACE('',#8876,1.28);
#8876 = AXIS2_PLACEMENT_3D('',#8877,#8878,#8879);
#8877 = CARTESIAN_POINT('',(3.19,-3.675,1.43));
#8878 = DIRECTION('',(0.,-1.,2.2E-16));
#8879 = DIRECTION('',(-1.,0.,0.));
#8880 = ADVANCED_FACE('',(#8881),#9038,.T.);
#8881 = FACE_BOUND('',#8882,.F.);
#8882 = EDGE_LOOP('',(#8883,#8884,#8885,#8893,#8901,#8909,#8918,#8926,
    #8935,#8943,#8951,#8959,#8967,#8975,#8981,#8982,#8991,#8999,#9007,
    #9015,#9023,#9031));
#8883 = ORIENTED_EDGE('',*,*,#7972,.F.);
#8884 = ORIENTED_EDGE('',*,*,#8861,.F.);
#8885 = ORIENTED_EDGE('',*,*,#8886,.F.);
#8886 = EDGE_CURVE('',#8887,#8862,#8889,.T.);
#8887 = VERTEX_POINT('',#8888);
#8888 = CARTESIAN_POINT('',(4.47,-3.675,2.03));
#8889 = LINE('',#8890,#8891);
#8890 = CARTESIAN_POINT('',(4.47,-3.675,2.03));
#8891 = VECTOR('',#8892,1.);
#8892 = DIRECTION('',(-0.,-2.2E-16,-1.));
#8893 = ORIENTED_EDGE('',*,*,#8894,.T.);
#8894 = EDGE_CURVE('',#8887,#8895,#8897,.T.);
#8895 = VERTEX_POINT('',#8896);
#8896 = CARTESIAN_POINT('',(4.47,2.975,2.03));
#8897 = LINE('',#8898,#8899);
#8898 = CARTESIAN_POINT('',(4.47,-3.675,2.03));
#8899 = VECTOR('',#8900,1.);
#8900 = DIRECTION('',(0.,1.,-2.2E-16));
#8901 = ORIENTED_EDGE('',*,*,#8902,.T.);
#8902 = EDGE_CURVE('',#8895,#8903,#8905,.T.);
#8903 = VERTEX_POINT('',#8904);
#8904 = CARTESIAN_POINT('',(4.47,2.975,1.88));
#8905 = LINE('',#8906,#8907);
#8906 = CARTESIAN_POINT('',(4.47,2.975,2.193491911619));
#8907 = VECTOR('',#8908,1.);
#8908 = DIRECTION('',(0.,3.4E-16,-1.));
#8909 = ORIENTED_EDGE('',*,*,#8910,.T.);
#8910 = EDGE_CURVE('',#8903,#8911,#8913,.T.);
#8911 = VERTEX_POINT('',#8912);
#8912 = CARTESIAN_POINT('',(4.47,3.125,1.73));
#8913 = CIRCLE('',#8914,0.15);
#8914 = AXIS2_PLACEMENT_3D('',#8915,#8916,#8917);
#8915 = CARTESIAN_POINT('',(4.47,3.125,1.88));
#8916 = DIRECTION('',(1.,0.,0.));
#8917 = DIRECTION('',(0.,-1.,2.2E-16));
#8918 = ORIENTED_EDGE('',*,*,#8919,.T.);
#8919 = EDGE_CURVE('',#8911,#8920,#8922,.T.);
#8920 = VERTEX_POINT('',#8921);
#8921 = CARTESIAN_POINT('',(4.47,3.505,1.73));
#8922 = LINE('',#8923,#8924);
#8923 = CARTESIAN_POINT('',(4.47,-1.E-02,1.73));
#8924 = VECTOR('',#8925,1.);
#8925 = DIRECTION('',(0.,1.,1.1E-16));
#8926 = ORIENTED_EDGE('',*,*,#8927,.T.);
#8927 = EDGE_CURVE('',#8920,#8928,#8930,.T.);
#8928 = VERTEX_POINT('',#8929);
#8929 = CARTESIAN_POINT('',(4.47,3.655,1.58));
#8930 = CIRCLE('',#8931,0.15);
#8931 = AXIS2_PLACEMENT_3D('',#8932,#8933,#8934);
#8932 = CARTESIAN_POINT('',(4.47,3.505,1.58));
#8933 = DIRECTION('',(-1.,0.,0.));
#8934 = DIRECTION('',(0.,-1.,2.2E-16));
#8935 = ORIENTED_EDGE('',*,*,#8936,.T.);
#8936 = EDGE_CURVE('',#8928,#8937,#8939,.T.);
#8937 = VERTEX_POINT('',#8938);
#8938 = CARTESIAN_POINT('',(4.47,3.655,1.43));
#8939 = LINE('',#8940,#8941);
#8940 = CARTESIAN_POINT('',(4.47,3.655,2.03));
#8941 = VECTOR('',#8942,1.);
#8942 = DIRECTION('',(-0.,-2.2E-16,-1.));
#8943 = ORIENTED_EDGE('',*,*,#8944,.F.);
#8944 = EDGE_CURVE('',#8945,#8937,#8947,.T.);
#8945 = VERTEX_POINT('',#8946);
#8946 = CARTESIAN_POINT('',(4.47,2.555,1.43));
#8947 = LINE('',#8948,#8949);
#8948 = CARTESIAN_POINT('',(4.47,-3.675,1.43));
#8949 = VECTOR('',#8950,1.);
#8950 = DIRECTION('',(0.,1.,-2.2E-16));
#8951 = ORIENTED_EDGE('',*,*,#8952,.F.);
#8952 = EDGE_CURVE('',#8953,#8945,#8955,.T.);
#8953 = VERTEX_POINT('',#8954);
#8954 = CARTESIAN_POINT('',(4.47,2.405,1.43));
#8955 = LINE('',#8956,#8957);
#8956 = CARTESIAN_POINT('',(4.47,-3.675,1.43));
#8957 = VECTOR('',#8958,1.);
#8958 = DIRECTION('',(0.,1.,-3.3E-16));
#8959 = ORIENTED_EDGE('',*,*,#8960,.F.);
#8960 = EDGE_CURVE('',#8961,#8953,#8963,.T.);
#8961 = VERTEX_POINT('',#8962);
#8962 = CARTESIAN_POINT('',(4.47,2.295,1.43));
#8963 = LINE('',#8964,#8965);
#8964 = CARTESIAN_POINT('',(4.47,-3.675,1.43));
#8965 = VECTOR('',#8966,1.);
#8966 = DIRECTION('',(0.,1.,-2.2E-16));
#8967 = ORIENTED_EDGE('',*,*,#8968,.F.);
#8968 = EDGE_CURVE('',#8969,#8961,#8971,.T.);
#8969 = VERTEX_POINT('',#8970);
#8970 = CARTESIAN_POINT('',(4.47,2.145,1.43));
#8971 = LINE('',#8972,#8973);
#8972 = CARTESIAN_POINT('',(4.47,-3.675,1.43));
#8973 = VECTOR('',#8974,1.);
#8974 = DIRECTION('',(0.,1.,-3.3E-16));
#8975 = ORIENTED_EDGE('',*,*,#8976,.F.);
#8976 = EDGE_CURVE('',#8376,#8969,#8977,.T.);
#8977 = LINE('',#8978,#8979);
#8978 = CARTESIAN_POINT('',(4.47,-3.675,1.43));
#8979 = VECTOR('',#8980,1.);
#8980 = DIRECTION('',(0.,1.,-2.2E-16));
#8981 = ORIENTED_EDGE('',*,*,#8375,.T.);
#8982 = ORIENTED_EDGE('',*,*,#8983,.T.);
#8983 = EDGE_CURVE('',#8368,#8984,#8986,.T.);
#8984 = VERTEX_POINT('',#8985);
#8985 = CARTESIAN_POINT('',(4.47,7.5E-02,1.65));
#8986 = CIRCLE('',#8987,0.15);
#8987 = AXIS2_PLACEMENT_3D('',#8988,#8989,#8990);
#8988 = CARTESIAN_POINT('',(4.47,7.5E-02,1.5));
#8989 = DIRECTION('',(1.,-0.,0.));
#8990 = DIRECTION('',(0.,1.,-2.2E-16));
#8991 = ORIENTED_EDGE('',*,*,#8992,.T.);
#8992 = EDGE_CURVE('',#8984,#8993,#8995,.T.);
#8993 = VERTEX_POINT('',#8994);
#8994 = CARTESIAN_POINT('',(4.47,-2.5E-02,1.65));
#8995 = LINE('',#8996,#8997);
#8996 = CARTESIAN_POINT('',(4.47,0.225,1.65));
#8997 = VECTOR('',#8998,1.);
#8998 = DIRECTION('',(0.,-1.,2.2E-16));
#8999 = ORIENTED_EDGE('',*,*,#9000,.T.);
#9000 = EDGE_CURVE('',#8993,#9001,#9003,.T.);
#9001 = VERTEX_POINT('',#9002);
#9002 = CARTESIAN_POINT('',(4.47,-0.175,1.65));
#9003 = LINE('',#9004,#9005);
#9004 = CARTESIAN_POINT('',(4.47,-0.175,1.65));
#9005 = VECTOR('',#9006,1.);
#9006 = DIRECTION('',(0.,-1.,1.E-16));
#9007 = ORIENTED_EDGE('',*,*,#9008,.T.);
#9008 = EDGE_CURVE('',#9001,#9009,#9011,.T.);
#9009 = VERTEX_POINT('',#9010);
#9010 = CARTESIAN_POINT('',(4.47,-1.475,1.65));
#9011 = LINE('',#9012,#9013);
#9012 = CARTESIAN_POINT('',(4.47,-0.175,1.65));
#9013 = VECTOR('',#9014,1.);
#9014 = DIRECTION('',(0.,-1.,2.2E-16));
#9015 = ORIENTED_EDGE('',*,*,#9016,.T.);
#9016 = EDGE_CURVE('',#9009,#9017,#9019,.T.);
#9017 = VERTEX_POINT('',#9018);
#9018 = CARTESIAN_POINT('',(4.47,-1.625,1.65));
#9019 = LINE('',#9020,#9021);
#9020 = CARTESIAN_POINT('',(4.47,-0.175,1.65));
#9021 = VECTOR('',#9022,1.);
#9022 = DIRECTION('',(0.,-1.,1.E-16));
#9023 = ORIENTED_EDGE('',*,*,#9024,.T.);
#9024 = EDGE_CURVE('',#9017,#9025,#9027,.T.);
#9025 = VERTEX_POINT('',#9026);
#9026 = CARTESIAN_POINT('',(4.47,-1.725,1.65));
#9027 = LINE('',#9028,#9029);
#9028 = CARTESIAN_POINT('',(4.47,0.225,1.65));
#9029 = VECTOR('',#9030,1.);
#9030 = DIRECTION('',(0.,-1.,2.2E-16));
#9031 = ORIENTED_EDGE('',*,*,#9032,.F.);
#9032 = EDGE_CURVE('',#7973,#9025,#9033,.T.);
#9033 = CIRCLE('',#9034,0.15);
#9034 = AXIS2_PLACEMENT_3D('',#9035,#9036,#9037);
#9035 = CARTESIAN_POINT('',(4.47,-1.725,1.5));
#9036 = DIRECTION('',(-1.,0.,0.));
#9037 = DIRECTION('',(0.,-1.,2.2E-16));
#9038 = PLANE('',#9039);
#9039 = AXIS2_PLACEMENT_3D('',#9040,#9041,#9042);
#9040 = CARTESIAN_POINT('',(4.47,-3.675,2.03));
#9041 = DIRECTION('',(1.,0.,0.));
#9042 = DIRECTION('',(-0.,2.2E-16,1.));
#9043 = ADVANCED_FACE('',(#9044),#9063,.F.);
#9044 = FACE_BOUND('',#9045,.F.);
#9045 = EDGE_LOOP('',(#9046,#9047,#9055,#9062));
#9046 = ORIENTED_EDGE('',*,*,#9032,.T.);
#9047 = ORIENTED_EDGE('',*,*,#9048,.T.);
#9048 = EDGE_CURVE('',#9025,#9049,#9051,.T.);
#9049 = VERTEX_POINT('',#9050);
#9050 = CARTESIAN_POINT('',(4.17,-1.725,1.65));
#9051 = LINE('',#9052,#9053);
#9052 = CARTESIAN_POINT('',(4.47,-1.725,1.65));
#9053 = VECTOR('',#9054,1.);
#9054 = DIRECTION('',(-1.,-0.,-0.));
#9055 = ORIENTED_EDGE('',*,*,#9056,.F.);
#9056 = EDGE_CURVE('',#7981,#9049,#9057,.T.);
#9057 = CIRCLE('',#9058,0.15);
#9058 = AXIS2_PLACEMENT_3D('',#9059,#9060,#9061);
#9059 = CARTESIAN_POINT('',(4.17,-1.725,1.5));
#9060 = DIRECTION('',(-1.,0.,0.));
#9061 = DIRECTION('',(0.,-1.,2.2E-16));
#9062 = ORIENTED_EDGE('',*,*,#7980,.F.);
#9063 = CYLINDRICAL_SURFACE('',#9064,0.15);
#9064 = AXIS2_PLACEMENT_3D('',#9065,#9066,#9067);
#9065 = CARTESIAN_POINT('',(4.47,-1.725,1.5));
#9066 = DIRECTION('',(-1.,-0.,-0.));
#9067 = DIRECTION('',(0.,-1.,3.3E-16));
#9068 = ADVANCED_FACE('',(#9069),#9204,.T.);
#9069 = FACE_BOUND('',#9070,.F.);
#9070 = EDGE_LOOP('',(#9071,#9081,#9089,#9095,#9096,#9097,#9098,#9106,
    #9114,#9122,#9130,#9138,#9145,#9146,#9147,#9148,#9156,#9164,#9172,
    #9180,#9189,#9197));
#9071 = ORIENTED_EDGE('',*,*,#9072,.T.);
#9072 = EDGE_CURVE('',#9073,#9075,#9077,.T.);
#9073 = VERTEX_POINT('',#9074);
#9074 = CARTESIAN_POINT('',(4.17,2.975,1.88));
#9075 = VERTEX_POINT('',#9076);
#9076 = CARTESIAN_POINT('',(4.17,2.975,2.03));
#9077 = LINE('',#9078,#9079);
#9078 = CARTESIAN_POINT('',(4.17,2.975,1.893491911619));
#9079 = VECTOR('',#9080,1.);
#9080 = DIRECTION('',(0.,-3.4E-16,1.));
#9081 = ORIENTED_EDGE('',*,*,#9082,.F.);
#9082 = EDGE_CURVE('',#9083,#9075,#9085,.T.);
#9083 = VERTEX_POINT('',#9084);
#9084 = CARTESIAN_POINT('',(4.17,-3.375,2.03));
#9085 = LINE('',#9086,#9087);
#9086 = CARTESIAN_POINT('',(4.17,-3.675,2.03));
#9087 = VECTOR('',#9088,1.);
#9088 = DIRECTION('',(0.,1.,-2.2E-16));
#9089 = ORIENTED_EDGE('',*,*,#9090,.T.);
#9090 = EDGE_CURVE('',#9083,#8046,#9091,.T.);
#9091 = LINE('',#9092,#9093);
#9092 = CARTESIAN_POINT('',(4.17,-3.375,2.03));
#9093 = VECTOR('',#9094,1.);
#9094 = DIRECTION('',(0.,-2.2E-16,-1.));
#9095 = ORIENTED_EDGE('',*,*,#8045,.T.);
#9096 = ORIENTED_EDGE('',*,*,#7988,.T.);
#9097 = ORIENTED_EDGE('',*,*,#9056,.T.);
#9098 = ORIENTED_EDGE('',*,*,#9099,.F.);
#9099 = EDGE_CURVE('',#9100,#9049,#9102,.T.);
#9100 = VERTEX_POINT('',#9101);
#9101 = CARTESIAN_POINT('',(4.17,-1.625,1.65));
#9102 = LINE('',#9103,#9104);
#9103 = CARTESIAN_POINT('',(4.17,-2.271186440678,1.65));
#9104 = VECTOR('',#9105,1.);
#9105 = DIRECTION('',(0.,-1.,2.2E-16));
#9106 = ORIENTED_EDGE('',*,*,#9107,.T.);
#9107 = EDGE_CURVE('',#9100,#9108,#9110,.T.);
#9108 = VERTEX_POINT('',#9109);
#9109 = CARTESIAN_POINT('',(4.17,-1.475,1.65));
#9110 = LINE('',#9111,#9112);
#9111 = CARTESIAN_POINT('',(4.17,-1.475,1.65));
#9112 = VECTOR('',#9113,1.);
#9113 = DIRECTION('',(0.,1.,-1.E-16));
#9114 = ORIENTED_EDGE('',*,*,#9115,.T.);
#9115 = EDGE_CURVE('',#9108,#9116,#9118,.T.);
#9116 = VERTEX_POINT('',#9117);
#9117 = CARTESIAN_POINT('',(4.17,-0.175,1.65));
#9118 = LINE('',#9119,#9120);
#9119 = CARTESIAN_POINT('',(4.17,-1.475,1.65));
#9120 = VECTOR('',#9121,1.);
#9121 = DIRECTION('',(-0.,1.,-2.2E-16));
#9122 = ORIENTED_EDGE('',*,*,#9123,.T.);
#9123 = EDGE_CURVE('',#9116,#9124,#9126,.T.);
#9124 = VERTEX_POINT('',#9125);
#9125 = CARTESIAN_POINT('',(4.17,-2.5E-02,1.65));
#9126 = LINE('',#9127,#9128);
#9127 = CARTESIAN_POINT('',(4.17,-1.475,1.65));
#9128 = VECTOR('',#9129,1.);
#9129 = DIRECTION('',(0.,1.,-1.E-16));
#9130 = ORIENTED_EDGE('',*,*,#9131,.F.);
#9131 = EDGE_CURVE('',#9132,#9124,#9134,.T.);
#9132 = VERTEX_POINT('',#9133);
#9133 = CARTESIAN_POINT('',(4.17,7.5E-02,1.65));
#9134 = LINE('',#9135,#9136);
#9135 = CARTESIAN_POINT('',(4.17,-2.271186440678,1.65));
#9136 = VECTOR('',#9137,1.);
#9137 = DIRECTION('',(0.,-1.,2.2E-16));
#9138 = ORIENTED_EDGE('',*,*,#9139,.F.);
#9139 = EDGE_CURVE('',#8360,#9132,#9140,.T.);
#9140 = CIRCLE('',#9141,0.15);
#9141 = AXIS2_PLACEMENT_3D('',#9142,#9143,#9144);
#9142 = CARTESIAN_POINT('',(4.17,7.5E-02,1.5));
#9143 = DIRECTION('',(1.,-0.,0.));
#9144 = DIRECTION('',(0.,1.,-2.2E-16));
#9145 = ORIENTED_EDGE('',*,*,#8359,.T.);
#9146 = ORIENTED_EDGE('',*,*,#8292,.T.);
#9147 = ORIENTED_EDGE('',*,*,#8284,.T.);
#9148 = ORIENTED_EDGE('',*,*,#9149,.T.);
#9149 = EDGE_CURVE('',#8272,#9150,#9152,.T.);
#9150 = VERTEX_POINT('',#9151);
#9151 = CARTESIAN_POINT('',(4.17,2.405,1.43));
#9152 = LINE('',#9153,#9154);
#9153 = CARTESIAN_POINT('',(4.17,-3.675,1.43));
#9154 = VECTOR('',#9155,1.);
#9155 = DIRECTION('',(0.,1.,-2.2E-16));
#9156 = ORIENTED_EDGE('',*,*,#9157,.T.);
#9157 = EDGE_CURVE('',#9150,#9158,#9160,.T.);
#9158 = VERTEX_POINT('',#9159);
#9159 = CARTESIAN_POINT('',(4.17,2.555,1.43));
#9160 = LINE('',#9161,#9162);
#9161 = CARTESIAN_POINT('',(4.17,-3.675,1.43));
#9162 = VECTOR('',#9163,1.);
#9163 = DIRECTION('',(0.,1.,-3.3E-16));
#9164 = ORIENTED_EDGE('',*,*,#9165,.T.);
#9165 = EDGE_CURVE('',#9158,#9166,#9168,.T.);
#9166 = VERTEX_POINT('',#9167);
#9167 = CARTESIAN_POINT('',(4.17,3.655,1.43));
#9168 = LINE('',#9169,#9170);
#9169 = CARTESIAN_POINT('',(4.17,-3.675,1.43));
#9170 = VECTOR('',#9171,1.);
#9171 = DIRECTION('',(0.,1.,-2.2E-16));
#9172 = ORIENTED_EDGE('',*,*,#9173,.T.);
#9173 = EDGE_CURVE('',#9166,#9174,#9176,.T.);
#9174 = VERTEX_POINT('',#9175);
#9175 = CARTESIAN_POINT('',(4.17,3.655,1.58));
#9176 = LINE('',#9177,#9178);
#9177 = CARTESIAN_POINT('',(4.17,3.655,1.43));
#9178 = VECTOR('',#9179,1.);
#9179 = DIRECTION('',(0.,2.2E-16,1.));
#9180 = ORIENTED_EDGE('',*,*,#9181,.F.);
#9181 = EDGE_CURVE('',#9182,#9174,#9184,.T.);
#9182 = VERTEX_POINT('',#9183);
#9183 = CARTESIAN_POINT('',(4.17,3.505,1.73));
#9184 = CIRCLE('',#9185,0.15);
#9185 = AXIS2_PLACEMENT_3D('',#9186,#9187,#9188);
#9186 = CARTESIAN_POINT('',(4.17,3.505,1.58));
#9187 = DIRECTION('',(-1.,0.,0.));
#9188 = DIRECTION('',(0.,-1.,2.2E-16));
#9189 = ORIENTED_EDGE('',*,*,#9190,.T.);
#9190 = EDGE_CURVE('',#9182,#9191,#9193,.T.);
#9191 = VERTEX_POINT('',#9192);
#9192 = CARTESIAN_POINT('',(4.17,3.125,1.73));
#9193 = LINE('',#9194,#9195);
#9194 = CARTESIAN_POINT('',(4.17,-1.E-02,1.73));
#9195 = VECTOR('',#9196,1.);
#9196 = DIRECTION('',(-0.,-1.,-1.1E-16));
#9197 = ORIENTED_EDGE('',*,*,#9198,.F.);
#9198 = EDGE_CURVE('',#9073,#9191,#9199,.T.);
#9199 = CIRCLE('',#9200,0.15);
#9200 = AXIS2_PLACEMENT_3D('',#9201,#9202,#9203);
#9201 = CARTESIAN_POINT('',(4.17,3.125,1.88));
#9202 = DIRECTION('',(1.,0.,0.));
#9203 = DIRECTION('',(0.,-1.,2.2E-16));
#9204 = PLANE('',#9205);
#9205 = AXIS2_PLACEMENT_3D('',#9206,#9207,#9208);
#9206 = CARTESIAN_POINT('',(4.17,-3.675,1.43));
#9207 = DIRECTION('',(-1.,-0.,-0.));
#9208 = DIRECTION('',(0.,-2.2E-16,-1.));
#9209 = ADVANCED_FACE('',(#9210),#9229,.F.);
#9210 = FACE_BOUND('',#9211,.F.);
#9211 = EDGE_LOOP('',(#9212,#9221,#9222,#9223));
#9212 = ORIENTED_EDGE('',*,*,#9213,.T.);
#9213 = EDGE_CURVE('',#9214,#8093,#9216,.T.);
#9214 = VERTEX_POINT('',#9215);
#9215 = CARTESIAN_POINT('',(4.27,-3.675,1.43));
#9216 = CIRCLE('',#9217,1.08);
#9217 = AXIS2_PLACEMENT_3D('',#9218,#9219,#9220);
#9218 = CARTESIAN_POINT('',(3.19,-3.675,1.43));
#9219 = DIRECTION('',(0.,1.,-2.2E-16));
#9220 = DIRECTION('',(1.,5.06E-32,2.3E-16));
#9221 = ORIENTED_EDGE('',*,*,#8092,.F.);
#9222 = ORIENTED_EDGE('',*,*,#8053,.F.);
#9223 = ORIENTED_EDGE('',*,*,#9224,.T.);
#9224 = EDGE_CURVE('',#8046,#9214,#9225,.T.);
#9225 = LINE('',#9226,#9227);
#9226 = CARTESIAN_POINT('',(4.22,-3.525,1.43));
#9227 = VECTOR('',#9228,1.);
#9228 = DIRECTION('',(0.316227766017,-0.948683298051,2.1E-16));
#9229 = CONICAL_SURFACE('',#9230,0.98,0.321750554397);
#9230 = AXIS2_PLACEMENT_3D('',#9231,#9232,#9233);
#9231 = CARTESIAN_POINT('',(3.19,-3.375,1.43));
#9232 = DIRECTION('',(0.,-1.,2.2E-16));
#9233 = DIRECTION('',(1.,5.06E-32,2.3E-16));
#9234 = ADVANCED_FACE('',(#9235),#9291,.F.);
#9235 = FACE_BOUND('',#9236,.T.);
#9236 = EDGE_LOOP('',(#9237,#9238,#9239,#9240,#9241,#9250,#9258,#9266,
    #9274,#9283,#9289,#9290));
#9237 = ORIENTED_EDGE('',*,*,#8166,.T.);
#9238 = ORIENTED_EDGE('',*,*,#8789,.F.);
#9239 = ORIENTED_EDGE('',*,*,#8869,.F.);
#9240 = ORIENTED_EDGE('',*,*,#8886,.F.);
#9241 = ORIENTED_EDGE('',*,*,#9242,.F.);
#9242 = EDGE_CURVE('',#9243,#8887,#9245,.T.);
#9243 = VERTEX_POINT('',#9244);
#9244 = CARTESIAN_POINT('',(3.19,-3.675,3.31));
#9245 = CIRCLE('',#9246,1.28);
#9246 = AXIS2_PLACEMENT_3D('',#9247,#9248,#9249);
#9247 = CARTESIAN_POINT('',(3.19,-3.675,2.03));
#9248 = DIRECTION('',(0.,1.,-2.2E-16));
#9249 = DIRECTION('',(-1.,0.,0.));
#9250 = ORIENTED_EDGE('',*,*,#9251,.F.);
#9251 = EDGE_CURVE('',#9252,#9243,#9254,.T.);
#9252 = VERTEX_POINT('',#9253);
#9253 = CARTESIAN_POINT('',(0.,-3.675,3.31));
#9254 = LINE('',#9255,#9256);
#9255 = CARTESIAN_POINT('',(0.,-3.675,3.31));
#9256 = VECTOR('',#9257,1.);
#9257 = DIRECTION('',(1.,0.,0.));
#9258 = ORIENTED_EDGE('',*,*,#9259,.T.);
#9259 = EDGE_CURVE('',#9252,#9260,#9262,.T.);
#9260 = VERTEX_POINT('',#9261);
#9261 = CARTESIAN_POINT('',(0.,-3.675,3.11));
#9262 = LINE('',#9263,#9264);
#9263 = CARTESIAN_POINT('',(0.,-3.675,3.31));
#9264 = VECTOR('',#9265,1.);
#9265 = DIRECTION('',(-0.,-2.2E-16,-1.));
#9266 = ORIENTED_EDGE('',*,*,#9267,.T.);
#9267 = EDGE_CURVE('',#9260,#9268,#9270,.T.);
#9268 = VERTEX_POINT('',#9269);
#9269 = CARTESIAN_POINT('',(3.19,-3.675,3.11));
#9270 = LINE('',#9271,#9272);
#9271 = CARTESIAN_POINT('',(0.,-3.675,3.11));
#9272 = VECTOR('',#9273,1.);
#9273 = DIRECTION('',(1.,0.,0.));
#9274 = ORIENTED_EDGE('',*,*,#9275,.T.);
#9275 = EDGE_CURVE('',#9268,#9276,#9278,.T.);
#9276 = VERTEX_POINT('',#9277);
#9277 = CARTESIAN_POINT('',(4.27,-3.675,2.03));
#9278 = CIRCLE('',#9279,1.08);
#9279 = AXIS2_PLACEMENT_3D('',#9280,#9281,#9282);
#9280 = CARTESIAN_POINT('',(3.19,-3.675,2.03));
#9281 = DIRECTION('',(0.,1.,-2.2E-16));
#9282 = DIRECTION('',(4.5E-16,2.2E-16,1.));
#9283 = ORIENTED_EDGE('',*,*,#9284,.T.);
#9284 = EDGE_CURVE('',#9276,#9214,#9285,.T.);
#9285 = LINE('',#9286,#9287);
#9286 = CARTESIAN_POINT('',(4.27,-3.675,2.03));
#9287 = VECTOR('',#9288,1.);
#9288 = DIRECTION('',(0.,-2.2E-16,-1.));
#9289 = ORIENTED_EDGE('',*,*,#9213,.T.);
#9290 = ORIENTED_EDGE('',*,*,#8109,.T.);
#9291 = PLANE('',#9292);
#9292 = AXIS2_PLACEMENT_3D('',#9293,#9294,#9295);
#9293 = CARTESIAN_POINT('',(2.453655549214,-3.675,1.73));
#9294 = DIRECTION('',(0.,1.,0.));
#9295 = DIRECTION('',(0.,0.,-1.));
#9296 = ADVANCED_FACE('',(#9297),#9315,.T.);
#9297 = FACE_BOUND('',#9298,.T.);
#9298 = EDGE_LOOP('',(#9299,#9310,#9311,#9312,#9313,#9314));
#9299 = ORIENTED_EDGE('',*,*,#9300,.T.);
#9300 = EDGE_CURVE('',#8205,#8961,#9301,.T.);
#9301 = B_SPLINE_CURVE_WITH_KNOTS('',7,(#9302,#9303,#9304,#9305,#9306,
    #9307,#9308,#9309),.UNSPECIFIED.,.F.,.F.,(8,8),(0.,1.),
  .PIECEWISE_BEZIER_KNOTS.);
#9302 = CARTESIAN_POINT('',(4.461180553659,2.145,1.28));
#9303 = CARTESIAN_POINT('',(4.465159237328,2.145,1.313717502063));
#9304 = CARTESIAN_POINT('',(4.468082778014,2.153841912671,1.347458489014
    ));
#9305 = CARTESIAN_POINT('',(4.469626810703,2.171550979019,1.378377193633
    ));
#9306 = CARTESIAN_POINT('',(4.469998380916,2.196943803181,1.403662977068
    ));
#9307 = CARTESIAN_POINT('',(4.470000293829,2.227811290334,1.421227336866
    ));
#9308 = CARTESIAN_POINT('',(4.47,2.261415285246,1.43));
#9309 = CARTESIAN_POINT('',(4.47,2.295,1.43));
#9310 = ORIENTED_EDGE('',*,*,#8968,.F.);
#9311 = ORIENTED_EDGE('',*,*,#8976,.F.);
#9312 = ORIENTED_EDGE('',*,*,#8383,.T.);
#9313 = ORIENTED_EDGE('',*,*,#8781,.T.);
#9314 = ORIENTED_EDGE('',*,*,#8204,.F.);
#9315 = CYLINDRICAL_SURFACE('',#9316,1.28);
#9316 = AXIS2_PLACEMENT_3D('',#9317,#9318,#9319);
#9317 = CARTESIAN_POINT('',(3.19,-3.675,1.43));
#9318 = DIRECTION('',(0.,-1.,2.2E-16));
#9319 = DIRECTION('',(-1.,0.,0.));
#9320 = ADVANCED_FACE('',(#9321),#9332,.F.);
#9321 = FACE_BOUND('',#9322,.F.);
#9322 = EDGE_LOOP('',(#9323,#9324,#9330,#9331));
#9323 = ORIENTED_EDGE('',*,*,#9300,.T.);
#9324 = ORIENTED_EDGE('',*,*,#9325,.T.);
#9325 = EDGE_CURVE('',#8961,#8272,#9326,.T.);
#9326 = LINE('',#9327,#9328);
#9327 = CARTESIAN_POINT('',(4.47,2.295,1.43));
#9328 = VECTOR('',#9329,1.);
#9329 = DIRECTION('',(-1.,-0.,-0.));
#9330 = ORIENTED_EDGE('',*,*,#8271,.F.);
#9331 = ORIENTED_EDGE('',*,*,#8215,.F.);
#9332 = CYLINDRICAL_SURFACE('',#9333,0.15);
#9333 = AXIS2_PLACEMENT_3D('',#9334,#9335,#9336);
#9334 = CARTESIAN_POINT('',(4.47,2.295,1.28));
#9335 = DIRECTION('',(-1.,-0.,-0.));
#9336 = DIRECTION('',(0.,-1.,3.3E-16));
#9337 = ADVANCED_FACE('',(#9338),#9349,.F.);
#9338 = FACE_BOUND('',#9339,.F.);
#9339 = EDGE_LOOP('',(#9340,#9341,#9347,#9348));
#9340 = ORIENTED_EDGE('',*,*,#9139,.T.);
#9341 = ORIENTED_EDGE('',*,*,#9342,.T.);
#9342 = EDGE_CURVE('',#9132,#8984,#9343,.T.);
#9343 = LINE('',#9344,#9345);
#9344 = CARTESIAN_POINT('',(4.17,7.5E-02,1.65));
#9345 = VECTOR('',#9346,1.);
#9346 = DIRECTION('',(1.,0.,0.));
#9347 = ORIENTED_EDGE('',*,*,#8983,.F.);
#9348 = ORIENTED_EDGE('',*,*,#8367,.F.);
#9349 = CYLINDRICAL_SURFACE('',#9350,0.15);
#9350 = AXIS2_PLACEMENT_3D('',#9351,#9352,#9353);
#9351 = CARTESIAN_POINT('',(4.17,7.5E-02,1.5));
#9352 = DIRECTION('',(1.,0.,0.));
#9353 = DIRECTION('',(0.,1.,-3.3E-16));
#9354 = ADVANCED_FACE('',(#9355),#9366,.F.);
#9355 = FACE_BOUND('',#9356,.F.);
#9356 = EDGE_LOOP('',(#9357,#9358,#9364,#9365));
#9357 = ORIENTED_EDGE('',*,*,#8594,.T.);
#9358 = ORIENTED_EDGE('',*,*,#9359,.T.);
#9359 = EDGE_CURVE('',#8565,#8613,#9360,.T.);
#9360 = LINE('',#9361,#9362);
#9361 = CARTESIAN_POINT('',(1.253933982822,-1.275,0.468198051534));
#9362 = VECTOR('',#9363,1.);
#9363 = DIRECTION('',(0.,-1.,2.2E-16));
#9364 = ORIENTED_EDGE('',*,*,#8612,.F.);
#9365 = ORIENTED_EDGE('',*,*,#8419,.F.);
#9366 = CYLINDRICAL_SURFACE('',#9367,6.213203435596E-02);
#9367 = AXIS2_PLACEMENT_3D('',#9368,#9369,#9370);
#9368 = CARTESIAN_POINT('',(1.21,-1.275,0.512132034356));
#9369 = DIRECTION('',(0.,-1.,2.2E-16));
#9370 = DIRECTION('',(1.,7.854E-31,3.57E-15));
#9371 = ADVANCED_FACE('',(#9372),#9383,.F.);
#9372 = FACE_BOUND('',#9373,.F.);
#9373 = EDGE_LOOP('',(#9374,#9375,#9376,#9382));
#9374 = ORIENTED_EDGE('',*,*,#8436,.T.);
#9375 = ORIENTED_EDGE('',*,*,#8756,.T.);
#9376 = ORIENTED_EDGE('',*,*,#9377,.F.);
#9377 = EDGE_CURVE('',#8451,#8717,#9378,.T.);
#9378 = LINE('',#9379,#9380);
#9379 = CARTESIAN_POINT('',(2.286066017178,-1.275,0.468198051534));
#9380 = VECTOR('',#9381,1.);
#9381 = DIRECTION('',(0.,-1.,2.2E-16));
#9382 = ORIENTED_EDGE('',*,*,#8450,.F.);
#9383 = CYLINDRICAL_SURFACE('',#9384,6.213203435596E-02);
#9384 = AXIS2_PLACEMENT_3D('',#9385,#9386,#9387);
#9385 = CARTESIAN_POINT('',(2.33,-1.275,0.512132034356));
#9386 = DIRECTION('',(0.,-1.,2.2E-16));
#9387 = DIRECTION('',(-1.,7.854E-31,3.57E-15));
#9388 = ADVANCED_FACE('',(#9389),#9407,.T.);
#9389 = FACE_BOUND('',#9390,.F.);
#9390 = EDGE_LOOP('',(#9391,#9392,#9398,#9399,#9400,#9406));
#9391 = ORIENTED_EDGE('',*,*,#8686,.F.);
#9392 = ORIENTED_EDGE('',*,*,#9393,.F.);
#9393 = EDGE_CURVE('',#8509,#8678,#9394,.T.);
#9394 = LINE('',#9395,#9396);
#9395 = CARTESIAN_POINT('',(2.073933982822,-1.275,0.256066017178));
#9396 = VECTOR('',#9397,1.);
#9397 = DIRECTION('',(0.,-1.,2.2E-16));
#9398 = ORIENTED_EDGE('',*,*,#8541,.T.);
#9399 = ORIENTED_EDGE('',*,*,#8474,.T.);
#9400 = ORIENTED_EDGE('',*,*,#9401,.F.);
#9401 = EDGE_CURVE('',#8734,#8475,#9402,.T.);
#9402 = LINE('',#9403,#9404);
#9403 = CARTESIAN_POINT('',(1.813933982822,-1.275,0.516066017178));
#9404 = VECTOR('',#9405,1.);
#9405 = DIRECTION('',(8.E-17,1.,-2.5E-16));
#9406 = ORIENTED_EDGE('',*,*,#8733,.F.);
#9407 = PLANE('',#9408);
#9408 = AXIS2_PLACEMENT_3D('',#9409,#9410,#9411);
#9409 = CARTESIAN_POINT('',(2.073933982822,-1.275,0.256066017178));
#9410 = DIRECTION('',(-0.707106781187,-1.3E-16,-0.707106781187));
#9411 = DIRECTION('',(-7.807611844575E-17,-1.,2.619238815543E-16));
#9412 = ADVANCED_FACE('',(#9413),#9440,.F.);
#9413 = FACE_BOUND('',#9414,.T.);
#9414 = EDGE_LOOP('',(#9415,#9424,#9432,#9439));
#9415 = ORIENTED_EDGE('',*,*,#9416,.T.);
#9416 = EDGE_CURVE('',#8475,#9417,#9419,.T.);
#9417 = VERTEX_POINT('',#9418);
#9418 = CARTESIAN_POINT('',(1.77,1.625,0.534264068712));
#9419 = CIRCLE('',#9420,6.213203435594E-02);
#9420 = AXIS2_PLACEMENT_3D('',#9421,#9422,#9423);
#9421 = CARTESIAN_POINT('',(1.77,1.625,0.472132034356));
#9422 = DIRECTION('',(0.,-1.,2.2E-16));
#9423 = DIRECTION('',(-1.,5.896E-31,2.68E-15));
#9424 = ORIENTED_EDGE('',*,*,#9425,.F.);
#9425 = EDGE_CURVE('',#9426,#9417,#9428,.T.);
#9426 = VERTEX_POINT('',#9427);
#9427 = CARTESIAN_POINT('',(1.77,1.625,0.834264068712));
#9428 = LINE('',#9429,#9430);
#9429 = CARTESIAN_POINT('',(1.77,1.625,3.694264068712));
#9430 = VECTOR('',#9431,1.);
#9431 = DIRECTION('',(-9.1E-16,-2.2E-16,-1.));
#9432 = ORIENTED_EDGE('',*,*,#9433,.F.);
#9433 = EDGE_CURVE('',#8485,#9426,#9434,.T.);
#9434 = CIRCLE('',#9435,0.362132034356);
#9435 = AXIS2_PLACEMENT_3D('',#9436,#9437,#9438);
#9436 = CARTESIAN_POINT('',(1.77,1.625,0.472132034356));
#9437 = DIRECTION('',(0.,-1.,2.2E-16));
#9438 = DIRECTION('',(-1.,2.354E-31,1.07E-15));
#9439 = ORIENTED_EDGE('',*,*,#8492,.F.);
#9440 = PLANE('',#9441);
#9441 = AXIS2_PLACEMENT_3D('',#9442,#9443,#9444);
#9442 = CARTESIAN_POINT('',(1.851179415022,1.625,0.668116479087));
#9443 = DIRECTION('',(0.,-1.,2.2E-16));
#9444 = DIRECTION('',(0.923879532511,-8.419035512033E-17,-0.382683432365
    ));
#9445 = ADVANCED_FACE('',(#9446),#9457,.T.);
#9446 = FACE_BOUND('',#9447,.F.);
#9447 = EDGE_LOOP('',(#9448,#9449,#9450,#9451));
#9448 = ORIENTED_EDGE('',*,*,#8484,.F.);
#9449 = ORIENTED_EDGE('',*,*,#9377,.T.);
#9450 = ORIENTED_EDGE('',*,*,#8716,.T.);
#9451 = ORIENTED_EDGE('',*,*,#9452,.F.);
#9452 = EDGE_CURVE('',#8485,#8719,#9453,.T.);
#9453 = LINE('',#9454,#9455);
#9454 = CARTESIAN_POINT('',(2.026066017178,-1.275,0.728198051534));
#9455 = VECTOR('',#9456,1.);
#9456 = DIRECTION('',(-8.E-17,-1.,2.5E-16));
#9457 = PLANE('',#9458);
#9458 = AXIS2_PLACEMENT_3D('',#9459,#9460,#9461);
#9459 = CARTESIAN_POINT('',(2.286066017178,-1.275,0.468198051534));
#9460 = DIRECTION('',(0.707106781187,1.3E-16,0.707106781187));
#9461 = DIRECTION('',(7.807611844575E-17,1.,-2.619238815543E-16));
#9462 = ADVANCED_FACE('',(#9463),#9474,.T.);
#9463 = FACE_BOUND('',#9464,.T.);
#9464 = EDGE_LOOP('',(#9465,#9466,#9467,#9473));
#9465 = ORIENTED_EDGE('',*,*,#9393,.F.);
#9466 = ORIENTED_EDGE('',*,*,#8506,.F.);
#9467 = ORIENTED_EDGE('',*,*,#9468,.F.);
#9468 = EDGE_CURVE('',#8668,#8507,#9469,.T.);
#9469 = LINE('',#9470,#9471);
#9470 = CARTESIAN_POINT('',(2.33,-1.275,0.15));
#9471 = VECTOR('',#9472,1.);
#9472 = DIRECTION('',(0.,1.,-2.2E-16));
#9473 = ORIENTED_EDGE('',*,*,#8677,.T.);
#9474 = CYLINDRICAL_SURFACE('',#9475,0.362132034356);
#9475 = AXIS2_PLACEMENT_3D('',#9476,#9477,#9478);
#9476 = CARTESIAN_POINT('',(2.33,-1.275,0.512132034356));
#9477 = DIRECTION('',(0.,-1.,2.2E-16));
#9478 = DIRECTION('',(-1.,2.024E-31,9.2E-16));
#9479 = ADVANCED_FACE('',(#9480),#9498,.T.);
#9480 = FACE_BOUND('',#9481,.T.);
#9481 = EDGE_LOOP('',(#9482,#9483,#9489,#9490,#9491,#9497));
#9482 = ORIENTED_EDGE('',*,*,#8693,.F.);
#9483 = ORIENTED_EDGE('',*,*,#9484,.F.);
#9484 = EDGE_CURVE('',#8526,#8694,#9485,.T.);
#9485 = LINE('',#9486,#9487);
#9486 = CARTESIAN_POINT('',(1.466066017178,-1.275,0.256066017178));
#9487 = VECTOR('',#9488,1.);
#9488 = DIRECTION('',(0.,-1.,2.2E-16));
#9489 = ORIENTED_EDGE('',*,*,#8534,.T.);
#9490 = ORIENTED_EDGE('',*,*,#8555,.T.);
#9491 = ORIENTED_EDGE('',*,*,#9492,.F.);
#9492 = EDGE_CURVE('',#8646,#8556,#9493,.T.);
#9493 = LINE('',#9494,#9495);
#9494 = CARTESIAN_POINT('',(1.726066017178,-1.275,0.516066017178));
#9495 = VECTOR('',#9496,1.);
#9496 = DIRECTION('',(-8.E-17,1.,-2.5E-16));
#9497 = ORIENTED_EDGE('',*,*,#8645,.F.);
#9498 = PLANE('',#9499);
#9499 = AXIS2_PLACEMENT_3D('',#9500,#9501,#9502);
#9500 = CARTESIAN_POINT('',(1.466066017178,-1.275,0.256066017178));
#9501 = DIRECTION('',(0.707106781187,-1.3E-16,-0.707106781187));
#9502 = DIRECTION('',(-7.807611844575E-17,1.,-2.619238815543E-16));
#9503 = ADVANCED_FACE('',(#9504),#9515,.T.);
#9504 = FACE_BOUND('',#9505,.T.);
#9505 = EDGE_LOOP('',(#9506,#9507,#9513,#9514));
#9506 = ORIENTED_EDGE('',*,*,#8701,.F.);
#9507 = ORIENTED_EDGE('',*,*,#9508,.T.);
#9508 = EDGE_CURVE('',#8670,#8518,#9509,.T.);
#9509 = LINE('',#9510,#9511);
#9510 = CARTESIAN_POINT('',(1.21,-1.275,0.15));
#9511 = VECTOR('',#9512,1.);
#9512 = DIRECTION('',(0.,1.,-2.2E-16));
#9513 = ORIENTED_EDGE('',*,*,#8525,.T.);
#9514 = ORIENTED_EDGE('',*,*,#9484,.T.);
#9515 = CYLINDRICAL_SURFACE('',#9516,0.362132034356);
#9516 = AXIS2_PLACEMENT_3D('',#9517,#9518,#9519);
#9517 = CARTESIAN_POINT('',(1.21,-1.275,0.512132034356));
#9518 = DIRECTION('',(0.,-1.,2.2E-16));
#9519 = DIRECTION('',(1.,2.024E-31,9.2E-16));
#9520 = ADVANCED_FACE('',(#9521),#9539,.F.);
#9521 = FACE_BOUND('',#9522,.F.);
#9522 = EDGE_LOOP('',(#9523,#9530,#9531,#9538));
#9523 = ORIENTED_EDGE('',*,*,#9524,.T.);
#9524 = EDGE_CURVE('',#8556,#9417,#9525,.T.);
#9525 = CIRCLE('',#9526,6.213203435594E-02);
#9526 = AXIS2_PLACEMENT_3D('',#9527,#9528,#9529);
#9527 = CARTESIAN_POINT('',(1.77,1.625,0.472132034356));
#9528 = DIRECTION('',(0.,1.,-2.2E-16));
#9529 = DIRECTION('',(1.,5.896E-31,2.68E-15));
#9530 = ORIENTED_EDGE('',*,*,#9425,.F.);
#9531 = ORIENTED_EDGE('',*,*,#9532,.F.);
#9532 = EDGE_CURVE('',#8573,#9426,#9533,.T.);
#9533 = CIRCLE('',#9534,0.362132034356);
#9534 = AXIS2_PLACEMENT_3D('',#9535,#9536,#9537);
#9535 = CARTESIAN_POINT('',(1.77,1.625,0.472132034356));
#9536 = DIRECTION('',(0.,1.,-2.2E-16));
#9537 = DIRECTION('',(1.,2.354E-31,1.07E-15));
#9538 = ORIENTED_EDGE('',*,*,#8580,.F.);
#9539 = PLANE('',#9540);
#9540 = AXIS2_PLACEMENT_3D('',#9541,#9542,#9543);
#9541 = CARTESIAN_POINT('',(1.688820584978,1.625,0.668116479087));
#9542 = DIRECTION('',(0.,-1.,2.2E-16));
#9543 = DIRECTION('',(0.923879532511,8.419035512033E-17,0.382683432365)
  );
#9544 = ADVANCED_FACE('',(#9545),#9556,.T.);
#9545 = FACE_BOUND('',#9546,.T.);
#9546 = EDGE_LOOP('',(#9547,#9548,#9549,#9550));
#9547 = ORIENTED_EDGE('',*,*,#8572,.F.);
#9548 = ORIENTED_EDGE('',*,*,#9359,.T.);
#9549 = ORIENTED_EDGE('',*,*,#8635,.T.);
#9550 = ORIENTED_EDGE('',*,*,#9551,.F.);
#9551 = EDGE_CURVE('',#8573,#8636,#9552,.T.);
#9552 = LINE('',#9553,#9554);
#9553 = CARTESIAN_POINT('',(1.513933982822,-1.275,0.728198051534));
#9554 = VECTOR('',#9555,1.);
#9555 = DIRECTION('',(8.E-17,-1.,2.5E-16));
#9556 = PLANE('',#9557);
#9557 = AXIS2_PLACEMENT_3D('',#9558,#9559,#9560);
#9558 = CARTESIAN_POINT('',(1.253933982822,-1.275,0.468198051534));
#9559 = DIRECTION('',(-0.707106781187,1.3E-16,0.707106781187));
#9560 = DIRECTION('',(7.807611844575E-17,-1.,2.619238815543E-16));
#9561 = ADVANCED_FACE('',(#9562),#9589,.F.);
#9562 = FACE_BOUND('',#9563,.F.);
#9563 = EDGE_LOOP('',(#9564,#9573,#9581,#9588));
#9564 = ORIENTED_EDGE('',*,*,#9565,.T.);
#9565 = EDGE_CURVE('',#8636,#9566,#9568,.T.);
#9566 = VERTEX_POINT('',#9567);
#9567 = CARTESIAN_POINT('',(1.77,1.125,0.834264068712));
#9568 = CIRCLE('',#9569,0.362132034356);
#9569 = AXIS2_PLACEMENT_3D('',#9570,#9571,#9572);
#9570 = CARTESIAN_POINT('',(1.77,1.125,0.472132034356));
#9571 = DIRECTION('',(0.,1.,-2.2E-16));
#9572 = DIRECTION('',(1.,2.354E-31,1.07E-15));
#9573 = ORIENTED_EDGE('',*,*,#9574,.T.);
#9574 = EDGE_CURVE('',#9566,#9575,#9577,.T.);
#9575 = VERTEX_POINT('',#9576);
#9576 = CARTESIAN_POINT('',(1.77,1.125,0.534264068712));
#9577 = LINE('',#9578,#9579);
#9578 = CARTESIAN_POINT('',(1.77,1.125,3.694264068712));
#9579 = VECTOR('',#9580,1.);
#9580 = DIRECTION('',(-9.1E-16,-2.2E-16,-1.));
#9581 = ORIENTED_EDGE('',*,*,#9582,.F.);
#9582 = EDGE_CURVE('',#8646,#9575,#9583,.T.);
#9583 = CIRCLE('',#9584,6.213203435594E-02);
#9584 = AXIS2_PLACEMENT_3D('',#9585,#9586,#9587);
#9585 = CARTESIAN_POINT('',(1.77,1.125,0.472132034356));
#9586 = DIRECTION('',(0.,1.,-2.2E-16));
#9587 = DIRECTION('',(1.,-3.938E-31,-1.79E-15));
#9588 = ORIENTED_EDGE('',*,*,#8653,.F.);
#9589 = PLANE('',#9590);
#9590 = AXIS2_PLACEMENT_3D('',#9591,#9592,#9593);
#9591 = CARTESIAN_POINT('',(1.688820584978,1.125,0.668116479087));
#9592 = DIRECTION('',(0.,1.,-2.2E-16));
#9593 = DIRECTION('',(0.923879532511,8.419035512033E-17,0.382683432365)
  );
#9594 = ADVANCED_FACE('',(#9595),#9613,.F.);
#9595 = FACE_BOUND('',#9596,.T.);
#9596 = EDGE_LOOP('',(#9597,#9604,#9605,#9612));
#9597 = ORIENTED_EDGE('',*,*,#9598,.T.);
#9598 = EDGE_CURVE('',#8719,#9566,#9599,.T.);
#9599 = CIRCLE('',#9600,0.362132034356);
#9600 = AXIS2_PLACEMENT_3D('',#9601,#9602,#9603);
#9601 = CARTESIAN_POINT('',(1.77,1.125,0.472132034356));
#9602 = DIRECTION('',(0.,-1.,2.2E-16));
#9603 = DIRECTION('',(-1.,2.354E-31,1.07E-15));
#9604 = ORIENTED_EDGE('',*,*,#9574,.T.);
#9605 = ORIENTED_EDGE('',*,*,#9606,.F.);
#9606 = EDGE_CURVE('',#8734,#9575,#9607,.T.);
#9607 = CIRCLE('',#9608,6.213203435594E-02);
#9608 = AXIS2_PLACEMENT_3D('',#9609,#9610,#9611);
#9609 = CARTESIAN_POINT('',(1.77,1.125,0.472132034356));
#9610 = DIRECTION('',(0.,-1.,2.2E-16));
#9611 = DIRECTION('',(-1.,-3.938E-31,-1.79E-15));
#9612 = ORIENTED_EDGE('',*,*,#8741,.F.);
#9613 = PLANE('',#9614);
#9614 = AXIS2_PLACEMENT_3D('',#9615,#9616,#9617);
#9615 = CARTESIAN_POINT('',(1.851179415022,1.125,0.668116479087));
#9616 = DIRECTION('',(0.,1.,-2.2E-16));
#9617 = DIRECTION('',(0.923879532511,-8.419035512033E-17,-0.382683432365
    ));
#9618 = ADVANCED_FACE('',(#9619),#9625,.T.);
#9619 = FACE_BOUND('',#9620,.F.);
#9620 = EDGE_LOOP('',(#9621,#9622,#9623,#9624));
#9621 = ORIENTED_EDGE('',*,*,#8815,.F.);
#9622 = ORIENTED_EDGE('',*,*,#8805,.F.);
#9623 = ORIENTED_EDGE('',*,*,#8845,.F.);
#9624 = ORIENTED_EDGE('',*,*,#9468,.F.);
#9625 = PLANE('',#9626);
#9626 = AXIS2_PLACEMENT_3D('',#9627,#9628,#9629);
#9627 = CARTESIAN_POINT('',(2.38,-1.275,0.15));
#9628 = DIRECTION('',(-0.,-2.2E-16,-1.));
#9629 = DIRECTION('',(0.,-1.,2.2E-16));
#9630 = ADVANCED_FACE('',(#9631),#9637,.T.);
#9631 = FACE_BOUND('',#9632,.T.);
#9632 = EDGE_LOOP('',(#9633,#9634,#9635,#9636));
#9633 = ORIENTED_EDGE('',*,*,#8822,.T.);
#9634 = ORIENTED_EDGE('',*,*,#8830,.T.);
#9635 = ORIENTED_EDGE('',*,*,#8838,.T.);
#9636 = ORIENTED_EDGE('',*,*,#9508,.F.);
#9637 = PLANE('',#9638);
#9638 = AXIS2_PLACEMENT_3D('',#9639,#9640,#9641);
#9639 = CARTESIAN_POINT('',(1.16,-1.275,0.15));
#9640 = DIRECTION('',(-0.,-2.2E-16,-1.));
#9641 = DIRECTION('',(0.,1.,-2.2E-16));
#9642 = ADVANCED_FACE('',(#9643),#9654,.F.);
#9643 = FACE_BOUND('',#9644,.T.);
#9644 = EDGE_LOOP('',(#9645,#9646,#9652,#9653));
#9645 = ORIENTED_EDGE('',*,*,#9099,.F.);
#9646 = ORIENTED_EDGE('',*,*,#9647,.F.);
#9647 = EDGE_CURVE('',#9017,#9100,#9648,.T.);
#9648 = LINE('',#9649,#9650);
#9649 = CARTESIAN_POINT('',(4.47,-1.625,1.65));
#9650 = VECTOR('',#9651,1.);
#9651 = DIRECTION('',(-1.,-0.,-0.));
#9652 = ORIENTED_EDGE('',*,*,#9024,.T.);
#9653 = ORIENTED_EDGE('',*,*,#9048,.T.);
#9654 = PLANE('',#9655);
#9655 = AXIS2_PLACEMENT_3D('',#9656,#9657,#9658);
#9656 = CARTESIAN_POINT('',(3.202372881356,-0.867372881356,1.65));
#9657 = DIRECTION('',(-0.,-1.E-17,1.));
#9658 = DIRECTION('',(0.,-1.,-1.E-17));
#9659 = ADVANCED_FACE('',(#9660),#9808,.T.);
#9660 = FACE_BOUND('',#9661,.F.);
#9661 = EDGE_LOOP('',(#9662,#9672,#9679,#9680,#9681,#9682,#9691,#9699,
    #9708,#9716,#9725,#9734,#9742,#9751,#9759,#9768,#9776,#9785,#9793,
    #9802));
#9662 = ORIENTED_EDGE('',*,*,#9663,.F.);
#9663 = EDGE_CURVE('',#9664,#9666,#9668,.T.);
#9664 = VERTEX_POINT('',#9665);
#9665 = CARTESIAN_POINT('',(4.47,-1.475,1.5));
#9666 = VERTEX_POINT('',#9667);
#9667 = CARTESIAN_POINT('',(4.47,-1.475,-1.E-15));
#9668 = LINE('',#9669,#9670);
#9669 = CARTESIAN_POINT('',(4.47,-1.475,1.65));
#9670 = VECTOR('',#9671,1.);
#9671 = DIRECTION('',(0.,1.E-17,-1.));
#9672 = ORIENTED_EDGE('',*,*,#9673,.F.);
#9673 = EDGE_CURVE('',#9017,#9664,#9674,.T.);
#9674 = CIRCLE('',#9675,0.15);
#9675 = AXIS2_PLACEMENT_3D('',#9676,#9677,#9678);
#9676 = CARTESIAN_POINT('',(4.47,-1.625,1.5));
#9677 = DIRECTION('',(-1.,0.,0.));
#9678 = DIRECTION('',(0.,-1.,2.2E-16));
#9679 = ORIENTED_EDGE('',*,*,#9016,.F.);
#9680 = ORIENTED_EDGE('',*,*,#9008,.F.);
#9681 = ORIENTED_EDGE('',*,*,#9000,.F.);
#9682 = ORIENTED_EDGE('',*,*,#9683,.T.);
#9683 = EDGE_CURVE('',#8993,#9684,#9686,.T.);
#9684 = VERTEX_POINT('',#9685);
#9685 = CARTESIAN_POINT('',(4.47,-0.175,1.5));
#9686 = CIRCLE('',#9687,0.15);
#9687 = AXIS2_PLACEMENT_3D('',#9688,#9689,#9690);
#9688 = CARTESIAN_POINT('',(4.47,-2.5E-02,1.5));
#9689 = DIRECTION('',(1.,-0.,0.));
#9690 = DIRECTION('',(0.,1.,-2.2E-16));
#9691 = ORIENTED_EDGE('',*,*,#9692,.T.);
#9692 = EDGE_CURVE('',#9684,#9693,#9695,.T.);
#9693 = VERTEX_POINT('',#9694);
#9694 = CARTESIAN_POINT('',(4.47,-0.175,0.15));
#9695 = LINE('',#9696,#9697);
#9696 = CARTESIAN_POINT('',(4.47,-0.175,1.65));
#9697 = VECTOR('',#9698,1.);
#9698 = DIRECTION('',(0.,1.E-17,-1.));
#9699 = ORIENTED_EDGE('',*,*,#9700,.T.);
#9700 = EDGE_CURVE('',#9693,#9701,#9703,.T.);
#9701 = VERTEX_POINT('',#9702);
#9702 = CARTESIAN_POINT('',(4.47,-0.325,-1.E-15));
#9703 = CIRCLE('',#9704,0.15);
#9704 = AXIS2_PLACEMENT_3D('',#9705,#9706,#9707);
#9705 = CARTESIAN_POINT('',(4.47,-0.325,0.15));
#9706 = DIRECTION('',(-1.,0.,2.2E-16));
#9707 = DIRECTION('',(-2.2E-16,-2.2E-16,-1.));
#9708 = ORIENTED_EDGE('',*,*,#9709,.T.);
#9709 = EDGE_CURVE('',#9701,#9710,#9712,.T.);
#9710 = VERTEX_POINT('',#9711);
#9711 = CARTESIAN_POINT('',(4.47,-0.435,-1.E-15));
#9712 = LINE('',#9713,#9714);
#9713 = CARTESIAN_POINT('',(4.47,0.225,-8.7E-16));
#9714 = VECTOR('',#9715,1.);
#9715 = DIRECTION('',(-2.2E-16,-1.,2.2E-16));
#9716 = ORIENTED_EDGE('',*,*,#9717,.T.);
#9717 = EDGE_CURVE('',#9710,#9718,#9720,.T.);
#9718 = VERTEX_POINT('',#9719);
#9719 = CARTESIAN_POINT('',(4.47,-0.555,4.970562748477E-02));
#9720 = CIRCLE('',#9721,0.169705627485);
#9721 = AXIS2_PLACEMENT_3D('',#9722,#9723,#9724);
#9722 = CARTESIAN_POINT('',(4.47,-0.435,0.169705627485));
#9723 = DIRECTION('',(-1.,2.2E-16,2.2E-16));
#9724 = DIRECTION('',(-2.2E-16,-2.2E-16,-1.));
#9725 = ORIENTED_EDGE('',*,*,#9726,.F.);
#9726 = EDGE_CURVE('',#9727,#9718,#9729,.T.);
#9727 = VERTEX_POINT('',#9728);
#9728 = CARTESIAN_POINT('',(4.47,-0.675,-1.E-15));
#9729 = CIRCLE('',#9730,7.029437251523E-02);
#9730 = AXIS2_PLACEMENT_3D('',#9731,#9732,#9733);
#9731 = CARTESIAN_POINT('',(4.47,-0.604705627485,-6.8E-16));
#9732 = DIRECTION('',(-1.,2.2E-16,2.2E-16));
#9733 = DIRECTION('',(-2.2E-16,-2.2E-16,-1.));
#9734 = ORIENTED_EDGE('',*,*,#9735,.F.);
#9735 = EDGE_CURVE('',#9736,#9727,#9738,.T.);
#9736 = VERTEX_POINT('',#9737);
#9737 = CARTESIAN_POINT('',(4.47,-0.675,-0.43));
#9738 = LINE('',#9739,#9740);
#9739 = CARTESIAN_POINT('',(4.47,-0.675,-0.43));
#9740 = VECTOR('',#9741,1.);
#9741 = DIRECTION('',(2.2E-16,2.2E-16,1.));
#9742 = ORIENTED_EDGE('',*,*,#9743,.T.);
#9743 = EDGE_CURVE('',#9736,#9744,#9746,.T.);
#9744 = VERTEX_POINT('',#9745);
#9745 = CARTESIAN_POINT('',(4.47,-0.712669238725,-0.63));
#9746 = CIRCLE('',#9747,0.549771815781);
#9747 = AXIS2_PLACEMENT_3D('',#9748,#9749,#9750);
#9748 = CARTESIAN_POINT('',(4.47,-1.224771815781,-0.43));
#9749 = DIRECTION('',(-1.,2.2E-16,2.2E-16));
#9750 = DIRECTION('',(-2.2E-16,-2.2E-16,-1.));
#9751 = ORIENTED_EDGE('',*,*,#9752,.F.);
#9752 = EDGE_CURVE('',#9753,#9744,#9755,.T.);
#9753 = VERTEX_POINT('',#9754);
#9754 = CARTESIAN_POINT('',(4.47,-0.798589524956,-0.85));
#9755 = LINE('',#9756,#9757);
#9756 = CARTESIAN_POINT('',(4.47,-0.798589524956,-0.85));
#9757 = VECTOR('',#9758,1.);
#9758 = DIRECTION('',(2.9E-16,0.363787291853,0.93148204829));
#9759 = ORIENTED_EDGE('',*,*,#9760,.T.);
#9760 = EDGE_CURVE('',#9753,#9761,#9763,.T.);
#9761 = VERTEX_POINT('',#9762);
#9762 = CARTESIAN_POINT('',(4.47,-0.945,-0.95));
#9763 = CIRCLE('',#9764,0.157180136013);
#9764 = AXIS2_PLACEMENT_3D('',#9765,#9766,#9767);
#9765 = CARTESIAN_POINT('',(4.47,-0.945,-0.792819863987));
#9766 = DIRECTION('',(-1.,2.2E-16,2.2E-16));
#9767 = DIRECTION('',(-2.2E-16,-2.2E-16,-1.));
#9768 = ORIENTED_EDGE('',*,*,#9769,.F.);
#9769 = EDGE_CURVE('',#9770,#9761,#9772,.T.);
#9770 = VERTEX_POINT('',#9771);
#9771 = CARTESIAN_POINT('',(4.47,-1.205,-0.95));
#9772 = LINE('',#9773,#9774);
#9773 = CARTESIAN_POINT('',(4.47,-1.205,-0.95));
#9774 = VECTOR('',#9775,1.);
#9775 = DIRECTION('',(2.2E-16,1.,-2.2E-16));
#9776 = ORIENTED_EDGE('',*,*,#9777,.T.);
#9777 = EDGE_CURVE('',#9770,#9778,#9780,.T.);
#9778 = VERTEX_POINT('',#9779);
#9779 = CARTESIAN_POINT('',(4.47,-1.351410475044,-0.85));
#9780 = CIRCLE('',#9781,0.157180136013);
#9781 = AXIS2_PLACEMENT_3D('',#9782,#9783,#9784);
#9782 = CARTESIAN_POINT('',(4.47,-1.205,-0.792819863987));
#9783 = DIRECTION('',(-1.,2.2E-16,2.2E-16));
#9784 = DIRECTION('',(-2.2E-16,-2.2E-16,-1.));
#9785 = ORIENTED_EDGE('',*,*,#9786,.F.);
#9786 = EDGE_CURVE('',#9787,#9778,#9789,.T.);
#9787 = VERTEX_POINT('',#9788);
#9788 = CARTESIAN_POINT('',(4.47,-1.437330761275,-0.63));
#9789 = LINE('',#9790,#9791);
#9790 = CARTESIAN_POINT('',(4.47,-1.437330761275,-0.63));
#9791 = VECTOR('',#9792,1.);
#9792 = DIRECTION('',(-1.3E-16,0.363787291853,-0.93148204829));
#9793 = ORIENTED_EDGE('',*,*,#9794,.T.);
#9794 = EDGE_CURVE('',#9787,#9795,#9797,.T.);
#9795 = VERTEX_POINT('',#9796);
#9796 = CARTESIAN_POINT('',(4.47,-1.475,-0.43));
#9797 = CIRCLE('',#9798,0.549771815781);
#9798 = AXIS2_PLACEMENT_3D('',#9799,#9800,#9801);
#9799 = CARTESIAN_POINT('',(4.47,-0.925228184219,-0.43));
#9800 = DIRECTION('',(-1.,2.2E-16,2.2E-16));
#9801 = DIRECTION('',(-2.2E-16,-2.2E-16,-1.));
#9802 = ORIENTED_EDGE('',*,*,#9803,.F.);
#9803 = EDGE_CURVE('',#9666,#9795,#9804,.T.);
#9804 = LINE('',#9805,#9806);
#9805 = CARTESIAN_POINT('',(4.47,-1.475,-4.9E-16));
#9806 = VECTOR('',#9807,1.);
#9807 = DIRECTION('',(-2.2E-16,-2.2E-16,-1.));
#9808 = PLANE('',#9809);
#9809 = AXIS2_PLACEMENT_3D('',#9810,#9811,#9812);
#9810 = CARTESIAN_POINT('',(4.47,-0.175,1.65));
#9811 = DIRECTION('',(1.,0.,0.));
#9812 = DIRECTION('',(-0.,1.,1.E-17));
#9813 = ADVANCED_FACE('',(#9814),#9876,.T.);
#9814 = FACE_BOUND('',#9815,.T.);
#9815 = EDGE_LOOP('',(#9816,#9831,#9839,#9852,#9861,#9867,#9868,#9869));
#9816 = ORIENTED_EDGE('',*,*,#9817,.T.);
#9817 = EDGE_CURVE('',#9818,#9820,#9822,.T.);
#9818 = VERTEX_POINT('',#9819);
#9819 = CARTESIAN_POINT('',(4.273127988316,2.975,2.712080465141));
#9820 = VERTEX_POINT('',#9821);
#9821 = CARTESIAN_POINT('',(4.185170055005,3.125,2.835007181099));
#9822 = B_SPLINE_CURVE_WITH_KNOTS('',7,(#9823,#9824,#9825,#9826,#9827,
    #9828,#9829,#9830),.UNSPECIFIED.,.F.,.F.,(8,8),(0.,1.),
  .PIECEWISE_BEZIER_KNOTS.);
#9823 = CARTESIAN_POINT('',(4.273127988316,2.975,2.712080465141));
#9824 = CARTESIAN_POINT('',(4.255116155438,2.975,2.740682838773));
#9825 = CARTESIAN_POINT('',(4.236180983071,2.98384877242,2.768796596856)
  );
#9826 = CARTESIAN_POINT('',(4.217836773447,3.001560595135,2.794005959789
    ));
#9827 = CARTESIAN_POINT('',(4.202018150951,3.026942094834,2.81417829515)
  );
#9828 = CARTESIAN_POINT('',(4.190782914416,3.057802094131,2.828068460405
    ));
#9829 = CARTESIAN_POINT('',(4.185170055005,3.091408514908,2.835007181099
    ));
#9830 = CARTESIAN_POINT('',(4.185170055005,3.125,2.835007181099));
#9831 = ORIENTED_EDGE('',*,*,#9832,.F.);
#9832 = EDGE_CURVE('',#9833,#9820,#9835,.T.);
#9833 = VERTEX_POINT('',#9834);
#9834 = CARTESIAN_POINT('',(4.185170055005,3.505,2.835007181099));
#9835 = LINE('',#9836,#9837);
#9836 = CARTESIAN_POINT('',(4.185170055005,-3.675,2.835007181099));
#9837 = VECTOR('',#9838,1.);
#9838 = DIRECTION('',(0.,-1.,1.1E-16));
#9839 = ORIENTED_EDGE('',*,*,#9840,.T.);
#9840 = EDGE_CURVE('',#9833,#9841,#9843,.T.);
#9841 = VERTEX_POINT('',#9842);
#9842 = CARTESIAN_POINT('',(4.080897987335,3.655,2.94907604482));
#9843 = B_SPLINE_CURVE_WITH_KNOTS('',7,(#9844,#9845,#9846,#9847,#9848,
    #9849,#9850,#9851),.UNSPECIFIED.,.F.,.F.,(8,8),(0.,1.),
  .PIECEWISE_BEZIER_KNOTS.);
#9844 = CARTESIAN_POINT('',(4.185170055005,3.505,2.835007181099));
#9845 = CARTESIAN_POINT('',(4.185170055005,3.538610316574,2.835007181099
    ));
#9846 = CARTESIAN_POINT('',(4.179551230761,3.572246840026,2.841954045556
    ));
#9847 = CARTESIAN_POINT('',(4.168294238929,3.603135959511,2.855865985796
    ));
#9848 = CARTESIAN_POINT('',(4.151754459514,3.628515289517,2.875702018517
    ));
#9849 = CARTESIAN_POINT('',(4.130545949646,3.646184748977,2.899370584482
    ));
#9850 = CARTESIAN_POINT('',(4.106229442044,3.655,2.924521230076));
#9851 = CARTESIAN_POINT('',(4.080897987335,3.655,2.94907604482));
#9852 = ORIENTED_EDGE('',*,*,#9853,.F.);
#9853 = EDGE_CURVE('',#9854,#9841,#9856,.T.);
#9854 = VERTEX_POINT('',#9855);
#9855 = CARTESIAN_POINT('',(3.19,3.655,3.31));
#9856 = CIRCLE('',#9857,1.28);
#9857 = AXIS2_PLACEMENT_3D('',#9858,#9859,#9860);
#9858 = CARTESIAN_POINT('',(3.19,3.655,2.03));
#9859 = DIRECTION('',(0.,1.,-2.2E-16));
#9860 = DIRECTION('',(-1.,0.,0.));
#9861 = ORIENTED_EDGE('',*,*,#9862,.F.);
#9862 = EDGE_CURVE('',#9243,#9854,#9863,.T.);
#9863 = LINE('',#9864,#9865);
#9864 = CARTESIAN_POINT('',(3.19,-3.675,3.31));
#9865 = VECTOR('',#9866,1.);
#9866 = DIRECTION('',(0.,1.,-2.2E-16));
#9867 = ORIENTED_EDGE('',*,*,#9242,.T.);
#9868 = ORIENTED_EDGE('',*,*,#8894,.T.);
#9869 = ORIENTED_EDGE('',*,*,#9870,.F.);
#9870 = EDGE_CURVE('',#9818,#8895,#9871,.T.);
#9871 = CIRCLE('',#9872,1.28);
#9872 = AXIS2_PLACEMENT_3D('',#9873,#9874,#9875);
#9873 = CARTESIAN_POINT('',(3.19,2.975,2.03));
#9874 = DIRECTION('',(0.,1.,-1.1E-16));
#9875 = DIRECTION('',(-1.,0.,0.));
#9876 = CYLINDRICAL_SURFACE('',#9877,1.28);
#9877 = AXIS2_PLACEMENT_3D('',#9878,#9879,#9880);
#9878 = CARTESIAN_POINT('',(3.19,-3.675,2.03));
#9879 = DIRECTION('',(0.,-1.,2.2E-16));
#9880 = DIRECTION('',(-1.,0.,0.));
#9881 = ADVANCED_FACE('',(#9882),#9908,.T.);
#9882 = FACE_BOUND('',#9883,.F.);
#9883 = EDGE_LOOP('',(#9884,#9885,#9891,#9892,#9893,#9901));
#9884 = ORIENTED_EDGE('',*,*,#9072,.F.);
#9885 = ORIENTED_EDGE('',*,*,#9886,.F.);
#9886 = EDGE_CURVE('',#8903,#9073,#9887,.T.);
#9887 = LINE('',#9888,#9889);
#9888 = CARTESIAN_POINT('',(4.47,2.975,1.88));
#9889 = VECTOR('',#9890,1.);
#9890 = DIRECTION('',(-1.,-0.,-0.));
#9891 = ORIENTED_EDGE('',*,*,#8902,.F.);
#9892 = ORIENTED_EDGE('',*,*,#9870,.F.);
#9893 = ORIENTED_EDGE('',*,*,#9894,.T.);
#9894 = EDGE_CURVE('',#9818,#9895,#9897,.T.);
#9895 = VERTEX_POINT('',#9896);
#9896 = CARTESIAN_POINT('',(4.008762854678,2.975,2.568541909047));
#9897 = LINE('',#9898,#9899);
#9898 = CARTESIAN_POINT('',(4.256743869044,2.975,2.703184614199));
#9899 = VECTOR('',#9900,1.);
#9900 = DIRECTION('',(-0.878817112662,-1.6E-16,-0.47715876026));
#9901 = ORIENTED_EDGE('',*,*,#9902,.T.);
#9902 = EDGE_CURVE('',#9895,#9075,#9903,.T.);
#9903 = CIRCLE('',#9904,0.98);
#9904 = AXIS2_PLACEMENT_3D('',#9905,#9906,#9907);
#9905 = CARTESIAN_POINT('',(3.19,2.975,2.03));
#9906 = DIRECTION('',(0.,1.,-1.1E-16));
#9907 = DIRECTION('',(-1.,0.,0.));
#9908 = PLANE('',#9909);
#9909 = AXIS2_PLACEMENT_3D('',#9910,#9911,#9912);
#9910 = CARTESIAN_POINT('',(4.364787062796,2.975,2.356983823237));
#9911 = DIRECTION('',(0.,1.,2.2E-16));
#9912 = DIRECTION('',(0.,2.2E-16,-1.));
#9913 = ADVANCED_FACE('',(#9914),#9925,.F.);
#9914 = FACE_BOUND('',#9915,.F.);
#9915 = EDGE_LOOP('',(#9916,#9917,#9918,#9924));
#9916 = ORIENTED_EDGE('',*,*,#9886,.T.);
#9917 = ORIENTED_EDGE('',*,*,#9198,.T.);
#9918 = ORIENTED_EDGE('',*,*,#9919,.F.);
#9919 = EDGE_CURVE('',#8911,#9191,#9920,.T.);
#9920 = LINE('',#9921,#9922);
#9921 = CARTESIAN_POINT('',(4.47,3.125,1.73));
#9922 = VECTOR('',#9923,1.);
#9923 = DIRECTION('',(-1.,-0.,-0.));
#9924 = ORIENTED_EDGE('',*,*,#8910,.F.);
#9925 = CYLINDRICAL_SURFACE('',#9926,0.15);
#9926 = AXIS2_PLACEMENT_3D('',#9927,#9928,#9929);
#9927 = CARTESIAN_POINT('',(4.47,3.125,1.88));
#9928 = DIRECTION('',(-1.,-0.,-0.));
#9929 = DIRECTION('',(0.,-1.,-1.1E-16));
#9930 = ADVANCED_FACE('',(#9931),#9942,.F.);
#9931 = FACE_BOUND('',#9932,.T.);
#9932 = EDGE_LOOP('',(#9933,#9934,#9935,#9936));
#9933 = ORIENTED_EDGE('',*,*,#9131,.F.);
#9934 = ORIENTED_EDGE('',*,*,#9342,.T.);
#9935 = ORIENTED_EDGE('',*,*,#8992,.T.);
#9936 = ORIENTED_EDGE('',*,*,#9937,.F.);
#9937 = EDGE_CURVE('',#9124,#8993,#9938,.T.);
#9938 = LINE('',#9939,#9940);
#9939 = CARTESIAN_POINT('',(4.17,-2.5E-02,1.65));
#9940 = VECTOR('',#9941,1.);
#9941 = DIRECTION('',(1.,0.,0.));
#9942 = PLANE('',#9943);
#9943 = AXIS2_PLACEMENT_3D('',#9944,#9945,#9946);
#9944 = CARTESIAN_POINT('',(3.202372881356,-0.867372881356,1.65));
#9945 = DIRECTION('',(-0.,-1.E-17,1.));
#9946 = DIRECTION('',(0.,-1.,-1.E-17));
#9947 = ADVANCED_FACE('',(#9948),#9959,.T.);
#9948 = FACE_BOUND('',#9949,.F.);
#9949 = EDGE_LOOP('',(#9950,#9951,#9957,#9958));
#9950 = ORIENTED_EDGE('',*,*,#9190,.F.);
#9951 = ORIENTED_EDGE('',*,*,#9952,.F.);
#9952 = EDGE_CURVE('',#8920,#9182,#9953,.T.);
#9953 = LINE('',#9954,#9955);
#9954 = CARTESIAN_POINT('',(4.47,3.505,1.73));
#9955 = VECTOR('',#9956,1.);
#9956 = DIRECTION('',(-1.,-0.,-0.));
#9957 = ORIENTED_EDGE('',*,*,#8919,.F.);
#9958 = ORIENTED_EDGE('',*,*,#9919,.T.);
#9959 = PLANE('',#9960);
#9960 = AXIS2_PLACEMENT_3D('',#9961,#9962,#9963);
#9961 = CARTESIAN_POINT('',(5.833541772067,3.655,1.73));
#9962 = DIRECTION('',(0.,-1.1E-16,1.));
#9963 = DIRECTION('',(1.,0.,0.));
#9964 = ADVANCED_FACE('',(#9965),#9976,.T.);
#9965 = FACE_BOUND('',#9966,.T.);
#9966 = EDGE_LOOP('',(#9967,#9968,#9974,#9975));
#9967 = ORIENTED_EDGE('',*,*,#8927,.T.);
#9968 = ORIENTED_EDGE('',*,*,#9969,.T.);
#9969 = EDGE_CURVE('',#8928,#9174,#9970,.T.);
#9970 = LINE('',#9971,#9972);
#9971 = CARTESIAN_POINT('',(4.47,3.655,1.58));
#9972 = VECTOR('',#9973,1.);
#9973 = DIRECTION('',(-1.,-0.,-0.));
#9974 = ORIENTED_EDGE('',*,*,#9181,.F.);
#9975 = ORIENTED_EDGE('',*,*,#9952,.F.);
#9976 = CYLINDRICAL_SURFACE('',#9977,0.15);
#9977 = AXIS2_PLACEMENT_3D('',#9978,#9979,#9980);
#9978 = CARTESIAN_POINT('',(4.47,3.505,1.58));
#9979 = DIRECTION('',(-1.,-0.,-0.));
#9980 = DIRECTION('',(-0.,0.,1.));
#9981 = ADVANCED_FACE('',(#9982),#9993,.T.);
#9982 = FACE_BOUND('',#9983,.F.);
#9983 = EDGE_LOOP('',(#9984,#9985,#9986,#9987));
#9984 = ORIENTED_EDGE('',*,*,#8936,.F.);
#9985 = ORIENTED_EDGE('',*,*,#9969,.T.);
#9986 = ORIENTED_EDGE('',*,*,#9173,.F.);
#9987 = ORIENTED_EDGE('',*,*,#9988,.T.);
#9988 = EDGE_CURVE('',#9166,#8937,#9989,.T.);
#9989 = LINE('',#9990,#9991);
#9990 = CARTESIAN_POINT('',(0.,3.655,1.43));
#9991 = VECTOR('',#9992,1.);
#9992 = DIRECTION('',(1.,0.,0.));
#9993 = PLANE('',#9994);
#9994 = AXIS2_PLACEMENT_3D('',#9995,#9996,#9997);
#9995 = CARTESIAN_POINT('',(2.453655549214,3.655,1.73));
#9996 = DIRECTION('',(0.,1.,0.));
#9997 = DIRECTION('',(0.,0.,-1.));
#9998 = ADVANCED_FACE('',(#9999),#10102,.T.);
#9999 = FACE_BOUND('',#10000,.F.);
#10000 = EDGE_LOOP('',(#10001,#10011,#10018,#10019,#10020,#10028,#10036,
    #10045,#10053,#10062,#10070,#10079,#10087,#10096));
#10001 = ORIENTED_EDGE('',*,*,#10002,.F.);
#10002 = EDGE_CURVE('',#10003,#10005,#10007,.T.);
#10003 = VERTEX_POINT('',#10004);
#10004 = CARTESIAN_POINT('',(4.47,2.555,1.28));
#10005 = VERTEX_POINT('',#10006);
#10006 = CARTESIAN_POINT('',(4.47,2.555,0.1));
#10007 = LINE('',#10008,#10009);
#10008 = CARTESIAN_POINT('',(4.47,2.555,1.43));
#10009 = VECTOR('',#10010,1.);
#10010 = DIRECTION('',(-0.,-0.,-1.));
#10011 = ORIENTED_EDGE('',*,*,#10012,.F.);
#10012 = EDGE_CURVE('',#8953,#10003,#10013,.T.);
#10013 = CIRCLE('',#10014,0.15);
#10014 = AXIS2_PLACEMENT_3D('',#10015,#10016,#10017);
#10015 = CARTESIAN_POINT('',(4.47,2.405,1.28));
#10016 = DIRECTION('',(-1.,0.,0.));
#10017 = DIRECTION('',(0.,-1.,2.2E-16));
#10018 = ORIENTED_EDGE('',*,*,#8952,.T.);
#10019 = ORIENTED_EDGE('',*,*,#8944,.T.);
#10020 = ORIENTED_EDGE('',*,*,#10021,.T.);
#10021 = EDGE_CURVE('',#8937,#10022,#10024,.T.);
#10022 = VERTEX_POINT('',#10023);
#10023 = CARTESIAN_POINT('',(4.47,3.655,0.1));
#10024 = LINE('',#10025,#10026);
#10025 = CARTESIAN_POINT('',(4.47,3.655,1.43));
#10026 = VECTOR('',#10027,1.);
#10027 = DIRECTION('',(-0.,-0.,-1.));
#10028 = ORIENTED_EDGE('',*,*,#10029,.T.);
#10029 = EDGE_CURVE('',#10022,#10030,#10032,.T.);
#10030 = VERTEX_POINT('',#10031);
#10031 = CARTESIAN_POINT('',(4.47,3.655,-0.33));
#10032 = LINE('',#10033,#10034);
#10033 = CARTESIAN_POINT('',(4.47,3.655,0.1));
#10034 = VECTOR('',#10035,1.);
#10035 = DIRECTION('',(-2.2E-16,-2.2E-16,-1.));
#10036 = ORIENTED_EDGE('',*,*,#10037,.T.);
#10037 = EDGE_CURVE('',#10030,#10038,#10040,.T.);
#10038 = VERTEX_POINT('',#10039);
#10039 = CARTESIAN_POINT('',(4.47,3.603108762905,-0.53));
#10040 = CIRCLE('',#10041,0.411367148648);
#10041 = AXIS2_PLACEMENT_3D('',#10042,#10043,#10044);
#10042 = CARTESIAN_POINT('',(4.47,3.243632851352,-0.33));
#10043 = DIRECTION('',(-1.,2.2E-16,2.2E-16));
#10044 = DIRECTION('',(-2.2E-16,-2.2E-16,-1.));
#10045 = ORIENTED_EDGE('',*,*,#10046,.T.);
#10046 = EDGE_CURVE('',#10038,#10047,#10049,.T.);
#10047 = VERTEX_POINT('',#10048);
#10048 = CARTESIAN_POINT('',(4.47,3.425071798694,-0.85));
#10049 = LINE('',#10050,#10051);
#10050 = CARTESIAN_POINT('',(4.47,3.603108762905,-0.53));
#10051 = VECTOR('',#10052,1.);
#10052 = DIRECTION('',(-3.E-16,-0.486183694195,-0.873856633264));
#10053 = ORIENTED_EDGE('',*,*,#10054,.T.);
#10054 = EDGE_CURVE('',#10047,#10055,#10057,.T.);
#10055 = VERTEX_POINT('',#10056);
#10056 = CARTESIAN_POINT('',(4.47,3.255,-0.95));
#10057 = CIRCLE('',#10058,0.194622083554);
#10058 = AXIS2_PLACEMENT_3D('',#10059,#10060,#10061);
#10059 = CARTESIAN_POINT('',(4.47,3.255,-0.755377916446));
#10060 = DIRECTION('',(-1.,2.2E-16,2.2E-16));
#10061 = DIRECTION('',(-2.2E-16,-2.2E-16,-1.));
#10062 = ORIENTED_EDGE('',*,*,#10063,.F.);
#10063 = EDGE_CURVE('',#10064,#10055,#10066,.T.);
#10064 = VERTEX_POINT('',#10065);
#10065 = CARTESIAN_POINT('',(4.47,2.955,-0.95));
#10066 = LINE('',#10067,#10068);
#10067 = CARTESIAN_POINT('',(4.47,2.955,-0.95));
#10068 = VECTOR('',#10069,1.);
#10069 = DIRECTION('',(2.2E-16,1.,-2.2E-16));
#10070 = ORIENTED_EDGE('',*,*,#10071,.T.);
#10071 = EDGE_CURVE('',#10064,#10072,#10074,.T.);
#10072 = VERTEX_POINT('',#10073);
#10073 = CARTESIAN_POINT('',(4.47,2.784928201306,-0.85));
#10074 = CIRCLE('',#10075,0.194622083554);
#10075 = AXIS2_PLACEMENT_3D('',#10076,#10077,#10078);
#10076 = CARTESIAN_POINT('',(4.47,2.955,-0.755377916446));
#10077 = DIRECTION('',(-1.,2.2E-16,2.2E-16));
#10078 = DIRECTION('',(-2.2E-16,-2.2E-16,-1.));
#10079 = ORIENTED_EDGE('',*,*,#10080,.T.);
#10080 = EDGE_CURVE('',#10072,#10081,#10083,.T.);
#10081 = VERTEX_POINT('',#10082);
#10082 = CARTESIAN_POINT('',(4.47,2.606891237095,-0.53));
#10083 = LINE('',#10084,#10085);
#10084 = CARTESIAN_POINT('',(4.47,2.784928201306,-0.85));
#10085 = VECTOR('',#10086,1.);
#10086 = DIRECTION('',(9.E-17,-0.486183694195,0.873856633264));
#10087 = ORIENTED_EDGE('',*,*,#10088,.T.);
#10088 = EDGE_CURVE('',#10081,#10089,#10091,.T.);
#10089 = VERTEX_POINT('',#10090);
#10090 = CARTESIAN_POINT('',(4.47,2.555,-0.33));
#10091 = CIRCLE('',#10092,0.411367148648);
#10092 = AXIS2_PLACEMENT_3D('',#10093,#10094,#10095);
#10093 = CARTESIAN_POINT('',(4.47,2.966367148648,-0.33));
#10094 = DIRECTION('',(-1.,2.2E-16,2.2E-16));
#10095 = DIRECTION('',(-2.2E-16,-2.2E-16,-1.));
#10096 = ORIENTED_EDGE('',*,*,#10097,.F.);
#10097 = EDGE_CURVE('',#10005,#10089,#10098,.T.);
#10098 = LINE('',#10099,#10100);
#10099 = CARTESIAN_POINT('',(4.47,2.555,0.1));
#10100 = VECTOR('',#10101,1.);
#10101 = DIRECTION('',(-2.2E-16,-2.2E-16,-1.));
#10102 = PLANE('',#10103);
#10103 = AXIS2_PLACEMENT_3D('',#10104,#10105,#10106);
#10104 = CARTESIAN_POINT('',(4.47,3.655,1.43));
#10105 = DIRECTION('',(1.,0.,0.));
#10106 = DIRECTION('',(-0.,1.,0.));
#10107 = ADVANCED_FACE('',(#10108),#10119,.F.);
#10108 = FACE_BOUND('',#10109,.T.);
#10109 = EDGE_LOOP('',(#10110,#10111,#10112,#10113));
#10110 = ORIENTED_EDGE('',*,*,#8960,.F.);
#10111 = ORIENTED_EDGE('',*,*,#9325,.T.);
#10112 = ORIENTED_EDGE('',*,*,#9149,.T.);
#10113 = ORIENTED_EDGE('',*,*,#10114,.F.);
#10114 = EDGE_CURVE('',#8953,#9150,#10115,.T.);
#10115 = LINE('',#10116,#10117);
#10116 = CARTESIAN_POINT('',(4.47,2.405,1.43));
#10117 = VECTOR('',#10118,1.);
#10118 = DIRECTION('',(-1.,-0.,-0.));
#10119 = PLANE('',#10120);
#10120 = AXIS2_PLACEMENT_3D('',#10121,#10122,#10123);
#10121 = CARTESIAN_POINT('',(2.235,2.9,1.43));
#10122 = DIRECTION('',(0.,0.,1.));
#10123 = DIRECTION('',(0.,-1.,0.));
#10124 = ADVANCED_FACE('',(#10125),#10197,.F.);
#10125 = FACE_BOUND('',#10126,.F.);
#10126 = EDGE_LOOP('',(#10127,#10146,#10154,#10171,#10180,#10188,#10195,
    #10196));
#10127 = ORIENTED_EDGE('',*,*,#10128,.T.);
#10128 = EDGE_CURVE('',#9895,#10129,#10131,.T.);
#10129 = VERTEX_POINT('',#10130);
#10130 = CARTESIAN_POINT('',(3.915643659444,3.125,2.688666288426));
#10131 = B_SPLINE_CURVE_WITH_KNOTS('',7,(#10132,#10133,#10134,#10135,
    #10136,#10137,#10138,#10139,#10140,#10141,#10142,#10143,#10144,
    #10145),.UNSPECIFIED.,.F.,.F.,(8,6,8),(0.,0.340094019063,1.),
  .UNSPECIFIED.);
#10132 = CARTESIAN_POINT('',(4.008762854678,2.975,2.568541909047));
#10133 = CARTESIAN_POINT('',(4.002450126516,2.975,2.578139355864));
#10134 = CARTESIAN_POINT('',(3.995999367444,2.976019042305,
    2.587660979203));
#10135 = CARTESIAN_POINT('',(3.989469843279,2.978057004764,
    2.597014791523));
#10136 = CARTESIAN_POINT('',(3.982929154365,2.981098833127,
    2.606113891833));
#10137 = CARTESIAN_POINT('',(3.976450742765,2.985115288964,2.61487773092
    ));
#10138 = CARTESIAN_POINT('',(3.970111399441,2.990063697583,2.62323337656
    ));
#10139 = CARTESIAN_POINT('',(3.952108648261,3.007191309478,
    2.646413443664));
#10140 = CARTESIAN_POINT('',(3.941042550017,3.021795914339,
    2.659933926057));
#10141 = CARTESIAN_POINT('',(3.931357439303,3.039299196767,
    2.671205661826));
#10142 = CARTESIAN_POINT('',(3.923619688924,3.059120909188,
    2.679879018284));
#10143 = CARTESIAN_POINT('',(3.918302036757,3.08054538924,2.6857376238)
  );
#10144 = CARTESIAN_POINT('',(3.915643659444,3.102773805504,
    2.688666288426));
#10145 = CARTESIAN_POINT('',(3.915643659444,3.125,2.688666288426));
#10146 = ORIENTED_EDGE('',*,*,#10147,.F.);
#10147 = EDGE_CURVE('',#10148,#10129,#10150,.T.);
#10148 = VERTEX_POINT('',#10149);
#10149 = CARTESIAN_POINT('',(3.915643659444,3.505,2.688666288426));
#10150 = LINE('',#10151,#10152);
#10151 = CARTESIAN_POINT('',(3.915643659444,-3.675,2.688666288426));
#10152 = VECTOR('',#10153,1.);
#10153 = DIRECTION('',(0.,-1.,1.1E-16));
#10154 = ORIENTED_EDGE('',*,*,#10155,.T.);
#10155 = EDGE_CURVE('',#10148,#10156,#10158,.T.);
#10156 = VERTEX_POINT('',#10157);
#10157 = CARTESIAN_POINT('',(3.800333397571,3.655,2.796741901691));
#10158 = B_SPLINE_CURVE_WITH_KNOTS('',6,(#10159,#10160,#10161,#10162,
    #10163,#10164,#10165,#10166,#10167,#10168,#10169,#10170),
  .UNSPECIFIED.,.F.,.F.,(7,5,7),(0.,0.489172392885,1.),.UNSPECIFIED.);
#10159 = CARTESIAN_POINT('',(3.915643659444,3.505,2.688666288426));
#10160 = CARTESIAN_POINT('',(3.915643659444,3.524251727571,
    2.688666288426));
#10161 = CARTESIAN_POINT('',(3.913592143555,3.543504289991,
    2.690926293188));
#10162 = CARTESIAN_POINT('',(3.909489248468,3.562182567974,
    2.695446954512));
#10163 = CARTESIAN_POINT('',(3.903373111985,3.579713111031,
    2.702077607346));
#10164 = CARTESIAN_POINT('',(3.895323842392,3.595583319391,
    2.710523688846));
#10165 = CARTESIAN_POINT('',(3.875253184795,3.623801592332,
    2.730742365205));
#10166 = CARTESIAN_POINT('',(3.863070351446,3.635964343899,
    2.742646758959));
#10167 = CARTESIAN_POINT('',(3.849144686429,3.645409951894,
    2.755704716179));
#10168 = CARTESIAN_POINT('',(3.833754873446,3.651806994787,2.76940127666
    ));
#10169 = CARTESIAN_POINT('',(3.817311363674,3.655,2.783227289131));
#10170 = CARTESIAN_POINT('',(3.800333397571,3.655,2.796741901691));
#10171 = ORIENTED_EDGE('',*,*,#10172,.F.);
#10172 = EDGE_CURVE('',#10173,#10156,#10175,.T.);
#10173 = VERTEX_POINT('',#10174);
#10174 = CARTESIAN_POINT('',(3.19,3.655,3.01));
#10175 = CIRCLE('',#10176,0.98);
#10176 = AXIS2_PLACEMENT_3D('',#10177,#10178,#10179);
#10177 = CARTESIAN_POINT('',(3.19,3.655,2.03));
#10178 = DIRECTION('',(0.,1.,-2.2E-16));
#10179 = DIRECTION('',(-1.,0.,0.));
#10180 = ORIENTED_EDGE('',*,*,#10181,.F.);
#10181 = EDGE_CURVE('',#10182,#10173,#10184,.T.);
#10182 = VERTEX_POINT('',#10183);
#10183 = CARTESIAN_POINT('',(3.19,-3.375,3.01));
#10184 = LINE('',#10185,#10186);
#10185 = CARTESIAN_POINT('',(3.19,-3.675,3.01));
#10186 = VECTOR('',#10187,1.);
#10187 = DIRECTION('',(0.,1.,-2.2E-16));
#10188 = ORIENTED_EDGE('',*,*,#10189,.T.);
#10189 = EDGE_CURVE('',#10182,#9083,#10190,.T.);
#10190 = CIRCLE('',#10191,0.98);
#10191 = AXIS2_PLACEMENT_3D('',#10192,#10193,#10194);
#10192 = CARTESIAN_POINT('',(3.19,-3.375,2.03));
#10193 = DIRECTION('',(0.,1.,-2.2E-16));
#10194 = DIRECTION('',(4.5E-16,2.2E-16,1.));
#10195 = ORIENTED_EDGE('',*,*,#9082,.T.);
#10196 = ORIENTED_EDGE('',*,*,#9902,.F.);
#10197 = CYLINDRICAL_SURFACE('',#10198,0.98);
#10198 = AXIS2_PLACEMENT_3D('',#10199,#10200,#10201);
#10199 = CARTESIAN_POINT('',(3.19,-3.675,2.03));
#10200 = DIRECTION('',(0.,-1.,2.2E-16));
#10201 = DIRECTION('',(-1.,0.,0.));
#10202 = ADVANCED_FACE('',(#10203),#10214,.F.);
#10203 = FACE_BOUND('',#10204,.T.);
#10204 = EDGE_LOOP('',(#10205,#10211,#10212,#10213));
#10205 = ORIENTED_EDGE('',*,*,#10206,.F.);
#10206 = EDGE_CURVE('',#9083,#9276,#10207,.T.);
#10207 = LINE('',#10208,#10209);
#10208 = CARTESIAN_POINT('',(4.17,-3.375,2.03));
#10209 = VECTOR('',#10210,1.);
#10210 = DIRECTION('',(0.316227766017,-0.948683298051,2.3E-16));
#10211 = ORIENTED_EDGE('',*,*,#9090,.T.);
#10212 = ORIENTED_EDGE('',*,*,#9224,.T.);
#10213 = ORIENTED_EDGE('',*,*,#9284,.F.);
#10214 = PLANE('',#10215);
#10215 = AXIS2_PLACEMENT_3D('',#10216,#10217,#10218);
#10216 = CARTESIAN_POINT('',(4.22,-3.525,2.03));
#10217 = DIRECTION('',(0.948683298051,0.316227766017,-7.E-17));
#10218 = DIRECTION('',(4.07830863536E-19,2.201359436212E-16,1.));
#10219 = ADVANCED_FACE('',(#10220),#10323,.T.);
#10220 = FACE_BOUND('',#10221,.F.);
#10221 = EDGE_LOOP('',(#10222,#10232,#10240,#10249,#10257,#10266,#10274,
    #10283,#10291,#10300,#10308,#10314,#10315,#10316));
#10222 = ORIENTED_EDGE('',*,*,#10223,.T.);
#10223 = EDGE_CURVE('',#10224,#10226,#10228,.T.);
#10224 = VERTEX_POINT('',#10225);
#10225 = CARTESIAN_POINT('',(4.17,2.555,1.28));
#10226 = VERTEX_POINT('',#10227);
#10227 = CARTESIAN_POINT('',(4.17,2.555,0.1));
#10228 = LINE('',#10229,#10230);
#10229 = CARTESIAN_POINT('',(4.17,2.555,1.43));
#10230 = VECTOR('',#10231,1.);
#10231 = DIRECTION('',(-0.,-0.,-1.));
#10232 = ORIENTED_EDGE('',*,*,#10233,.T.);
#10233 = EDGE_CURVE('',#10226,#10234,#10236,.T.);
#10234 = VERTEX_POINT('',#10235);
#10235 = CARTESIAN_POINT('',(4.17,2.555,-0.33));
#10236 = LINE('',#10237,#10238);
#10237 = CARTESIAN_POINT('',(4.17,2.555,1.43));
#10238 = VECTOR('',#10239,1.);
#10239 = DIRECTION('',(-0.,-0.,-1.));
#10240 = ORIENTED_EDGE('',*,*,#10241,.F.);
#10241 = EDGE_CURVE('',#10242,#10234,#10244,.T.);
#10242 = VERTEX_POINT('',#10243);
#10243 = CARTESIAN_POINT('',(4.17,2.606891237095,-0.53));
#10244 = CIRCLE('',#10245,0.411367148648);
#10245 = AXIS2_PLACEMENT_3D('',#10246,#10247,#10248);
#10246 = CARTESIAN_POINT('',(4.17,2.966367148648,-0.33));
#10247 = DIRECTION('',(-1.,0.,2.2E-16));
#10248 = DIRECTION('',(-2.2E-16,-3.3E-16,-1.));
#10249 = ORIENTED_EDGE('',*,*,#10250,.T.);
#10250 = EDGE_CURVE('',#10242,#10251,#10253,.T.);
#10251 = VERTEX_POINT('',#10252);
#10252 = CARTESIAN_POINT('',(4.17,2.784928201306,-0.85));
#10253 = LINE('',#10254,#10255);
#10254 = CARTESIAN_POINT('',(4.17,2.273419085163,6.937602896576E-02));
#10255 = VECTOR('',#10256,1.);
#10256 = DIRECTION('',(0.,0.486183694195,-0.873856633264));
#10257 = ORIENTED_EDGE('',*,*,#10258,.F.);
#10258 = EDGE_CURVE('',#10259,#10251,#10261,.T.);
#10259 = VERTEX_POINT('',#10260);
#10260 = CARTESIAN_POINT('',(4.17,2.955,-0.95));
#10261 = CIRCLE('',#10262,0.194622083554);
#10262 = AXIS2_PLACEMENT_3D('',#10263,#10264,#10265);
#10263 = CARTESIAN_POINT('',(4.17,2.955,-0.755377916446));
#10264 = DIRECTION('',(-1.,0.,2.2E-16));
#10265 = DIRECTION('',(-2.2E-16,-3.3E-16,-1.));
#10266 = ORIENTED_EDGE('',*,*,#10267,.F.);
#10267 = EDGE_CURVE('',#10268,#10259,#10270,.T.);
#10268 = VERTEX_POINT('',#10269);
#10269 = CARTESIAN_POINT('',(4.17,3.255,-0.95));
#10270 = LINE('',#10271,#10272);
#10271 = CARTESIAN_POINT('',(4.17,2.755,-0.95));
#10272 = VECTOR('',#10273,1.);
#10273 = DIRECTION('',(0.,-1.,3.3E-16));
#10274 = ORIENTED_EDGE('',*,*,#10275,.F.);
#10275 = EDGE_CURVE('',#10276,#10268,#10278,.T.);
#10276 = VERTEX_POINT('',#10277);
#10277 = CARTESIAN_POINT('',(4.17,3.425071798694,-0.85));
#10278 = CIRCLE('',#10279,0.194622083554);
#10279 = AXIS2_PLACEMENT_3D('',#10280,#10281,#10282);
#10280 = CARTESIAN_POINT('',(4.17,3.255,-0.755377916446));
#10281 = DIRECTION('',(-1.,0.,2.2E-16));
#10282 = DIRECTION('',(-2.2E-16,-3.3E-16,-1.));
#10283 = ORIENTED_EDGE('',*,*,#10284,.T.);
#10284 = EDGE_CURVE('',#10276,#10285,#10287,.T.);
#10285 = VERTEX_POINT('',#10286);
#10286 = CARTESIAN_POINT('',(4.17,3.603108762905,-0.53));
#10287 = LINE('',#10288,#10289);
#10288 = CARTESIAN_POINT('',(4.17,3.895593375467,-4.294136420415E-03));
#10289 = VECTOR('',#10290,1.);
#10290 = DIRECTION('',(0.,0.486183694195,0.873856633264));
#10291 = ORIENTED_EDGE('',*,*,#10292,.F.);
#10292 = EDGE_CURVE('',#10293,#10285,#10295,.T.);
#10293 = VERTEX_POINT('',#10294);
#10294 = CARTESIAN_POINT('',(4.17,3.655,-0.33));
#10295 = CIRCLE('',#10296,0.411367148648);
#10296 = AXIS2_PLACEMENT_3D('',#10297,#10298,#10299);
#10297 = CARTESIAN_POINT('',(4.17,3.243632851352,-0.33));
#10298 = DIRECTION('',(-1.,0.,2.2E-16));
#10299 = DIRECTION('',(-2.2E-16,-3.3E-16,-1.));
#10300 = ORIENTED_EDGE('',*,*,#10301,.F.);
#10301 = EDGE_CURVE('',#10302,#10293,#10304,.T.);
#10302 = VERTEX_POINT('',#10303);
#10303 = CARTESIAN_POINT('',(4.17,3.655,0.1));
#10304 = LINE('',#10305,#10306);
#10305 = CARTESIAN_POINT('',(4.17,3.655,1.43));
#10306 = VECTOR('',#10307,1.);
#10307 = DIRECTION('',(-0.,-0.,-1.));
#10308 = ORIENTED_EDGE('',*,*,#10309,.F.);
#10309 = EDGE_CURVE('',#9166,#10302,#10310,.T.);
#10310 = LINE('',#10311,#10312);
#10311 = CARTESIAN_POINT('',(4.17,3.655,1.43));
#10312 = VECTOR('',#10313,1.);
#10313 = DIRECTION('',(-0.,-0.,-1.));
#10314 = ORIENTED_EDGE('',*,*,#9165,.F.);
#10315 = ORIENTED_EDGE('',*,*,#9157,.F.);
#10316 = ORIENTED_EDGE('',*,*,#10317,.T.);
#10317 = EDGE_CURVE('',#9150,#10224,#10318,.T.);
#10318 = CIRCLE('',#10319,0.15);
#10319 = AXIS2_PLACEMENT_3D('',#10320,#10321,#10322);
#10320 = CARTESIAN_POINT('',(4.17,2.405,1.28));
#10321 = DIRECTION('',(-1.,0.,0.));
#10322 = DIRECTION('',(0.,-1.,2.2E-16));
#10323 = PLANE('',#10324);
#10324 = AXIS2_PLACEMENT_3D('',#10325,#10326,#10327);
#10325 = CARTESIAN_POINT('',(4.17,2.555,1.43));
#10326 = DIRECTION('',(-1.,-0.,-0.));
#10327 = DIRECTION('',(0.,-1.,0.));
#10328 = ADVANCED_FACE('',(#10329),#10477,.T.);
#10329 = FACE_BOUND('',#10330,.F.);
#10330 = EDGE_LOOP('',(#10331,#10341,#10348,#10349,#10350,#10351,#10360,
    #10368,#10376,#10385,#10393,#10402,#10410,#10419,#10427,#10436,
    #10444,#10453,#10462,#10470));
#10331 = ORIENTED_EDGE('',*,*,#10332,.F.);
#10332 = EDGE_CURVE('',#10333,#10335,#10337,.T.);
#10333 = VERTEX_POINT('',#10334);
#10334 = CARTESIAN_POINT('',(4.17,-0.175,1.5));
#10335 = VERTEX_POINT('',#10336);
#10336 = CARTESIAN_POINT('',(4.17,-0.175,0.15));
#10337 = LINE('',#10338,#10339);
#10338 = CARTESIAN_POINT('',(4.17,-0.175,1.65));
#10339 = VECTOR('',#10340,1.);
#10340 = DIRECTION('',(0.,1.E-17,-1.));
#10341 = ORIENTED_EDGE('',*,*,#10342,.F.);
#10342 = EDGE_CURVE('',#9124,#10333,#10343,.T.);
#10343 = CIRCLE('',#10344,0.15);
#10344 = AXIS2_PLACEMENT_3D('',#10345,#10346,#10347);
#10345 = CARTESIAN_POINT('',(4.17,-2.5E-02,1.5));
#10346 = DIRECTION('',(1.,-0.,0.));
#10347 = DIRECTION('',(0.,1.,-2.2E-16));
#10348 = ORIENTED_EDGE('',*,*,#9123,.F.);
#10349 = ORIENTED_EDGE('',*,*,#9115,.F.);
#10350 = ORIENTED_EDGE('',*,*,#9107,.F.);
#10351 = ORIENTED_EDGE('',*,*,#10352,.T.);
#10352 = EDGE_CURVE('',#9100,#10353,#10355,.T.);
#10353 = VERTEX_POINT('',#10354);
#10354 = CARTESIAN_POINT('',(4.17,-1.475,1.5));
#10355 = CIRCLE('',#10356,0.15);
#10356 = AXIS2_PLACEMENT_3D('',#10357,#10358,#10359);
#10357 = CARTESIAN_POINT('',(4.17,-1.625,1.5));
#10358 = DIRECTION('',(-1.,0.,0.));
#10359 = DIRECTION('',(0.,-1.,2.2E-16));
#10360 = ORIENTED_EDGE('',*,*,#10361,.T.);
#10361 = EDGE_CURVE('',#10353,#10362,#10364,.T.);
#10362 = VERTEX_POINT('',#10363);
#10363 = CARTESIAN_POINT('',(4.17,-1.475,-1.E-15));
#10364 = LINE('',#10365,#10366);
#10365 = CARTESIAN_POINT('',(4.17,-1.475,1.65));
#10366 = VECTOR('',#10367,1.);
#10367 = DIRECTION('',(0.,1.E-17,-1.));
#10368 = ORIENTED_EDGE('',*,*,#10369,.T.);
#10369 = EDGE_CURVE('',#10362,#10370,#10372,.T.);
#10370 = VERTEX_POINT('',#10371);
#10371 = CARTESIAN_POINT('',(4.17,-1.475,-0.43));
#10372 = LINE('',#10373,#10374);
#10373 = CARTESIAN_POINT('',(4.17,-1.475,1.65));
#10374 = VECTOR('',#10375,1.);
#10375 = DIRECTION('',(0.,1.E-17,-1.));
#10376 = ORIENTED_EDGE('',*,*,#10377,.F.);
#10377 = EDGE_CURVE('',#10378,#10370,#10380,.T.);
#10378 = VERTEX_POINT('',#10379);
#10379 = CARTESIAN_POINT('',(4.17,-1.437330761275,-0.63));
#10380 = CIRCLE('',#10381,0.549771815781);
#10381 = AXIS2_PLACEMENT_3D('',#10382,#10383,#10384);
#10382 = CARTESIAN_POINT('',(4.17,-0.925228184219,-0.43));
#10383 = DIRECTION('',(-1.,0.,2.2E-16));
#10384 = DIRECTION('',(-2.2E-16,-3.3E-16,-1.));
#10385 = ORIENTED_EDGE('',*,*,#10386,.F.);
#10386 = EDGE_CURVE('',#10387,#10378,#10389,.T.);
#10387 = VERTEX_POINT('',#10388);
#10388 = CARTESIAN_POINT('',(4.17,-1.351410475044,-0.85));
#10389 = LINE('',#10390,#10391);
#10390 = CARTESIAN_POINT('',(4.17,-1.826125275487,0.365513363367));
#10391 = VECTOR('',#10392,1.);
#10392 = DIRECTION('',(0.,-0.363787291853,0.93148204829));
#10393 = ORIENTED_EDGE('',*,*,#10394,.F.);
#10394 = EDGE_CURVE('',#10395,#10387,#10397,.T.);
#10395 = VERTEX_POINT('',#10396);
#10396 = CARTESIAN_POINT('',(4.17,-1.205,-0.95));
#10397 = CIRCLE('',#10398,0.157180136013);
#10398 = AXIS2_PLACEMENT_3D('',#10399,#10400,#10401);
#10399 = CARTESIAN_POINT('',(4.17,-1.205,-0.792819863987));
#10400 = DIRECTION('',(-1.,0.,2.2E-16));
#10401 = DIRECTION('',(-2.2E-16,-3.3E-16,-1.));
#10402 = ORIENTED_EDGE('',*,*,#10403,.F.);
#10403 = EDGE_CURVE('',#10404,#10395,#10406,.T.);
#10404 = VERTEX_POINT('',#10405);
#10405 = CARTESIAN_POINT('',(4.17,-0.945,-0.95));
#10406 = LINE('',#10407,#10408);
#10407 = CARTESIAN_POINT('',(4.17,-1.34,-0.95));
#10408 = VECTOR('',#10409,1.);
#10409 = DIRECTION('',(0.,-1.,3.3E-16));
#10410 = ORIENTED_EDGE('',*,*,#10411,.F.);
#10411 = EDGE_CURVE('',#10412,#10404,#10414,.T.);
#10412 = VERTEX_POINT('',#10413);
#10413 = CARTESIAN_POINT('',(4.17,-0.798589524956,-0.85));
#10414 = CIRCLE('',#10415,0.157180136013);
#10415 = AXIS2_PLACEMENT_3D('',#10416,#10417,#10418);
#10416 = CARTESIAN_POINT('',(4.17,-0.945,-0.792819863987));
#10417 = DIRECTION('',(-1.,0.,2.2E-16));
#10418 = DIRECTION('',(-2.2E-16,-3.3E-16,-1.));
#10419 = ORIENTED_EDGE('',*,*,#10420,.F.);
#10420 = EDGE_CURVE('',#10421,#10412,#10423,.T.);
#10421 = VERTEX_POINT('',#10422);
#10422 = CARTESIAN_POINT('',(4.17,-0.712669238725,-0.63));
#10423 = LINE('',#10424,#10425);
#10424 = CARTESIAN_POINT('',(4.17,-0.419771345113,0.119968830664));
#10425 = VECTOR('',#10426,1.);
#10426 = DIRECTION('',(-0.,-0.363787291853,-0.93148204829));
#10427 = ORIENTED_EDGE('',*,*,#10428,.F.);
#10428 = EDGE_CURVE('',#10429,#10421,#10431,.T.);
#10429 = VERTEX_POINT('',#10430);
#10430 = CARTESIAN_POINT('',(4.17,-0.675,-0.43));
#10431 = CIRCLE('',#10432,0.549771815781);
#10432 = AXIS2_PLACEMENT_3D('',#10433,#10434,#10435);
#10433 = CARTESIAN_POINT('',(4.17,-1.224771815781,-0.43));
#10434 = DIRECTION('',(-1.,0.,2.2E-16));
#10435 = DIRECTION('',(-2.2E-16,-3.3E-16,-1.));
#10436 = ORIENTED_EDGE('',*,*,#10437,.F.);
#10437 = EDGE_CURVE('',#10438,#10429,#10440,.T.);
#10438 = VERTEX_POINT('',#10439);
#10439 = CARTESIAN_POINT('',(4.17,-0.675,-1.E-15));
#10440 = LINE('',#10441,#10442);
#10441 = CARTESIAN_POINT('',(4.17,-0.675,0.61));
#10442 = VECTOR('',#10443,1.);
#10443 = DIRECTION('',(-0.,-3.3E-16,-1.));
#10444 = ORIENTED_EDGE('',*,*,#10445,.T.);
#10445 = EDGE_CURVE('',#10438,#10446,#10448,.T.);
#10446 = VERTEX_POINT('',#10447);
#10447 = CARTESIAN_POINT('',(4.17,-0.555,4.970562748477E-02));
#10448 = CIRCLE('',#10449,7.029437251523E-02);
#10449 = AXIS2_PLACEMENT_3D('',#10450,#10451,#10452);
#10450 = CARTESIAN_POINT('',(4.17,-0.604705627485,-9.6E-16));
#10451 = DIRECTION('',(-1.,0.,2.2E-16));
#10452 = DIRECTION('',(-2.2E-16,-3.3E-16,-1.));
#10453 = ORIENTED_EDGE('',*,*,#10454,.F.);
#10454 = EDGE_CURVE('',#10455,#10446,#10457,.T.);
#10455 = VERTEX_POINT('',#10456);
#10456 = CARTESIAN_POINT('',(4.17,-0.435,-1.E-15));
#10457 = CIRCLE('',#10458,0.169705627485);
#10458 = AXIS2_PLACEMENT_3D('',#10459,#10460,#10461);
#10459 = CARTESIAN_POINT('',(4.17,-0.435,0.169705627485));
#10460 = DIRECTION('',(-1.,0.,2.2E-16));
#10461 = DIRECTION('',(-2.2E-16,-3.3E-16,-1.));
#10462 = ORIENTED_EDGE('',*,*,#10463,.T.);
#10463 = EDGE_CURVE('',#10455,#10464,#10466,.T.);
#10464 = VERTEX_POINT('',#10465);
#10465 = CARTESIAN_POINT('',(4.17,-0.325,-1.E-15));
#10466 = LINE('',#10467,#10468);
#10467 = CARTESIAN_POINT('',(4.17,-0.625,-9.7E-16));
#10468 = VECTOR('',#10469,1.);
#10469 = DIRECTION('',(0.,1.,-3.3E-16));
#10470 = ORIENTED_EDGE('',*,*,#10471,.F.);
#10471 = EDGE_CURVE('',#10335,#10464,#10472,.T.);
#10472 = CIRCLE('',#10473,0.15);
#10473 = AXIS2_PLACEMENT_3D('',#10474,#10475,#10476);
#10474 = CARTESIAN_POINT('',(4.17,-0.325,0.15));
#10475 = DIRECTION('',(-1.,0.,2.2E-16));
#10476 = DIRECTION('',(-2.2E-16,-2.2E-16,-1.));
#10477 = PLANE('',#10478);
#10478 = AXIS2_PLACEMENT_3D('',#10479,#10480,#10481);
#10479 = CARTESIAN_POINT('',(4.17,-1.475,1.65));
#10480 = DIRECTION('',(-1.,-0.,-0.));
#10481 = DIRECTION('',(0.,-1.,-1.E-17));
#10482 = ADVANCED_FACE('',(#10483),#10494,.F.);
#10483 = FACE_BOUND('',#10484,.F.);
#10484 = EDGE_LOOP('',(#10485,#10486,#10487,#10488));
#10485 = ORIENTED_EDGE('',*,*,#9275,.T.);
#10486 = ORIENTED_EDGE('',*,*,#10206,.F.);
#10487 = ORIENTED_EDGE('',*,*,#10189,.F.);
#10488 = ORIENTED_EDGE('',*,*,#10489,.T.);
#10489 = EDGE_CURVE('',#10182,#9268,#10490,.T.);
#10490 = LINE('',#10491,#10492);
#10491 = CARTESIAN_POINT('',(3.19,-3.525,3.06));
#10492 = VECTOR('',#10493,1.);
#10493 = DIRECTION('',(0.,-0.948683298051,0.316227766017));
#10494 = CONICAL_SURFACE('',#10495,0.98,0.321750554397);
#10495 = AXIS2_PLACEMENT_3D('',#10496,#10497,#10498);
#10496 = CARTESIAN_POINT('',(3.19,-3.375,2.03));
#10497 = DIRECTION('',(0.,-1.,2.2E-16));
#10498 = DIRECTION('',(4.5E-16,2.2E-16,1.));
#10499 = ADVANCED_FACE('',(#10500),#10518,.T.);
#10500 = FACE_BOUND('',#10501,.T.);
#10501 = EDGE_LOOP('',(#10502,#10510,#10516,#10517));
#10502 = ORIENTED_EDGE('',*,*,#10503,.F.);
#10503 = EDGE_CURVE('',#10504,#9260,#10506,.T.);
#10504 = VERTEX_POINT('',#10505);
#10505 = CARTESIAN_POINT('',(0.,-3.375,3.01));
#10506 = LINE('',#10507,#10508);
#10507 = CARTESIAN_POINT('',(0.,-3.63,3.095));
#10508 = VECTOR('',#10509,1.);
#10509 = DIRECTION('',(0.,-0.948683298051,0.316227766017));
#10510 = ORIENTED_EDGE('',*,*,#10511,.T.);
#10511 = EDGE_CURVE('',#10504,#10182,#10512,.T.);
#10512 = LINE('',#10513,#10514);
#10513 = CARTESIAN_POINT('',(0.,-3.375,3.01));
#10514 = VECTOR('',#10515,1.);
#10515 = DIRECTION('',(1.,0.,0.));
#10516 = ORIENTED_EDGE('',*,*,#10489,.T.);
#10517 = ORIENTED_EDGE('',*,*,#9267,.F.);
#10518 = PLANE('',#10519);
#10519 = AXIS2_PLACEMENT_3D('',#10520,#10521,#10522);
#10520 = CARTESIAN_POINT('',(0.,-3.525,3.06));
#10521 = DIRECTION('',(-0.,-0.316227766017,-0.948683298051));
#10522 = DIRECTION('',(1.,-0.,0.));
#10523 = ADVANCED_FACE('',(#10524,#10617),#10683,.T.);
#10524 = FACE_BOUND('',#10525,.F.);
#10525 = EDGE_LOOP('',(#10526,#10534,#10535,#10536,#10544,#10552,#10560,
    #10568,#10576,#10585,#10593,#10602,#10610));
#10526 = ORIENTED_EDGE('',*,*,#10527,.T.);
#10527 = EDGE_CURVE('',#10528,#9854,#10530,.T.);
#10528 = VERTEX_POINT('',#10529);
#10529 = CARTESIAN_POINT('',(2.85,3.655,3.31));
#10530 = LINE('',#10531,#10532);
#10531 = CARTESIAN_POINT('',(0.,3.655,3.31));
#10532 = VECTOR('',#10533,1.);
#10533 = DIRECTION('',(1.,0.,0.));
#10534 = ORIENTED_EDGE('',*,*,#9862,.F.);
#10535 = ORIENTED_EDGE('',*,*,#9251,.F.);
#10536 = ORIENTED_EDGE('',*,*,#10537,.T.);
#10537 = EDGE_CURVE('',#9252,#10538,#10540,.T.);
#10538 = VERTEX_POINT('',#10539);
#10539 = CARTESIAN_POINT('',(0.,3.655,3.31));
#10540 = LINE('',#10541,#10542);
#10541 = CARTESIAN_POINT('',(0.,-3.675,3.31));
#10542 = VECTOR('',#10543,1.);
#10543 = DIRECTION('',(0.,1.,-2.2E-16));
#10544 = ORIENTED_EDGE('',*,*,#10545,.T.);
#10545 = EDGE_CURVE('',#10538,#10546,#10548,.T.);
#10546 = VERTEX_POINT('',#10547);
#10547 = CARTESIAN_POINT('',(1.05,3.655,3.31));
#10548 = LINE('',#10549,#10550);
#10549 = CARTESIAN_POINT('',(0.,3.655,3.31));
#10550 = VECTOR('',#10551,1.);
#10551 = DIRECTION('',(1.,0.,0.));
#10552 = ORIENTED_EDGE('',*,*,#10553,.T.);
#10553 = EDGE_CURVE('',#10546,#10554,#10556,.T.);
#10554 = VERTEX_POINT('',#10555);
#10555 = CARTESIAN_POINT('',(1.05,2.955,3.31));
#10556 = LINE('',#10557,#10558);
#10557 = CARTESIAN_POINT('',(1.05,3.655,3.31));
#10558 = VECTOR('',#10559,1.);
#10559 = DIRECTION('',(0.,-1.,2.2E-16));
#10560 = ORIENTED_EDGE('',*,*,#10561,.T.);
#10561 = EDGE_CURVE('',#10554,#10562,#10564,.T.);
#10562 = VERTEX_POINT('',#10563);
#10563 = CARTESIAN_POINT('',(1.05,2.805,3.31));
#10564 = LINE('',#10565,#10566);
#10565 = CARTESIAN_POINT('',(1.05,3.655,3.31));
#10566 = VECTOR('',#10567,1.);
#10567 = DIRECTION('',(0.,-1.,3.3E-16));
#10568 = ORIENTED_EDGE('',*,*,#10569,.T.);
#10569 = EDGE_CURVE('',#10562,#10570,#10572,.T.);
#10570 = VERTEX_POINT('',#10571);
#10571 = CARTESIAN_POINT('',(1.05,2.655,3.31));
#10572 = LINE('',#10573,#10574);
#10573 = CARTESIAN_POINT('',(1.05,3.655,3.31));
#10574 = VECTOR('',#10575,1.);
#10575 = DIRECTION('',(0.,-1.,2.2E-16));
#10576 = ORIENTED_EDGE('',*,*,#10577,.T.);
#10577 = EDGE_CURVE('',#10570,#10578,#10580,.T.);
#10578 = VERTEX_POINT('',#10579);
#10579 = CARTESIAN_POINT('',(1.2,2.505,3.31));
#10580 = CIRCLE('',#10581,0.15);
#10581 = AXIS2_PLACEMENT_3D('',#10582,#10583,#10584);
#10582 = CARTESIAN_POINT('',(1.2,2.655,3.31));
#10583 = DIRECTION('',(0.,3.3E-16,1.));
#10584 = DIRECTION('',(0.,1.,-3.3E-16));
#10585 = ORIENTED_EDGE('',*,*,#10586,.T.);
#10586 = EDGE_CURVE('',#10578,#10587,#10589,.T.);
#10587 = VERTEX_POINT('',#10588);
#10588 = CARTESIAN_POINT('',(2.55,2.505,3.31));
#10589 = LINE('',#10590,#10591);
#10590 = CARTESIAN_POINT('',(1.05,2.505,3.31));
#10591 = VECTOR('',#10592,1.);
#10592 = DIRECTION('',(1.,-0.,-0.));
#10593 = ORIENTED_EDGE('',*,*,#10594,.F.);
#10594 = EDGE_CURVE('',#10595,#10587,#10597,.T.);
#10595 = VERTEX_POINT('',#10596);
#10596 = CARTESIAN_POINT('',(2.7,2.655,3.31));
#10597 = CIRCLE('',#10598,0.15);
#10598 = AXIS2_PLACEMENT_3D('',#10599,#10600,#10601);
#10599 = CARTESIAN_POINT('',(2.55,2.655,3.31));
#10600 = DIRECTION('',(0.,-3.3E-16,-1.));
#10601 = DIRECTION('',(0.,1.,-3.3E-16));
#10602 = ORIENTED_EDGE('',*,*,#10603,.T.);
#10603 = EDGE_CURVE('',#10595,#10604,#10606,.T.);
#10604 = VERTEX_POINT('',#10605);
#10605 = CARTESIAN_POINT('',(2.7,3.505,3.31));
#10606 = LINE('',#10607,#10608);
#10607 = CARTESIAN_POINT('',(2.7,2.505,3.31));
#10608 = VECTOR('',#10609,1.);
#10609 = DIRECTION('',(0.,1.,-2.2E-16));
#10610 = ORIENTED_EDGE('',*,*,#10611,.F.);
#10611 = EDGE_CURVE('',#10528,#10604,#10612,.T.);
#10612 = CIRCLE('',#10613,0.15);
#10613 = AXIS2_PLACEMENT_3D('',#10614,#10615,#10616);
#10614 = CARTESIAN_POINT('',(2.85,3.505,3.31));
#10615 = DIRECTION('',(0.,3.3E-16,1.));
#10616 = DIRECTION('',(0.,1.,-3.3E-16));
#10617 = FACE_BOUND('',#10618,.F.);
#10618 = EDGE_LOOP('',(#10619,#10629,#10637,#10645,#10653,#10661,#10669,
    #10677));
#10619 = ORIENTED_EDGE('',*,*,#10620,.T.);
#10620 = EDGE_CURVE('',#10621,#10623,#10625,.T.);
#10621 = VERTEX_POINT('',#10622);
#10622 = CARTESIAN_POINT('',(1.16,1.625,3.31));
#10623 = VERTEX_POINT('',#10624);
#10624 = CARTESIAN_POINT('',(1.16,1.125,3.31));
#10625 = LINE('',#10626,#10627);
#10626 = CARTESIAN_POINT('',(1.16,1.625,3.31));
#10627 = VECTOR('',#10628,1.);
#10628 = DIRECTION('',(0.,-1.,2.2E-16));
#10629 = ORIENTED_EDGE('',*,*,#10630,.T.);
#10630 = EDGE_CURVE('',#10623,#10631,#10633,.T.);
#10631 = VERTEX_POINT('',#10632);
#10632 = CARTESIAN_POINT('',(1.21,1.125,3.31));
#10633 = LINE('',#10634,#10635);
#10634 = CARTESIAN_POINT('',(1.16,1.125,3.31));
#10635 = VECTOR('',#10636,1.);
#10636 = DIRECTION('',(1.,-0.,-0.));
#10637 = ORIENTED_EDGE('',*,*,#10638,.T.);
#10638 = EDGE_CURVE('',#10631,#10639,#10641,.T.);
#10639 = VERTEX_POINT('',#10640);
#10640 = CARTESIAN_POINT('',(2.33,1.125,3.31));
#10641 = LINE('',#10642,#10643);
#10642 = CARTESIAN_POINT('',(1.16,1.125,3.31));
#10643 = VECTOR('',#10644,1.);
#10644 = DIRECTION('',(1.,-0.,-0.));
#10645 = ORIENTED_EDGE('',*,*,#10646,.T.);
#10646 = EDGE_CURVE('',#10639,#10647,#10649,.T.);
#10647 = VERTEX_POINT('',#10648);
#10648 = CARTESIAN_POINT('',(2.38,1.125,3.31));
#10649 = LINE('',#10650,#10651);
#10650 = CARTESIAN_POINT('',(1.16,1.125,3.31));
#10651 = VECTOR('',#10652,1.);
#10652 = DIRECTION('',(1.,-0.,-0.));
#10653 = ORIENTED_EDGE('',*,*,#10654,.T.);
#10654 = EDGE_CURVE('',#10647,#10655,#10657,.T.);
#10655 = VERTEX_POINT('',#10656);
#10656 = CARTESIAN_POINT('',(2.38,1.625,3.31));
#10657 = LINE('',#10658,#10659);
#10658 = CARTESIAN_POINT('',(2.38,1.125,3.31));
#10659 = VECTOR('',#10660,1.);
#10660 = DIRECTION('',(0.,1.,-2.2E-16));
#10661 = ORIENTED_EDGE('',*,*,#10662,.T.);
#10662 = EDGE_CURVE('',#10655,#10663,#10665,.T.);
#10663 = VERTEX_POINT('',#10664);
#10664 = CARTESIAN_POINT('',(2.33,1.625,3.31));
#10665 = LINE('',#10666,#10667);
#10666 = CARTESIAN_POINT('',(2.38,1.625,3.31));
#10667 = VECTOR('',#10668,1.);
#10668 = DIRECTION('',(-1.,0.,0.));
#10669 = ORIENTED_EDGE('',*,*,#10670,.T.);
#10670 = EDGE_CURVE('',#10663,#10671,#10673,.T.);
#10671 = VERTEX_POINT('',#10672);
#10672 = CARTESIAN_POINT('',(1.21,1.625,3.31));
#10673 = LINE('',#10674,#10675);
#10674 = CARTESIAN_POINT('',(2.38,1.625,3.31));
#10675 = VECTOR('',#10676,1.);
#10676 = DIRECTION('',(-1.,0.,0.));
#10677 = ORIENTED_EDGE('',*,*,#10678,.T.);
#10678 = EDGE_CURVE('',#10671,#10621,#10679,.T.);
#10679 = LINE('',#10680,#10681);
#10680 = CARTESIAN_POINT('',(2.38,1.625,3.31));
#10681 = VECTOR('',#10682,1.);
#10682 = DIRECTION('',(-1.,0.,0.));
#10683 = PLANE('',#10684);
#10684 = AXIS2_PLACEMENT_3D('',#10685,#10686,#10687);
#10685 = CARTESIAN_POINT('',(0.,-3.675,3.31));
#10686 = DIRECTION('',(0.,2.2E-16,1.));
#10687 = DIRECTION('',(-1.,0.,0.));
#10688 = ADVANCED_FACE('',(#10689),#10708,.F.);
#10689 = FACE_BOUND('',#10690,.T.);
#10690 = EDGE_LOOP('',(#10691,#10699,#10700,#10701,#10702));
#10691 = ORIENTED_EDGE('',*,*,#10692,.F.);
#10692 = EDGE_CURVE('',#10504,#10693,#10695,.T.);
#10693 = VERTEX_POINT('',#10694);
#10694 = CARTESIAN_POINT('',(0.,3.655,3.01));
#10695 = LINE('',#10696,#10697);
#10696 = CARTESIAN_POINT('',(0.,-3.675,3.01));
#10697 = VECTOR('',#10698,1.);
#10698 = DIRECTION('',(0.,1.,-2.2E-16));
#10699 = ORIENTED_EDGE('',*,*,#10503,.T.);
#10700 = ORIENTED_EDGE('',*,*,#9259,.F.);
#10701 = ORIENTED_EDGE('',*,*,#10537,.T.);
#10702 = ORIENTED_EDGE('',*,*,#10703,.T.);
#10703 = EDGE_CURVE('',#10538,#10693,#10704,.T.);
#10704 = LINE('',#10705,#10706);
#10705 = CARTESIAN_POINT('',(0.,3.655,3.31));
#10706 = VECTOR('',#10707,1.);
#10707 = DIRECTION('',(-0.,-2.2E-16,-1.));
#10708 = PLANE('',#10709);
#10709 = AXIS2_PLACEMENT_3D('',#10710,#10711,#10712);
#10710 = CARTESIAN_POINT('',(0.,-3.675,3.31));
#10711 = DIRECTION('',(1.,0.,0.));
#10712 = DIRECTION('',(-0.,2.2E-16,1.));
#10713 = ADVANCED_FACE('',(#10714),#10725,.F.);
#10714 = FACE_BOUND('',#10715,.F.);
#10715 = EDGE_LOOP('',(#10716,#10717,#10718,#10724));
#10716 = ORIENTED_EDGE('',*,*,#9401,.T.);
#10717 = ORIENTED_EDGE('',*,*,#9416,.T.);
#10718 = ORIENTED_EDGE('',*,*,#10719,.T.);
#10719 = EDGE_CURVE('',#9417,#9575,#10720,.T.);
#10720 = LINE('',#10721,#10722);
#10721 = CARTESIAN_POINT('',(1.77,-1.275,0.534264068712));
#10722 = VECTOR('',#10723,1.);
#10723 = DIRECTION('',(0.,-1.,2.2E-16));
#10724 = ORIENTED_EDGE('',*,*,#9606,.F.);
#10725 = CYLINDRICAL_SURFACE('',#10726,6.213203435594E-02);
#10726 = AXIS2_PLACEMENT_3D('',#10727,#10728,#10729);
#10727 = CARTESIAN_POINT('',(1.77,-1.275,0.472132034356));
#10728 = DIRECTION('',(0.,1.,-2.2E-16));
#10729 = DIRECTION('',(-1.,5.896E-31,2.68E-15));
#10730 = ADVANCED_FACE('',(#10731),#10742,.T.);
#10731 = FACE_BOUND('',#10732,.T.);
#10732 = EDGE_LOOP('',(#10733,#10739,#10740,#10741));
#10733 = ORIENTED_EDGE('',*,*,#10734,.F.);
#10734 = EDGE_CURVE('',#9566,#9426,#10735,.T.);
#10735 = LINE('',#10736,#10737);
#10736 = CARTESIAN_POINT('',(1.77,-1.275,0.834264068712));
#10737 = VECTOR('',#10738,1.);
#10738 = DIRECTION('',(0.,1.,-2.2E-16));
#10739 = ORIENTED_EDGE('',*,*,#9598,.F.);
#10740 = ORIENTED_EDGE('',*,*,#9452,.F.);
#10741 = ORIENTED_EDGE('',*,*,#9433,.T.);
#10742 = CYLINDRICAL_SURFACE('',#10743,0.362132034356);
#10743 = AXIS2_PLACEMENT_3D('',#10744,#10745,#10746);
#10744 = CARTESIAN_POINT('',(1.77,-1.275,0.472132034356));
#10745 = DIRECTION('',(0.,1.,-2.2E-16));
#10746 = DIRECTION('',(-1.,2.354E-31,1.07E-15));
#10747 = ADVANCED_FACE('',(#10748),#10754,.F.);
#10748 = FACE_BOUND('',#10749,.F.);
#10749 = EDGE_LOOP('',(#10750,#10751,#10752,#10753));
#10750 = ORIENTED_EDGE('',*,*,#9582,.T.);
#10751 = ORIENTED_EDGE('',*,*,#10719,.F.);
#10752 = ORIENTED_EDGE('',*,*,#9524,.F.);
#10753 = ORIENTED_EDGE('',*,*,#9492,.F.);
#10754 = CYLINDRICAL_SURFACE('',#10755,6.213203435594E-02);
#10755 = AXIS2_PLACEMENT_3D('',#10756,#10757,#10758);
#10756 = CARTESIAN_POINT('',(1.77,-1.275,0.472132034356));
#10757 = DIRECTION('',(0.,1.,-2.2E-16));
#10758 = DIRECTION('',(1.,5.896E-31,2.68E-15));
#10759 = ADVANCED_FACE('',(#10760),#10766,.T.);
#10760 = FACE_BOUND('',#10761,.T.);
#10761 = EDGE_LOOP('',(#10762,#10763,#10764,#10765));
#10762 = ORIENTED_EDGE('',*,*,#9532,.F.);
#10763 = ORIENTED_EDGE('',*,*,#9551,.T.);
#10764 = ORIENTED_EDGE('',*,*,#9565,.T.);
#10765 = ORIENTED_EDGE('',*,*,#10734,.T.);
#10766 = CYLINDRICAL_SURFACE('',#10767,0.362132034356);
#10767 = AXIS2_PLACEMENT_3D('',#10768,#10769,#10770);
#10768 = CARTESIAN_POINT('',(1.77,-1.275,0.472132034356));
#10769 = DIRECTION('',(0.,1.,-2.2E-16));
#10770 = DIRECTION('',(1.,2.354E-31,1.07E-15));
#10771 = ADVANCED_FACE('',(#10772),#10783,.F.);
#10772 = FACE_BOUND('',#10773,.F.);
#10773 = EDGE_LOOP('',(#10774,#10775,#10781,#10782));
#10774 = ORIENTED_EDGE('',*,*,#9673,.T.);
#10775 = ORIENTED_EDGE('',*,*,#10776,.T.);
#10776 = EDGE_CURVE('',#9664,#10353,#10777,.T.);
#10777 = LINE('',#10778,#10779);
#10778 = CARTESIAN_POINT('',(4.47,-1.475,1.5));
#10779 = VECTOR('',#10780,1.);
#10780 = DIRECTION('',(-1.,-0.,-0.));
#10781 = ORIENTED_EDGE('',*,*,#10352,.F.);
#10782 = ORIENTED_EDGE('',*,*,#9647,.F.);
#10783 = CYLINDRICAL_SURFACE('',#10784,0.15);
#10784 = AXIS2_PLACEMENT_3D('',#10785,#10786,#10787);
#10785 = CARTESIAN_POINT('',(4.47,-1.625,1.5));
#10786 = DIRECTION('',(-1.,-0.,-0.));
#10787 = DIRECTION('',(-0.,1.E-16,1.));
#10788 = ADVANCED_FACE('',(#10789),#10800,.T.);
#10789 = FACE_BOUND('',#10790,.F.);
#10790 = EDGE_LOOP('',(#10791,#10792,#10793,#10794));
#10791 = ORIENTED_EDGE('',*,*,#10361,.F.);
#10792 = ORIENTED_EDGE('',*,*,#10776,.F.);
#10793 = ORIENTED_EDGE('',*,*,#9663,.T.);
#10794 = ORIENTED_EDGE('',*,*,#10795,.T.);
#10795 = EDGE_CURVE('',#9666,#10362,#10796,.T.);
#10796 = LINE('',#10797,#10798);
#10797 = CARTESIAN_POINT('',(4.47,-1.475,-7.3E-16));
#10798 = VECTOR('',#10799,1.);
#10799 = DIRECTION('',(-1.,0.,2.2E-16));
#10800 = PLANE('',#10801);
#10801 = AXIS2_PLACEMENT_3D('',#10802,#10803,#10804);
#10802 = CARTESIAN_POINT('',(4.47,-1.475,1.65));
#10803 = DIRECTION('',(-0.,-1.,-1.E-17));
#10804 = DIRECTION('',(1.,-0.,0.));
#10805 = ADVANCED_FACE('',(#10806),#10817,.T.);
#10806 = FACE_BOUND('',#10807,.F.);
#10807 = EDGE_LOOP('',(#10808,#10809,#10810,#10816));
#10808 = ORIENTED_EDGE('',*,*,#10795,.F.);
#10809 = ORIENTED_EDGE('',*,*,#9803,.T.);
#10810 = ORIENTED_EDGE('',*,*,#10811,.T.);
#10811 = EDGE_CURVE('',#9795,#10370,#10812,.T.);
#10812 = LINE('',#10813,#10814);
#10813 = CARTESIAN_POINT('',(4.47,-1.475,-0.43));
#10814 = VECTOR('',#10815,1.);
#10815 = DIRECTION('',(-1.,0.,2.2E-16));
#10816 = ORIENTED_EDGE('',*,*,#10369,.F.);
#10817 = PLANE('',#10818);
#10818 = AXIS2_PLACEMENT_3D('',#10819,#10820,#10821);
#10819 = CARTESIAN_POINT('',(4.47,-1.475,1.65));
#10820 = DIRECTION('',(-0.,-1.,-1.E-17));
#10821 = DIRECTION('',(1.,-0.,0.));
#10822 = ADVANCED_FACE('',(#10823),#10834,.T.);
#10823 = FACE_BOUND('',#10824,.T.);
#10824 = EDGE_LOOP('',(#10825,#10826,#10827,#10833));
#10825 = ORIENTED_EDGE('',*,*,#10811,.T.);
#10826 = ORIENTED_EDGE('',*,*,#10377,.F.);
#10827 = ORIENTED_EDGE('',*,*,#10828,.F.);
#10828 = EDGE_CURVE('',#9787,#10378,#10829,.T.);
#10829 = LINE('',#10830,#10831);
#10830 = CARTESIAN_POINT('',(4.47,-1.437330761275,-0.63));
#10831 = VECTOR('',#10832,1.);
#10832 = DIRECTION('',(-1.,0.,2.2E-16));
#10833 = ORIENTED_EDGE('',*,*,#9794,.T.);
#10834 = CYLINDRICAL_SURFACE('',#10835,0.549771815781);
#10835 = AXIS2_PLACEMENT_3D('',#10836,#10837,#10838);
#10836 = CARTESIAN_POINT('',(4.47,-0.925228184219,-0.43));
#10837 = DIRECTION('',(1.,0.,-2.2E-16));
#10838 = DIRECTION('',(-2.2E-16,-3.3E-16,-1.));
#10839 = ADVANCED_FACE('',(#10840),#10851,.F.);
#10840 = FACE_BOUND('',#10841,.T.);
#10841 = EDGE_LOOP('',(#10842,#10843,#10844,#10845));
#10842 = ORIENTED_EDGE('',*,*,#9786,.F.);
#10843 = ORIENTED_EDGE('',*,*,#10828,.T.);
#10844 = ORIENTED_EDGE('',*,*,#10386,.F.);
#10845 = ORIENTED_EDGE('',*,*,#10846,.F.);
#10846 = EDGE_CURVE('',#9778,#10387,#10847,.T.);
#10847 = LINE('',#10848,#10849);
#10848 = CARTESIAN_POINT('',(4.47,-1.351410475044,-0.85));
#10849 = VECTOR('',#10850,1.);
#10850 = DIRECTION('',(-1.,0.,2.2E-16));
#10851 = PLANE('',#10852);
#10852 = AXIS2_PLACEMENT_3D('',#10853,#10854,#10855);
#10853 = CARTESIAN_POINT('',(4.47,-1.437330761275,-0.63));
#10854 = DIRECTION('',(8.E-17,0.93148204829,0.363787291853));
#10855 = DIRECTION('',(2.1E-16,-0.363787291853,0.93148204829));
#10856 = ADVANCED_FACE('',(#10857),#10868,.T.);
#10857 = FACE_BOUND('',#10858,.T.);
#10858 = EDGE_LOOP('',(#10859,#10860,#10861,#10867));
#10859 = ORIENTED_EDGE('',*,*,#10846,.T.);
#10860 = ORIENTED_EDGE('',*,*,#10394,.F.);
#10861 = ORIENTED_EDGE('',*,*,#10862,.F.);
#10862 = EDGE_CURVE('',#9770,#10395,#10863,.T.);
#10863 = LINE('',#10864,#10865);
#10864 = CARTESIAN_POINT('',(4.47,-1.205,-0.95));
#10865 = VECTOR('',#10866,1.);
#10866 = DIRECTION('',(-1.,0.,2.2E-16));
#10867 = ORIENTED_EDGE('',*,*,#9777,.T.);
#10868 = CYLINDRICAL_SURFACE('',#10869,0.157180136013);
#10869 = AXIS2_PLACEMENT_3D('',#10870,#10871,#10872);
#10870 = CARTESIAN_POINT('',(4.47,-1.205,-0.792819863987));
#10871 = DIRECTION('',(1.,0.,-2.2E-16));
#10872 = DIRECTION('',(-2.2E-16,-3.3E-16,-1.));
#10873 = ADVANCED_FACE('',(#10874),#10885,.F.);
#10874 = FACE_BOUND('',#10875,.F.);
#10875 = EDGE_LOOP('',(#10876,#10877,#10883,#10884));
#10876 = ORIENTED_EDGE('',*,*,#10342,.T.);
#10877 = ORIENTED_EDGE('',*,*,#10878,.T.);
#10878 = EDGE_CURVE('',#10333,#9684,#10879,.T.);
#10879 = LINE('',#10880,#10881);
#10880 = CARTESIAN_POINT('',(4.17,-0.175,1.5));
#10881 = VECTOR('',#10882,1.);
#10882 = DIRECTION('',(1.,0.,0.));
#10883 = ORIENTED_EDGE('',*,*,#9683,.F.);
#10884 = ORIENTED_EDGE('',*,*,#9937,.F.);
#10885 = CYLINDRICAL_SURFACE('',#10886,0.15);
#10886 = AXIS2_PLACEMENT_3D('',#10887,#10888,#10889);
#10887 = CARTESIAN_POINT('',(4.17,-2.5E-02,1.5));
#10888 = DIRECTION('',(1.,0.,0.));
#10889 = DIRECTION('',(-0.,1.E-16,1.));
#10890 = ADVANCED_FACE('',(#10891),#10902,.F.);
#10891 = FACE_BOUND('',#10892,.T.);
#10892 = EDGE_LOOP('',(#10893,#10894,#10895,#10896));
#10893 = ORIENTED_EDGE('',*,*,#9769,.F.);
#10894 = ORIENTED_EDGE('',*,*,#10862,.T.);
#10895 = ORIENTED_EDGE('',*,*,#10403,.F.);
#10896 = ORIENTED_EDGE('',*,*,#10897,.F.);
#10897 = EDGE_CURVE('',#9761,#10404,#10898,.T.);
#10898 = LINE('',#10899,#10900);
#10899 = CARTESIAN_POINT('',(4.47,-0.945,-0.95));
#10900 = VECTOR('',#10901,1.);
#10901 = DIRECTION('',(-1.,0.,2.2E-16));
#10902 = PLANE('',#10903);
#10903 = AXIS2_PLACEMENT_3D('',#10904,#10905,#10906);
#10904 = CARTESIAN_POINT('',(4.47,-1.205,-0.95));
#10905 = DIRECTION('',(2.2E-16,3.3E-16,1.));
#10906 = DIRECTION('',(0.,-1.,3.3E-16));
#10907 = ADVANCED_FACE('',(#10908),#10919,.T.);
#10908 = FACE_BOUND('',#10909,.F.);
#10909 = EDGE_LOOP('',(#10910,#10911,#10912,#10913));
#10910 = ORIENTED_EDGE('',*,*,#9692,.F.);
#10911 = ORIENTED_EDGE('',*,*,#10878,.F.);
#10912 = ORIENTED_EDGE('',*,*,#10332,.T.);
#10913 = ORIENTED_EDGE('',*,*,#10914,.T.);
#10914 = EDGE_CURVE('',#10335,#9693,#10915,.T.);
#10915 = LINE('',#10916,#10917);
#10916 = CARTESIAN_POINT('',(4.17,-0.175,0.15));
#10917 = VECTOR('',#10918,1.);
#10918 = DIRECTION('',(1.,0.,-2.2E-16));
#10919 = PLANE('',#10920);
#10920 = AXIS2_PLACEMENT_3D('',#10921,#10922,#10923);
#10921 = CARTESIAN_POINT('',(4.17,-0.175,1.65));
#10922 = DIRECTION('',(0.,1.,1.E-17));
#10923 = DIRECTION('',(-1.,0.,0.));
#10924 = ADVANCED_FACE('',(#10925),#10936,.T.);
#10925 = FACE_BOUND('',#10926,.T.);
#10926 = EDGE_LOOP('',(#10927,#10928,#10929,#10935));
#10927 = ORIENTED_EDGE('',*,*,#10897,.T.);
#10928 = ORIENTED_EDGE('',*,*,#10411,.F.);
#10929 = ORIENTED_EDGE('',*,*,#10930,.F.);
#10930 = EDGE_CURVE('',#9753,#10412,#10931,.T.);
#10931 = LINE('',#10932,#10933);
#10932 = CARTESIAN_POINT('',(4.47,-0.798589524956,-0.85));
#10933 = VECTOR('',#10934,1.);
#10934 = DIRECTION('',(-1.,0.,2.2E-16));
#10935 = ORIENTED_EDGE('',*,*,#9760,.T.);
#10936 = CYLINDRICAL_SURFACE('',#10937,0.157180136013);
#10937 = AXIS2_PLACEMENT_3D('',#10938,#10939,#10940);
#10938 = CARTESIAN_POINT('',(4.47,-0.945,-0.792819863987));
#10939 = DIRECTION('',(1.,0.,-2.2E-16));
#10940 = DIRECTION('',(-2.2E-16,-3.3E-16,-1.));
#10941 = ADVANCED_FACE('',(#10942),#10953,.T.);
#10942 = FACE_BOUND('',#10943,.T.);
#10943 = EDGE_LOOP('',(#10944,#10945,#10946,#10952));
#10944 = ORIENTED_EDGE('',*,*,#10914,.T.);
#10945 = ORIENTED_EDGE('',*,*,#9700,.T.);
#10946 = ORIENTED_EDGE('',*,*,#10947,.F.);
#10947 = EDGE_CURVE('',#10464,#9701,#10948,.T.);
#10948 = LINE('',#10949,#10950);
#10949 = CARTESIAN_POINT('',(4.17,-0.325,-1.13E-15));
#10950 = VECTOR('',#10951,1.);
#10951 = DIRECTION('',(1.,0.,-2.2E-16));
#10952 = ORIENTED_EDGE('',*,*,#10471,.F.);
#10953 = CYLINDRICAL_SURFACE('',#10954,0.15);
#10954 = AXIS2_PLACEMENT_3D('',#10955,#10956,#10957);
#10955 = CARTESIAN_POINT('',(4.17,-0.325,0.15));
#10956 = DIRECTION('',(1.,0.,-2.2E-16));
#10957 = DIRECTION('',(-2.2E-32,1.,-1.E-16));
#10958 = ADVANCED_FACE('',(#10959),#10970,.F.);
#10959 = FACE_BOUND('',#10960,.T.);
#10960 = EDGE_LOOP('',(#10961,#10962,#10963,#10964));
#10961 = ORIENTED_EDGE('',*,*,#9752,.F.);
#10962 = ORIENTED_EDGE('',*,*,#10930,.T.);
#10963 = ORIENTED_EDGE('',*,*,#10420,.F.);
#10964 = ORIENTED_EDGE('',*,*,#10965,.F.);
#10965 = EDGE_CURVE('',#9744,#10421,#10966,.T.);
#10966 = LINE('',#10967,#10968);
#10967 = CARTESIAN_POINT('',(4.47,-0.712669238725,-0.63));
#10968 = VECTOR('',#10969,1.);
#10969 = DIRECTION('',(-1.,0.,2.2E-16));
#10970 = PLANE('',#10971);
#10971 = AXIS2_PLACEMENT_3D('',#10972,#10973,#10974);
#10972 = CARTESIAN_POINT('',(4.47,-0.798589524956,-0.85));
#10973 = DIRECTION('',(8.E-17,-0.93148204829,0.363787291853));
#10974 = DIRECTION('',(-2.1E-16,-0.363787291853,-0.93148204829));
#10975 = ADVANCED_FACE('',(#10976),#10987,.T.);
#10976 = FACE_BOUND('',#10977,.F.);
#10977 = EDGE_LOOP('',(#10978,#10979,#10980,#10981));
#10978 = ORIENTED_EDGE('',*,*,#9709,.F.);
#10979 = ORIENTED_EDGE('',*,*,#10947,.F.);
#10980 = ORIENTED_EDGE('',*,*,#10463,.F.);
#10981 = ORIENTED_EDGE('',*,*,#10982,.F.);
#10982 = EDGE_CURVE('',#9710,#10455,#10983,.T.);
#10983 = LINE('',#10984,#10985);
#10984 = CARTESIAN_POINT('',(4.47,-0.435,-1.08E-15));
#10985 = VECTOR('',#10986,1.);
#10986 = DIRECTION('',(-1.,0.,2.2E-16));
#10987 = PLANE('',#10988);
#10988 = AXIS2_PLACEMENT_3D('',#10989,#10990,#10991);
#10989 = CARTESIAN_POINT('',(4.47,0.225,-1.3E-15));
#10990 = DIRECTION('',(-2.2E-16,-3.3E-16,-1.));
#10991 = DIRECTION('',(0.,1.,-3.3E-16));
#10992 = ADVANCED_FACE('',(#10993),#11004,.T.);
#10993 = FACE_BOUND('',#10994,.T.);
#10994 = EDGE_LOOP('',(#10995,#10996,#10997,#11003));
#10995 = ORIENTED_EDGE('',*,*,#10965,.T.);
#10996 = ORIENTED_EDGE('',*,*,#10428,.F.);
#10997 = ORIENTED_EDGE('',*,*,#10998,.F.);
#10998 = EDGE_CURVE('',#9736,#10429,#10999,.T.);
#10999 = LINE('',#11000,#11001);
#11000 = CARTESIAN_POINT('',(4.47,-0.675,-0.43));
#11001 = VECTOR('',#11002,1.);
#11002 = DIRECTION('',(-1.,0.,2.2E-16));
#11003 = ORIENTED_EDGE('',*,*,#9743,.T.);
#11004 = CYLINDRICAL_SURFACE('',#11005,0.549771815781);
#11005 = AXIS2_PLACEMENT_3D('',#11006,#11007,#11008);
#11006 = CARTESIAN_POINT('',(4.47,-1.224771815781,-0.43));
#11007 = DIRECTION('',(1.,0.,-2.2E-16));
#11008 = DIRECTION('',(-2.2E-16,-3.3E-16,-1.));
#11009 = ADVANCED_FACE('',(#11010),#11021,.T.);
#11010 = FACE_BOUND('',#11011,.T.);
#11011 = EDGE_LOOP('',(#11012,#11018,#11019,#11020));
#11012 = ORIENTED_EDGE('',*,*,#11013,.T.);
#11013 = EDGE_CURVE('',#9718,#10446,#11014,.T.);
#11014 = LINE('',#11015,#11016);
#11015 = CARTESIAN_POINT('',(4.47,-0.555,4.970562748477E-02));
#11016 = VECTOR('',#11017,1.);
#11017 = DIRECTION('',(-1.,0.,2.2E-16));
#11018 = ORIENTED_EDGE('',*,*,#10454,.F.);
#11019 = ORIENTED_EDGE('',*,*,#10982,.F.);
#11020 = ORIENTED_EDGE('',*,*,#9717,.T.);
#11021 = CYLINDRICAL_SURFACE('',#11022,0.169705627485);
#11022 = AXIS2_PLACEMENT_3D('',#11023,#11024,#11025);
#11023 = CARTESIAN_POINT('',(4.47,-0.435,0.169705627485));
#11024 = DIRECTION('',(1.,0.,-2.2E-16));
#11025 = DIRECTION('',(-2.2E-16,-3.3E-16,-1.));
#11026 = ADVANCED_FACE('',(#11027),#11038,.F.);
#11027 = FACE_BOUND('',#11028,.T.);
#11028 = EDGE_LOOP('',(#11029,#11030,#11031,#11032));
#11029 = ORIENTED_EDGE('',*,*,#9735,.F.);
#11030 = ORIENTED_EDGE('',*,*,#10998,.T.);
#11031 = ORIENTED_EDGE('',*,*,#10437,.F.);
#11032 = ORIENTED_EDGE('',*,*,#11033,.F.);
#11033 = EDGE_CURVE('',#9727,#10438,#11034,.T.);
#11034 = LINE('',#11035,#11036);
#11035 = CARTESIAN_POINT('',(4.47,-0.675,-1.E-15));
#11036 = VECTOR('',#11037,1.);
#11037 = DIRECTION('',(-1.,0.,2.2E-16));
#11038 = PLANE('',#11039);
#11039 = AXIS2_PLACEMENT_3D('',#11040,#11041,#11042);
#11040 = CARTESIAN_POINT('',(4.47,-0.675,-0.43));
#11041 = DIRECTION('',(0.,-1.,3.3E-16));
#11042 = DIRECTION('',(-2.2E-16,-3.3E-16,-1.));
#11043 = ADVANCED_FACE('',(#11044),#11050,.F.);
#11044 = FACE_BOUND('',#11045,.F.);
#11045 = EDGE_LOOP('',(#11046,#11047,#11048,#11049));
#11046 = ORIENTED_EDGE('',*,*,#11013,.T.);
#11047 = ORIENTED_EDGE('',*,*,#10445,.F.);
#11048 = ORIENTED_EDGE('',*,*,#11033,.F.);
#11049 = ORIENTED_EDGE('',*,*,#9726,.T.);
#11050 = CYLINDRICAL_SURFACE('',#11051,7.029437251523E-02);
#11051 = AXIS2_PLACEMENT_3D('',#11052,#11053,#11054);
#11052 = CARTESIAN_POINT('',(4.47,-0.604705627485,-1.02E-15));
#11053 = DIRECTION('',(1.,0.,-2.2E-16));
#11054 = DIRECTION('',(-2.2E-16,-3.3E-16,-1.));
#11055 = ADVANCED_FACE('',(#11056),#11067,.F.);
#11056 = FACE_BOUND('',#11057,.F.);
#11057 = EDGE_LOOP('',(#11058,#11059,#11065,#11066));
#11058 = ORIENTED_EDGE('',*,*,#9817,.T.);
#11059 = ORIENTED_EDGE('',*,*,#11060,.T.);
#11060 = EDGE_CURVE('',#9820,#10129,#11061,.T.);
#11061 = LINE('',#11062,#11063);
#11062 = CARTESIAN_POINT('',(4.185170055005,3.125,2.835007181099));
#11063 = VECTOR('',#11064,1.);
#11064 = DIRECTION('',(-0.878817112662,-1.6E-16,-0.47715876026));
#11065 = ORIENTED_EDGE('',*,*,#10128,.F.);
#11066 = ORIENTED_EDGE('',*,*,#9894,.F.);
#11067 = CYLINDRICAL_SURFACE('',#11068,0.15);
#11068 = AXIS2_PLACEMENT_3D('',#11069,#11070,#11071);
#11069 = CARTESIAN_POINT('',(4.256743869044,3.125,2.703184614199));
#11070 = DIRECTION('',(-0.878817112662,-1.6E-16,-0.47715876026));
#11071 = DIRECTION('',(1.880633825392E-16,-1.,-1.105149748834E-17));
#11072 = ADVANCED_FACE('',(#11073),#11084,.F.);
#11073 = FACE_BOUND('',#11074,.T.);
#11074 = EDGE_LOOP('',(#11075,#11076,#11082,#11083));
#11075 = ORIENTED_EDGE('',*,*,#10147,.F.);
#11076 = ORIENTED_EDGE('',*,*,#11077,.F.);
#11077 = EDGE_CURVE('',#9833,#10148,#11078,.T.);
#11078 = LINE('',#11079,#11080);
#11079 = CARTESIAN_POINT('',(4.185170055005,3.505,2.835007181099));
#11080 = VECTOR('',#11081,1.);
#11081 = DIRECTION('',(-0.878817112662,-1.6E-16,-0.47715876026));
#11082 = ORIENTED_EDGE('',*,*,#9832,.T.);
#11083 = ORIENTED_EDGE('',*,*,#11060,.T.);
#11084 = PLANE('',#11085);
#11085 = AXIS2_PLACEMENT_3D('',#11086,#11087,#11088);
#11086 = CARTESIAN_POINT('',(5.833541772067,3.655,3.73));
#11087 = DIRECTION('',(-0.47715876026,-9.E-17,0.878817112662));
#11088 = DIRECTION('',(0.878817112662,-5.E-17,0.47715876026));
#11089 = ADVANCED_FACE('',(#11090),#11101,.T.);
#11090 = FACE_BOUND('',#11091,.T.);
#11091 = EDGE_LOOP('',(#11092,#11093,#11094,#11100));
#11092 = ORIENTED_EDGE('',*,*,#11077,.T.);
#11093 = ORIENTED_EDGE('',*,*,#10155,.T.);
#11094 = ORIENTED_EDGE('',*,*,#11095,.F.);
#11095 = EDGE_CURVE('',#9841,#10156,#11096,.T.);
#11096 = LINE('',#11097,#11098);
#11097 = CARTESIAN_POINT('',(4.113596240967,3.655,2.966829747998));
#11098 = VECTOR('',#11099,1.);
#11099 = DIRECTION('',(-0.878817112662,-1.6E-16,-0.47715876026));
#11100 = ORIENTED_EDGE('',*,*,#9840,.F.);
#11101 = CYLINDRICAL_SURFACE('',#11102,0.15);
#11102 = AXIS2_PLACEMENT_3D('',#11103,#11104,#11105);
#11103 = CARTESIAN_POINT('',(4.113596240967,3.505,2.966829747998));
#11104 = DIRECTION('',(-0.878817112662,-1.6E-16,-0.47715876026));
#11105 = DIRECTION('',(0.47715876026,1.232595164408E-32,-0.878817112662)
  );
#11106 = ADVANCED_FACE('',(#11107),#11127,.T.);
#11107 = FACE_BOUND('',#11108,.F.);
#11108 = EDGE_LOOP('',(#11109,#11110,#11118,#11124,#11125,#11126));
#11109 = ORIENTED_EDGE('',*,*,#10527,.F.);
#11110 = ORIENTED_EDGE('',*,*,#11111,.T.);
#11111 = EDGE_CURVE('',#10528,#11112,#11114,.T.);
#11112 = VERTEX_POINT('',#11113);
#11113 = CARTESIAN_POINT('',(2.85,3.655,3.01));
#11114 = LINE('',#11115,#11116);
#11115 = CARTESIAN_POINT('',(2.85,3.655,3.31));
#11116 = VECTOR('',#11117,1.);
#11117 = DIRECTION('',(-0.,-3.3E-16,-1.));
#11118 = ORIENTED_EDGE('',*,*,#11119,.T.);
#11119 = EDGE_CURVE('',#11112,#10173,#11120,.T.);
#11120 = LINE('',#11121,#11122);
#11121 = CARTESIAN_POINT('',(0.,3.655,3.01));
#11122 = VECTOR('',#11123,1.);
#11123 = DIRECTION('',(1.,0.,0.));
#11124 = ORIENTED_EDGE('',*,*,#10172,.T.);
#11125 = ORIENTED_EDGE('',*,*,#11095,.F.);
#11126 = ORIENTED_EDGE('',*,*,#9853,.F.);
#11127 = PLANE('',#11128);
#11128 = AXIS2_PLACEMENT_3D('',#11129,#11130,#11131);
#11129 = CARTESIAN_POINT('',(2.453655549214,3.655,1.73));
#11130 = DIRECTION('',(0.,1.,0.));
#11131 = DIRECTION('',(0.,0.,-1.));
#11132 = ADVANCED_FACE('',(#11133),#11144,.T.);
#11133 = FACE_BOUND('',#11134,.F.);
#11134 = EDGE_LOOP('',(#11135,#11136,#11137,#11143));
#11135 = ORIENTED_EDGE('',*,*,#9988,.F.);
#11136 = ORIENTED_EDGE('',*,*,#10309,.T.);
#11137 = ORIENTED_EDGE('',*,*,#11138,.F.);
#11138 = EDGE_CURVE('',#10022,#10302,#11139,.T.);
#11139 = LINE('',#11140,#11141);
#11140 = CARTESIAN_POINT('',(4.47,3.655,0.1));
#11141 = VECTOR('',#11142,1.);
#11142 = DIRECTION('',(-1.,0.,2.2E-16));
#11143 = ORIENTED_EDGE('',*,*,#10021,.F.);
#11144 = PLANE('',#11145);
#11145 = AXIS2_PLACEMENT_3D('',#11146,#11147,#11148);
#11146 = CARTESIAN_POINT('',(4.17,3.655,1.43));
#11147 = DIRECTION('',(0.,1.,0.));
#11148 = DIRECTION('',(-1.,0.,0.));
#11149 = ADVANCED_FACE('',(#11150),#11166,.T.);
#11150 = FACE_BOUND('',#11151,.F.);
#11151 = EDGE_LOOP('',(#11152,#11153,#11159,#11160));
#11152 = ORIENTED_EDGE('',*,*,#10223,.F.);
#11153 = ORIENTED_EDGE('',*,*,#11154,.F.);
#11154 = EDGE_CURVE('',#10003,#10224,#11155,.T.);
#11155 = LINE('',#11156,#11157);
#11156 = CARTESIAN_POINT('',(4.47,2.555,1.28));
#11157 = VECTOR('',#11158,1.);
#11158 = DIRECTION('',(-1.,-0.,-0.));
#11159 = ORIENTED_EDGE('',*,*,#10002,.T.);
#11160 = ORIENTED_EDGE('',*,*,#11161,.T.);
#11161 = EDGE_CURVE('',#10005,#10226,#11162,.T.);
#11162 = LINE('',#11163,#11164);
#11163 = CARTESIAN_POINT('',(4.47,2.555,0.1));
#11164 = VECTOR('',#11165,1.);
#11165 = DIRECTION('',(-1.,0.,2.2E-16));
#11166 = PLANE('',#11167);
#11167 = AXIS2_PLACEMENT_3D('',#11168,#11169,#11170);
#11168 = CARTESIAN_POINT('',(4.47,2.555,1.43));
#11169 = DIRECTION('',(0.,-1.,0.));
#11170 = DIRECTION('',(1.,0.,0.));
#11171 = ADVANCED_FACE('',(#11172),#11178,.F.);
#11172 = FACE_BOUND('',#11173,.F.);
#11173 = EDGE_LOOP('',(#11174,#11175,#11176,#11177));
#11174 = ORIENTED_EDGE('',*,*,#10012,.T.);
#11175 = ORIENTED_EDGE('',*,*,#11154,.T.);
#11176 = ORIENTED_EDGE('',*,*,#10317,.F.);
#11177 = ORIENTED_EDGE('',*,*,#10114,.F.);
#11178 = CYLINDRICAL_SURFACE('',#11179,0.15);
#11179 = AXIS2_PLACEMENT_3D('',#11180,#11181,#11182);
#11180 = CARTESIAN_POINT('',(4.47,2.405,1.28));
#11181 = DIRECTION('',(-1.,-0.,-0.));
#11182 = DIRECTION('',(-0.,1.1E-16,1.));
#11183 = ADVANCED_FACE('',(#11184),#11195,.T.);
#11184 = FACE_BOUND('',#11185,.F.);
#11185 = EDGE_LOOP('',(#11186,#11187,#11188,#11194));
#11186 = ORIENTED_EDGE('',*,*,#11161,.F.);
#11187 = ORIENTED_EDGE('',*,*,#10097,.T.);
#11188 = ORIENTED_EDGE('',*,*,#11189,.T.);
#11189 = EDGE_CURVE('',#10089,#10234,#11190,.T.);
#11190 = LINE('',#11191,#11192);
#11191 = CARTESIAN_POINT('',(4.47,2.555,-0.33));
#11192 = VECTOR('',#11193,1.);
#11193 = DIRECTION('',(-1.,0.,2.2E-16));
#11194 = ORIENTED_EDGE('',*,*,#10233,.F.);
#11195 = PLANE('',#11196);
#11196 = AXIS2_PLACEMENT_3D('',#11197,#11198,#11199);
#11197 = CARTESIAN_POINT('',(4.47,2.555,1.43));
#11198 = DIRECTION('',(0.,-1.,0.));
#11199 = DIRECTION('',(1.,0.,0.));
#11200 = ADVANCED_FACE('',(#11201),#11212,.T.);
#11201 = FACE_BOUND('',#11202,.T.);
#11202 = EDGE_LOOP('',(#11203,#11204,#11205,#11211));
#11203 = ORIENTED_EDGE('',*,*,#11189,.T.);
#11204 = ORIENTED_EDGE('',*,*,#10241,.F.);
#11205 = ORIENTED_EDGE('',*,*,#11206,.F.);
#11206 = EDGE_CURVE('',#10081,#10242,#11207,.T.);
#11207 = LINE('',#11208,#11209);
#11208 = CARTESIAN_POINT('',(4.47,2.606891237095,-0.53));
#11209 = VECTOR('',#11210,1.);
#11210 = DIRECTION('',(-1.,0.,2.2E-16));
#11211 = ORIENTED_EDGE('',*,*,#10088,.T.);
#11212 = CYLINDRICAL_SURFACE('',#11213,0.411367148648);
#11213 = AXIS2_PLACEMENT_3D('',#11214,#11215,#11216);
#11214 = CARTESIAN_POINT('',(4.47,2.966367148648,-0.33));
#11215 = DIRECTION('',(1.,0.,-2.2E-16));
#11216 = DIRECTION('',(-2.2E-16,-3.3E-16,-1.));
#11217 = ADVANCED_FACE('',(#11218),#11229,.T.);
#11218 = FACE_BOUND('',#11219,.F.);
#11219 = EDGE_LOOP('',(#11220,#11221,#11227,#11228));
#11220 = ORIENTED_EDGE('',*,*,#10080,.F.);
#11221 = ORIENTED_EDGE('',*,*,#11222,.T.);
#11222 = EDGE_CURVE('',#10072,#10251,#11223,.T.);
#11223 = LINE('',#11224,#11225);
#11224 = CARTESIAN_POINT('',(4.47,2.784928201306,-0.85));
#11225 = VECTOR('',#11226,1.);
#11226 = DIRECTION('',(-1.,0.,2.2E-16));
#11227 = ORIENTED_EDGE('',*,*,#10250,.F.);
#11228 = ORIENTED_EDGE('',*,*,#11206,.F.);
#11229 = PLANE('',#11230);
#11230 = AXIS2_PLACEMENT_3D('',#11231,#11232,#11233);
#11231 = CARTESIAN_POINT('',(4.47,2.784928201306,-0.85));
#11232 = DIRECTION('',(-1.1E-16,-0.873856633264,-0.486183694195));
#11233 = DIRECTION('',(-1.9E-16,0.486183694195,-0.873856633264));
#11234 = ADVANCED_FACE('',(#11235),#11246,.T.);
#11235 = FACE_BOUND('',#11236,.T.);
#11236 = EDGE_LOOP('',(#11237,#11238,#11239,#11245));
#11237 = ORIENTED_EDGE('',*,*,#11222,.T.);
#11238 = ORIENTED_EDGE('',*,*,#10258,.F.);
#11239 = ORIENTED_EDGE('',*,*,#11240,.F.);
#11240 = EDGE_CURVE('',#10064,#10259,#11241,.T.);
#11241 = LINE('',#11242,#11243);
#11242 = CARTESIAN_POINT('',(4.47,2.955,-0.95));
#11243 = VECTOR('',#11244,1.);
#11244 = DIRECTION('',(-1.,0.,2.2E-16));
#11245 = ORIENTED_EDGE('',*,*,#10071,.T.);
#11246 = CYLINDRICAL_SURFACE('',#11247,0.194622083554);
#11247 = AXIS2_PLACEMENT_3D('',#11248,#11249,#11250);
#11248 = CARTESIAN_POINT('',(4.47,2.955,-0.755377916446));
#11249 = DIRECTION('',(1.,0.,-2.2E-16));
#11250 = DIRECTION('',(-2.2E-16,-3.3E-16,-1.));
#11251 = ADVANCED_FACE('',(#11252),#11263,.T.);
#11252 = FACE_BOUND('',#11253,.F.);
#11253 = EDGE_LOOP('',(#11254,#11255,#11256,#11262));
#11254 = ORIENTED_EDGE('',*,*,#11138,.T.);
#11255 = ORIENTED_EDGE('',*,*,#10301,.T.);
#11256 = ORIENTED_EDGE('',*,*,#11257,.F.);
#11257 = EDGE_CURVE('',#10030,#10293,#11258,.T.);
#11258 = LINE('',#11259,#11260);
#11259 = CARTESIAN_POINT('',(4.47,3.655,-0.33));
#11260 = VECTOR('',#11261,1.);
#11261 = DIRECTION('',(-1.,0.,2.2E-16));
#11262 = ORIENTED_EDGE('',*,*,#10029,.F.);
#11263 = PLANE('',#11264);
#11264 = AXIS2_PLACEMENT_3D('',#11265,#11266,#11267);
#11265 = CARTESIAN_POINT('',(4.17,3.655,1.43));
#11266 = DIRECTION('',(0.,1.,0.));
#11267 = DIRECTION('',(-1.,0.,0.));
#11268 = ADVANCED_FACE('',(#11269),#11280,.F.);
#11269 = FACE_BOUND('',#11270,.T.);
#11270 = EDGE_LOOP('',(#11271,#11272,#11273,#11274));
#11271 = ORIENTED_EDGE('',*,*,#10063,.F.);
#11272 = ORIENTED_EDGE('',*,*,#11240,.T.);
#11273 = ORIENTED_EDGE('',*,*,#10267,.F.);
#11274 = ORIENTED_EDGE('',*,*,#11275,.F.);
#11275 = EDGE_CURVE('',#10055,#10268,#11276,.T.);
#11276 = LINE('',#11277,#11278);
#11277 = CARTESIAN_POINT('',(4.47,3.255,-0.95));
#11278 = VECTOR('',#11279,1.);
#11279 = DIRECTION('',(-1.,0.,2.2E-16));
#11280 = PLANE('',#11281);
#11281 = AXIS2_PLACEMENT_3D('',#11282,#11283,#11284);
#11282 = CARTESIAN_POINT('',(4.47,2.955,-0.95));
#11283 = DIRECTION('',(2.2E-16,3.3E-16,1.));
#11284 = DIRECTION('',(0.,-1.,3.3E-16));
#11285 = ADVANCED_FACE('',(#11286),#11297,.T.);
#11286 = FACE_BOUND('',#11287,.T.);
#11287 = EDGE_LOOP('',(#11288,#11294,#11295,#11296));
#11288 = ORIENTED_EDGE('',*,*,#11289,.T.);
#11289 = EDGE_CURVE('',#10038,#10285,#11290,.T.);
#11290 = LINE('',#11291,#11292);
#11291 = CARTESIAN_POINT('',(4.47,3.603108762905,-0.53));
#11292 = VECTOR('',#11293,1.);
#11293 = DIRECTION('',(-1.,0.,2.2E-16));
#11294 = ORIENTED_EDGE('',*,*,#10292,.F.);
#11295 = ORIENTED_EDGE('',*,*,#11257,.F.);
#11296 = ORIENTED_EDGE('',*,*,#10037,.T.);
#11297 = CYLINDRICAL_SURFACE('',#11298,0.411367148648);
#11298 = AXIS2_PLACEMENT_3D('',#11299,#11300,#11301);
#11299 = CARTESIAN_POINT('',(4.47,3.243632851352,-0.33));
#11300 = DIRECTION('',(1.,0.,-2.2E-16));
#11301 = DIRECTION('',(-2.2E-16,-3.3E-16,-1.));
#11302 = ADVANCED_FACE('',(#11303),#11314,.T.);
#11303 = FACE_BOUND('',#11304,.T.);
#11304 = EDGE_LOOP('',(#11305,#11306,#11307,#11313));
#11305 = ORIENTED_EDGE('',*,*,#11275,.T.);
#11306 = ORIENTED_EDGE('',*,*,#10275,.F.);
#11307 = ORIENTED_EDGE('',*,*,#11308,.F.);
#11308 = EDGE_CURVE('',#10047,#10276,#11309,.T.);
#11309 = LINE('',#11310,#11311);
#11310 = CARTESIAN_POINT('',(4.47,3.425071798694,-0.85));
#11311 = VECTOR('',#11312,1.);
#11312 = DIRECTION('',(-1.,0.,2.2E-16));
#11313 = ORIENTED_EDGE('',*,*,#10054,.T.);
#11314 = CYLINDRICAL_SURFACE('',#11315,0.194622083554);
#11315 = AXIS2_PLACEMENT_3D('',#11316,#11317,#11318);
#11316 = CARTESIAN_POINT('',(4.47,3.255,-0.755377916446));
#11317 = DIRECTION('',(1.,0.,-2.2E-16));
#11318 = DIRECTION('',(-2.2E-16,-3.3E-16,-1.));
#11319 = ADVANCED_FACE('',(#11320),#11326,.T.);
#11320 = FACE_BOUND('',#11321,.F.);
#11321 = EDGE_LOOP('',(#11322,#11323,#11324,#11325));
#11322 = ORIENTED_EDGE('',*,*,#10046,.F.);
#11323 = ORIENTED_EDGE('',*,*,#11289,.T.);
#11324 = ORIENTED_EDGE('',*,*,#10284,.F.);
#11325 = ORIENTED_EDGE('',*,*,#11308,.F.);
#11326 = PLANE('',#11327);
#11327 = AXIS2_PLACEMENT_3D('',#11328,#11329,#11330);
#11328 = CARTESIAN_POINT('',(4.47,3.603108762905,-0.53));
#11329 = DIRECTION('',(-1.1E-16,0.873856633264,-0.486183694195));
#11330 = DIRECTION('',(1.9E-16,0.486183694195,0.873856633264));
#11331 = ADVANCED_FACE('',(#11332,#11411),#11541,.F.);
#11332 = FACE_BOUND('',#11333,.T.);
#11333 = EDGE_LOOP('',(#11334,#11335,#11336,#11337,#11338,#11346,#11354,
    #11362,#11370,#11379,#11387,#11396,#11404));
#11334 = ORIENTED_EDGE('',*,*,#11119,.T.);
#11335 = ORIENTED_EDGE('',*,*,#10181,.F.);
#11336 = ORIENTED_EDGE('',*,*,#10511,.F.);
#11337 = ORIENTED_EDGE('',*,*,#10692,.T.);
#11338 = ORIENTED_EDGE('',*,*,#11339,.T.);
#11339 = EDGE_CURVE('',#10693,#11340,#11342,.T.);
#11340 = VERTEX_POINT('',#11341);
#11341 = CARTESIAN_POINT('',(1.05,3.655,3.01));
#11342 = LINE('',#11343,#11344);
#11343 = CARTESIAN_POINT('',(0.,3.655,3.01));
#11344 = VECTOR('',#11345,1.);
#11345 = DIRECTION('',(1.,0.,0.));
#11346 = ORIENTED_EDGE('',*,*,#11347,.T.);
#11347 = EDGE_CURVE('',#11340,#11348,#11350,.T.);
#11348 = VERTEX_POINT('',#11349);
#11349 = CARTESIAN_POINT('',(1.05,2.955,3.01));
#11350 = LINE('',#11351,#11352);
#11351 = CARTESIAN_POINT('',(1.05,-9.999999999999E-03,3.01));
#11352 = VECTOR('',#11353,1.);
#11353 = DIRECTION('',(0.,-1.,2.2E-16));
#11354 = ORIENTED_EDGE('',*,*,#11355,.T.);
#11355 = EDGE_CURVE('',#11348,#11356,#11358,.T.);
#11356 = VERTEX_POINT('',#11357);
#11357 = CARTESIAN_POINT('',(1.05,2.805,3.01));
#11358 = LINE('',#11359,#11360);
#11359 = CARTESIAN_POINT('',(1.05,-9.999999999998E-03,3.01));
#11360 = VECTOR('',#11361,1.);
#11361 = DIRECTION('',(0.,-1.,3.3E-16));
#11362 = ORIENTED_EDGE('',*,*,#11363,.T.);
#11363 = EDGE_CURVE('',#11356,#11364,#11366,.T.);
#11364 = VERTEX_POINT('',#11365);
#11365 = CARTESIAN_POINT('',(1.05,2.655,3.01));
#11366 = LINE('',#11367,#11368);
#11367 = CARTESIAN_POINT('',(1.05,-9.999999999999E-03,3.01));
#11368 = VECTOR('',#11369,1.);
#11369 = DIRECTION('',(0.,-1.,2.2E-16));
#11370 = ORIENTED_EDGE('',*,*,#11371,.T.);
#11371 = EDGE_CURVE('',#11364,#11372,#11374,.T.);
#11372 = VERTEX_POINT('',#11373);
#11373 = CARTESIAN_POINT('',(1.2,2.505,3.01));
#11374 = CIRCLE('',#11375,0.15);
#11375 = AXIS2_PLACEMENT_3D('',#11376,#11377,#11378);
#11376 = CARTESIAN_POINT('',(1.2,2.655,3.01));
#11377 = DIRECTION('',(0.,3.3E-16,1.));
#11378 = DIRECTION('',(0.,1.,-3.3E-16));
#11379 = ORIENTED_EDGE('',*,*,#11380,.T.);
#11380 = EDGE_CURVE('',#11372,#11381,#11383,.T.);
#11381 = VERTEX_POINT('',#11382);
#11382 = CARTESIAN_POINT('',(2.55,2.505,3.01));
#11383 = LINE('',#11384,#11385);
#11384 = CARTESIAN_POINT('',(0.525,2.505,3.01));
#11385 = VECTOR('',#11386,1.);
#11386 = DIRECTION('',(1.,0.,0.));
#11387 = ORIENTED_EDGE('',*,*,#11388,.F.);
#11388 = EDGE_CURVE('',#11389,#11381,#11391,.T.);
#11389 = VERTEX_POINT('',#11390);
#11390 = CARTESIAN_POINT('',(2.7,2.655,3.01));
#11391 = CIRCLE('',#11392,0.15);
#11392 = AXIS2_PLACEMENT_3D('',#11393,#11394,#11395);
#11393 = CARTESIAN_POINT('',(2.55,2.655,3.01));
#11394 = DIRECTION('',(0.,-3.3E-16,-1.));
#11395 = DIRECTION('',(0.,1.,-3.3E-16));
#11396 = ORIENTED_EDGE('',*,*,#11397,.T.);
#11397 = EDGE_CURVE('',#11389,#11398,#11400,.T.);
#11398 = VERTEX_POINT('',#11399);
#11399 = CARTESIAN_POINT('',(2.7,3.505,3.01));
#11400 = LINE('',#11401,#11402);
#11401 = CARTESIAN_POINT('',(2.7,-0.585,3.01));
#11402 = VECTOR('',#11403,1.);
#11403 = DIRECTION('',(0.,1.,-2.2E-16));
#11404 = ORIENTED_EDGE('',*,*,#11405,.F.);
#11405 = EDGE_CURVE('',#11112,#11398,#11406,.T.);
#11406 = CIRCLE('',#11407,0.15);
#11407 = AXIS2_PLACEMENT_3D('',#11408,#11409,#11410);
#11408 = CARTESIAN_POINT('',(2.85,3.505,3.01));
#11409 = DIRECTION('',(0.,3.3E-16,1.));
#11410 = DIRECTION('',(0.,1.,-3.3E-16));
#11411 = FACE_BOUND('',#11412,.T.);
#11412 = EDGE_LOOP('',(#11413,#11423,#11431,#11439,#11447,#11455,#11463,
    #11471,#11479,#11487,#11495,#11503,#11511,#11519,#11527,#11535));
#11413 = ORIENTED_EDGE('',*,*,#11414,.T.);
#11414 = EDGE_CURVE('',#11415,#11417,#11419,.T.);
#11415 = VERTEX_POINT('',#11416);
#11416 = CARTESIAN_POINT('',(1.16,1.625,3.01));
#11417 = VERTEX_POINT('',#11418);
#11418 = CARTESIAN_POINT('',(1.16,1.125,3.01));
#11419 = LINE('',#11420,#11421);
#11420 = CARTESIAN_POINT('',(1.16,-1.025,3.01));
#11421 = VECTOR('',#11422,1.);
#11422 = DIRECTION('',(0.,-1.,2.2E-16));
#11423 = ORIENTED_EDGE('',*,*,#11424,.T.);
#11424 = EDGE_CURVE('',#11417,#11425,#11427,.T.);
#11425 = VERTEX_POINT('',#11426);
#11426 = CARTESIAN_POINT('',(1.21,1.125,3.01));
#11427 = LINE('',#11428,#11429);
#11428 = CARTESIAN_POINT('',(0.58,1.125,3.01));
#11429 = VECTOR('',#11430,1.);
#11430 = DIRECTION('',(1.,0.,0.));
#11431 = ORIENTED_EDGE('',*,*,#11432,.T.);
#11432 = EDGE_CURVE('',#11425,#11433,#11435,.T.);
#11433 = VERTEX_POINT('',#11434);
#11434 = CARTESIAN_POINT('',(1.272132034356,1.125,3.01));
#11435 = LINE('',#11436,#11437);
#11436 = CARTESIAN_POINT('',(0.58,1.125,3.01));
#11437 = VECTOR('',#11438,1.);
#11438 = DIRECTION('',(1.,0.,0.));
#11439 = ORIENTED_EDGE('',*,*,#11440,.T.);
#11440 = EDGE_CURVE('',#11433,#11441,#11443,.T.);
#11441 = VERTEX_POINT('',#11442);
#11442 = CARTESIAN_POINT('',(1.66,1.125,3.01));
#11443 = LINE('',#11444,#11445);
#11444 = CARTESIAN_POINT('',(0.58,1.125,3.01));
#11445 = VECTOR('',#11446,1.);
#11446 = DIRECTION('',(1.,0.,0.));
#11447 = ORIENTED_EDGE('',*,*,#11448,.T.);
#11448 = EDGE_CURVE('',#11441,#11449,#11451,.T.);
#11449 = VERTEX_POINT('',#11450);
#11450 = CARTESIAN_POINT('',(1.88,1.125,3.01));
#11451 = LINE('',#11452,#11453);
#11452 = CARTESIAN_POINT('',(0.58,1.125,3.01));
#11453 = VECTOR('',#11454,1.);
#11454 = DIRECTION('',(1.,0.,0.));
#11455 = ORIENTED_EDGE('',*,*,#11456,.T.);
#11456 = EDGE_CURVE('',#11449,#11457,#11459,.T.);
#11457 = VERTEX_POINT('',#11458);
#11458 = CARTESIAN_POINT('',(2.267867965644,1.125,3.01));
#11459 = LINE('',#11460,#11461);
#11460 = CARTESIAN_POINT('',(0.58,1.125,3.01));
#11461 = VECTOR('',#11462,1.);
#11462 = DIRECTION('',(1.,0.,0.));
#11463 = ORIENTED_EDGE('',*,*,#11464,.T.);
#11464 = EDGE_CURVE('',#11457,#11465,#11467,.T.);
#11465 = VERTEX_POINT('',#11466);
#11466 = CARTESIAN_POINT('',(2.33,1.125,3.01));
#11467 = LINE('',#11468,#11469);
#11468 = CARTESIAN_POINT('',(0.58,1.125,3.01));
#11469 = VECTOR('',#11470,1.);
#11470 = DIRECTION('',(1.,0.,0.));
#11471 = ORIENTED_EDGE('',*,*,#11472,.T.);
#11472 = EDGE_CURVE('',#11465,#11473,#11475,.T.);
#11473 = VERTEX_POINT('',#11474);
#11474 = CARTESIAN_POINT('',(2.38,1.125,3.01));
#11475 = LINE('',#11476,#11477);
#11476 = CARTESIAN_POINT('',(0.58,1.125,3.01));
#11477 = VECTOR('',#11478,1.);
#11478 = DIRECTION('',(1.,0.,0.));
#11479 = ORIENTED_EDGE('',*,*,#11480,.T.);
#11480 = EDGE_CURVE('',#11473,#11481,#11483,.T.);
#11481 = VERTEX_POINT('',#11482);
#11482 = CARTESIAN_POINT('',(2.38,1.625,3.01));
#11483 = LINE('',#11484,#11485);
#11484 = CARTESIAN_POINT('',(2.38,-1.275,3.01));
#11485 = VECTOR('',#11486,1.);
#11486 = DIRECTION('',(0.,1.,-2.2E-16));
#11487 = ORIENTED_EDGE('',*,*,#11488,.T.);
#11488 = EDGE_CURVE('',#11481,#11489,#11491,.T.);
#11489 = VERTEX_POINT('',#11490);
#11490 = CARTESIAN_POINT('',(2.33,1.625,3.01));
#11491 = LINE('',#11492,#11493);
#11492 = CARTESIAN_POINT('',(1.19,1.625,3.01));
#11493 = VECTOR('',#11494,1.);
#11494 = DIRECTION('',(-1.,-0.,-0.));
#11495 = ORIENTED_EDGE('',*,*,#11496,.T.);
#11496 = EDGE_CURVE('',#11489,#11497,#11499,.T.);
#11497 = VERTEX_POINT('',#11498);
#11498 = CARTESIAN_POINT('',(2.267867965644,1.625,3.01));
#11499 = LINE('',#11500,#11501);
#11500 = CARTESIAN_POINT('',(1.19,1.625,3.01));
#11501 = VECTOR('',#11502,1.);
#11502 = DIRECTION('',(-1.,-0.,-0.));
#11503 = ORIENTED_EDGE('',*,*,#11504,.T.);
#11504 = EDGE_CURVE('',#11497,#11505,#11507,.T.);
#11505 = VERTEX_POINT('',#11506);
#11506 = CARTESIAN_POINT('',(1.88,1.625,3.01));
#11507 = LINE('',#11508,#11509);
#11508 = CARTESIAN_POINT('',(1.19,1.625,3.01));
#11509 = VECTOR('',#11510,1.);
#11510 = DIRECTION('',(-1.,-0.,-0.));
#11511 = ORIENTED_EDGE('',*,*,#11512,.T.);
#11512 = EDGE_CURVE('',#11505,#11513,#11515,.T.);
#11513 = VERTEX_POINT('',#11514);
#11514 = CARTESIAN_POINT('',(1.66,1.625,3.01));
#11515 = LINE('',#11516,#11517);
#11516 = CARTESIAN_POINT('',(1.19,1.625,3.01));
#11517 = VECTOR('',#11518,1.);
#11518 = DIRECTION('',(-1.,-0.,-0.));
#11519 = ORIENTED_EDGE('',*,*,#11520,.T.);
#11520 = EDGE_CURVE('',#11513,#11521,#11523,.T.);
#11521 = VERTEX_POINT('',#11522);
#11522 = CARTESIAN_POINT('',(1.272132034356,1.625,3.01));
#11523 = LINE('',#11524,#11525);
#11524 = CARTESIAN_POINT('',(1.19,1.625,3.01));
#11525 = VECTOR('',#11526,1.);
#11526 = DIRECTION('',(-1.,-0.,-0.));
#11527 = ORIENTED_EDGE('',*,*,#11528,.T.);
#11528 = EDGE_CURVE('',#11521,#11529,#11531,.T.);
#11529 = VERTEX_POINT('',#11530);
#11530 = CARTESIAN_POINT('',(1.21,1.625,3.01));
#11531 = LINE('',#11532,#11533);
#11532 = CARTESIAN_POINT('',(1.19,1.625,3.01));
#11533 = VECTOR('',#11534,1.);
#11534 = DIRECTION('',(-1.,-0.,-0.));
#11535 = ORIENTED_EDGE('',*,*,#11536,.T.);
#11536 = EDGE_CURVE('',#11529,#11415,#11537,.T.);
#11537 = LINE('',#11538,#11539);
#11538 = CARTESIAN_POINT('',(1.19,1.625,3.01));
#11539 = VECTOR('',#11540,1.);
#11540 = DIRECTION('',(-1.,-0.,-0.));
#11541 = PLANE('',#11542);
#11542 = AXIS2_PLACEMENT_3D('',#11543,#11544,#11545);
#11543 = CARTESIAN_POINT('',(0.,-3.675,3.01));
#11544 = DIRECTION('',(0.,2.2E-16,1.));
#11545 = DIRECTION('',(-1.,0.,0.));
#11546 = ADVANCED_FACE('',(#11547),#11558,.T.);
#11547 = FACE_BOUND('',#11548,.T.);
#11548 = EDGE_LOOP('',(#11549,#11550,#11551,#11557));
#11549 = ORIENTED_EDGE('',*,*,#11111,.T.);
#11550 = ORIENTED_EDGE('',*,*,#11405,.T.);
#11551 = ORIENTED_EDGE('',*,*,#11552,.F.);
#11552 = EDGE_CURVE('',#10604,#11398,#11553,.T.);
#11553 = LINE('',#11554,#11555);
#11554 = CARTESIAN_POINT('',(2.7,3.505,3.31));
#11555 = VECTOR('',#11556,1.);
#11556 = DIRECTION('',(-0.,-3.3E-16,-1.));
#11557 = ORIENTED_EDGE('',*,*,#10611,.F.);
#11558 = CYLINDRICAL_SURFACE('',#11559,0.15);
#11559 = AXIS2_PLACEMENT_3D('',#11560,#11561,#11562);
#11560 = CARTESIAN_POINT('',(2.85,3.505,3.31));
#11561 = DIRECTION('',(-0.,-3.3E-16,-1.));
#11562 = DIRECTION('',(0.,1.,-3.3E-16));
#11563 = ADVANCED_FACE('',(#11564),#11575,.T.);
#11564 = FACE_BOUND('',#11565,.F.);
#11565 = EDGE_LOOP('',(#11566,#11567,#11573,#11574));
#11566 = ORIENTED_EDGE('',*,*,#10603,.F.);
#11567 = ORIENTED_EDGE('',*,*,#11568,.T.);
#11568 = EDGE_CURVE('',#10595,#11389,#11569,.T.);
#11569 = LINE('',#11570,#11571);
#11570 = CARTESIAN_POINT('',(2.7,2.655,3.31));
#11571 = VECTOR('',#11572,1.);
#11572 = DIRECTION('',(-0.,-3.3E-16,-1.));
#11573 = ORIENTED_EDGE('',*,*,#11397,.T.);
#11574 = ORIENTED_EDGE('',*,*,#11552,.F.);
#11575 = PLANE('',#11576);
#11576 = AXIS2_PLACEMENT_3D('',#11577,#11578,#11579);
#11577 = CARTESIAN_POINT('',(2.7,2.505,3.31));
#11578 = DIRECTION('',(-1.,-0.,-0.));
#11579 = DIRECTION('',(0.,-1.,2.2E-16));
#11580 = ADVANCED_FACE('',(#11581),#11592,.F.);
#11581 = FACE_BOUND('',#11582,.F.);
#11582 = EDGE_LOOP('',(#11583,#11584,#11590,#11591));
#11583 = ORIENTED_EDGE('',*,*,#10594,.T.);
#11584 = ORIENTED_EDGE('',*,*,#11585,.T.);
#11585 = EDGE_CURVE('',#10587,#11381,#11586,.T.);
#11586 = LINE('',#11587,#11588);
#11587 = CARTESIAN_POINT('',(2.55,2.505,3.31));
#11588 = VECTOR('',#11589,1.);
#11589 = DIRECTION('',(-0.,-3.3E-16,-1.));
#11590 = ORIENTED_EDGE('',*,*,#11388,.F.);
#11591 = ORIENTED_EDGE('',*,*,#11568,.F.);
#11592 = CYLINDRICAL_SURFACE('',#11593,0.15);
#11593 = AXIS2_PLACEMENT_3D('',#11594,#11595,#11596);
#11594 = CARTESIAN_POINT('',(2.55,2.655,3.31));
#11595 = DIRECTION('',(-0.,-3.3E-16,-1.));
#11596 = DIRECTION('',(1.,-0.,0.));
#11597 = ADVANCED_FACE('',(#11598),#11609,.T.);
#11598 = FACE_BOUND('',#11599,.F.);
#11599 = EDGE_LOOP('',(#11600,#11601,#11607,#11608));
#11600 = ORIENTED_EDGE('',*,*,#10586,.F.);
#11601 = ORIENTED_EDGE('',*,*,#11602,.T.);
#11602 = EDGE_CURVE('',#10578,#11372,#11603,.T.);
#11603 = LINE('',#11604,#11605);
#11604 = CARTESIAN_POINT('',(1.2,2.505,3.31));
#11605 = VECTOR('',#11606,1.);
#11606 = DIRECTION('',(-0.,-3.3E-16,-1.));
#11607 = ORIENTED_EDGE('',*,*,#11380,.T.);
#11608 = ORIENTED_EDGE('',*,*,#11585,.F.);
#11609 = PLANE('',#11610);
#11610 = AXIS2_PLACEMENT_3D('',#11611,#11612,#11613);
#11611 = CARTESIAN_POINT('',(1.05,2.505,3.31));
#11612 = DIRECTION('',(0.,1.,-2.2E-16));
#11613 = DIRECTION('',(-1.,0.,0.));
#11614 = ADVANCED_FACE('',(#11615),#11626,.T.);
#11615 = FACE_BOUND('',#11616,.F.);
#11616 = EDGE_LOOP('',(#11617,#11618,#11619,#11620));
#11617 = ORIENTED_EDGE('',*,*,#10545,.F.);
#11618 = ORIENTED_EDGE('',*,*,#10703,.T.);
#11619 = ORIENTED_EDGE('',*,*,#11339,.T.);
#11620 = ORIENTED_EDGE('',*,*,#11621,.F.);
#11621 = EDGE_CURVE('',#10546,#11340,#11622,.T.);
#11622 = LINE('',#11623,#11624);
#11623 = CARTESIAN_POINT('',(1.05,3.655,3.31));
#11624 = VECTOR('',#11625,1.);
#11625 = DIRECTION('',(-0.,-2.2E-16,-1.));
#11626 = PLANE('',#11627);
#11627 = AXIS2_PLACEMENT_3D('',#11628,#11629,#11630);
#11628 = CARTESIAN_POINT('',(2.453655549214,3.655,1.73));
#11629 = DIRECTION('',(0.,1.,0.));
#11630 = DIRECTION('',(0.,0.,-1.));
#11631 = ADVANCED_FACE('',(#11632),#11643,.F.);
#11632 = FACE_BOUND('',#11633,.F.);
#11633 = EDGE_LOOP('',(#11634,#11640,#11641,#11642));
#11634 = ORIENTED_EDGE('',*,*,#11635,.T.);
#11635 = EDGE_CURVE('',#10570,#11364,#11636,.T.);
#11636 = LINE('',#11637,#11638);
#11637 = CARTESIAN_POINT('',(1.05,2.655,3.31));
#11638 = VECTOR('',#11639,1.);
#11639 = DIRECTION('',(-0.,-3.3E-16,-1.));
#11640 = ORIENTED_EDGE('',*,*,#11371,.T.);
#11641 = ORIENTED_EDGE('',*,*,#11602,.F.);
#11642 = ORIENTED_EDGE('',*,*,#10577,.F.);
#11643 = CYLINDRICAL_SURFACE('',#11644,0.15);
#11644 = AXIS2_PLACEMENT_3D('',#11645,#11646,#11647);
#11645 = CARTESIAN_POINT('',(1.2,2.655,3.31));
#11646 = DIRECTION('',(-0.,-3.3E-16,-1.));
#11647 = DIRECTION('',(-1.,0.,0.));
#11648 = ADVANCED_FACE('',(#11649),#11684,.T.);
#11649 = FACE_BOUND('',#11650,.F.);
#11650 = EDGE_LOOP('',(#11651,#11661,#11668,#11669,#11670,#11678));
#11651 = ORIENTED_EDGE('',*,*,#11652,.T.);
#11652 = EDGE_CURVE('',#11653,#11655,#11657,.T.);
#11653 = VERTEX_POINT('',#11654);
#11654 = CARTESIAN_POINT('',(1.21,2.955,3.31));
#11655 = VERTEX_POINT('',#11656);
#11656 = CARTESIAN_POINT('',(1.2,2.955,3.31));
#11657 = LINE('',#11658,#11659);
#11658 = CARTESIAN_POINT('',(1.21,2.955,3.31));
#11659 = VECTOR('',#11660,1.);
#11660 = DIRECTION('',(-1.,-0.,-0.));
#11661 = ORIENTED_EDGE('',*,*,#11662,.F.);
#11662 = EDGE_CURVE('',#10562,#11655,#11663,.T.);
#11663 = CIRCLE('',#11664,0.15);
#11664 = AXIS2_PLACEMENT_3D('',#11665,#11666,#11667);
#11665 = CARTESIAN_POINT('',(1.2,2.805,3.31));
#11666 = DIRECTION('',(-2.2E-16,-3.3E-16,-1.));
#11667 = DIRECTION('',(-1.,0.,2.2E-16));
#11668 = ORIENTED_EDGE('',*,*,#10561,.F.);
#11669 = ORIENTED_EDGE('',*,*,#10553,.F.);
#11670 = ORIENTED_EDGE('',*,*,#11671,.F.);
#11671 = EDGE_CURVE('',#11672,#10546,#11674,.T.);
#11672 = VERTEX_POINT('',#11673);
#11673 = CARTESIAN_POINT('',(1.21,3.655,3.31));
#11674 = LINE('',#11675,#11676);
#11675 = CARTESIAN_POINT('',(1.21,3.655,3.31));
#11676 = VECTOR('',#11677,1.);
#11677 = DIRECTION('',(-1.,0.,2.2E-16));
#11678 = ORIENTED_EDGE('',*,*,#11679,.F.);
#11679 = EDGE_CURVE('',#11653,#11672,#11680,.T.);
#11680 = LINE('',#11681,#11682);
#11681 = CARTESIAN_POINT('',(1.21,3.655,3.31));
#11682 = VECTOR('',#11683,1.);
#11683 = DIRECTION('',(0.,1.,-2.2E-16));
#11684 = PLANE('',#11685);
#11685 = AXIS2_PLACEMENT_3D('',#11686,#11687,#11688);
#11686 = CARTESIAN_POINT('',(1.21,3.655,3.31));
#11687 = DIRECTION('',(0.,2.2E-16,1.));
#11688 = DIRECTION('',(0.,1.,-2.2E-16));
#11689 = ADVANCED_FACE('',(#11690),#11701,.T.);
#11690 = FACE_BOUND('',#11691,.F.);
#11691 = EDGE_LOOP('',(#11692,#11693,#11699,#11700));
#11692 = ORIENTED_EDGE('',*,*,#10569,.F.);
#11693 = ORIENTED_EDGE('',*,*,#11694,.T.);
#11694 = EDGE_CURVE('',#10562,#11356,#11695,.T.);
#11695 = LINE('',#11696,#11697);
#11696 = CARTESIAN_POINT('',(1.05,2.805,3.31));
#11697 = VECTOR('',#11698,1.);
#11698 = DIRECTION('',(-2.2E-16,-3.3E-16,-1.));
#11699 = ORIENTED_EDGE('',*,*,#11363,.T.);
#11700 = ORIENTED_EDGE('',*,*,#11635,.F.);
#11701 = PLANE('',#11702);
#11702 = AXIS2_PLACEMENT_3D('',#11703,#11704,#11705);
#11703 = CARTESIAN_POINT('',(1.05,3.655,3.31));
#11704 = DIRECTION('',(1.,0.,0.));
#11705 = DIRECTION('',(0.,1.,-2.2E-16));
#11706 = ADVANCED_FACE('',(#11707),#11718,.T.);
#11707 = FACE_BOUND('',#11708,.T.);
#11708 = EDGE_LOOP('',(#11709,#11710,#11711,#11712));
#11709 = ORIENTED_EDGE('',*,*,#10678,.T.);
#11710 = ORIENTED_EDGE('',*,*,#10620,.T.);
#11711 = ORIENTED_EDGE('',*,*,#10630,.T.);
#11712 = ORIENTED_EDGE('',*,*,#11713,.F.);
#11713 = EDGE_CURVE('',#10671,#10631,#11714,.T.);
#11714 = LINE('',#11715,#11716);
#11715 = CARTESIAN_POINT('',(1.21,1.125,3.31));
#11716 = VECTOR('',#11717,1.);
#11717 = DIRECTION('',(0.,-1.,1.1E-16));
#11718 = PLANE('',#11719);
#11719 = AXIS2_PLACEMENT_3D('',#11720,#11721,#11722);
#11720 = CARTESIAN_POINT('',(1.21,1.125,3.31));
#11721 = DIRECTION('',(0.,1.1E-16,1.));
#11722 = DIRECTION('',(0.,-1.,1.1E-16));
#11723 = ADVANCED_FACE('',(#11724),#11735,.T.);
#11724 = FACE_BOUND('',#11725,.F.);
#11725 = EDGE_LOOP('',(#11726,#11727,#11728,#11729));
#11726 = ORIENTED_EDGE('',*,*,#10662,.F.);
#11727 = ORIENTED_EDGE('',*,*,#10654,.F.);
#11728 = ORIENTED_EDGE('',*,*,#10646,.F.);
#11729 = ORIENTED_EDGE('',*,*,#11730,.F.);
#11730 = EDGE_CURVE('',#10663,#10639,#11731,.T.);
#11731 = LINE('',#11732,#11733);
#11732 = CARTESIAN_POINT('',(2.33,1.125,3.31));
#11733 = VECTOR('',#11734,1.);
#11734 = DIRECTION('',(0.,-1.,1.1E-16));
#11735 = PLANE('',#11736);
#11736 = AXIS2_PLACEMENT_3D('',#11737,#11738,#11739);
#11737 = CARTESIAN_POINT('',(2.33,1.125,3.31));
#11738 = DIRECTION('',(0.,1.1E-16,1.));
#11739 = DIRECTION('',(0.,1.,-1.1E-16));
#11740 = ADVANCED_FACE('',(#11741),#11775,.T.);
#11741 = FACE_BOUND('',#11742,.F.);
#11742 = EDGE_LOOP('',(#11743,#11744,#11753,#11759,#11760,#11768));
#11743 = ORIENTED_EDGE('',*,*,#10670,.F.);
#11744 = ORIENTED_EDGE('',*,*,#11745,.T.);
#11745 = EDGE_CURVE('',#10663,#11746,#11748,.T.);
#11746 = VERTEX_POINT('',#11747);
#11747 = CARTESIAN_POINT('',(2.073933982822,1.625,3.203933982822));
#11748 = CIRCLE('',#11749,0.362132034356);
#11749 = AXIS2_PLACEMENT_3D('',#11750,#11751,#11752);
#11750 = CARTESIAN_POINT('',(2.33,1.625,2.947867965644));
#11751 = DIRECTION('',(0.,-1.,2.2E-16));
#11752 = DIRECTION('',(-1.,2.706E-31,1.23E-15));
#11753 = ORIENTED_EDGE('',*,*,#11754,.T.);
#11754 = EDGE_CURVE('',#11746,#11505,#11755,.T.);
#11755 = LINE('',#11756,#11757);
#11756 = CARTESIAN_POINT('',(2.073933982822,1.625,3.203933982822));
#11757 = VECTOR('',#11758,1.);
#11758 = DIRECTION('',(-0.707106781187,8.E-17,-0.707106781187));
#11759 = ORIENTED_EDGE('',*,*,#11512,.T.);
#11760 = ORIENTED_EDGE('',*,*,#11761,.F.);
#11761 = EDGE_CURVE('',#11762,#11513,#11764,.T.);
#11762 = VERTEX_POINT('',#11763);
#11763 = CARTESIAN_POINT('',(1.466066017178,1.625,3.203933982822));
#11764 = LINE('',#11765,#11766);
#11765 = CARTESIAN_POINT('',(1.466066017178,1.625,3.203933982822));
#11766 = VECTOR('',#11767,1.);
#11767 = DIRECTION('',(0.707106781187,8.E-17,-0.707106781187));
#11768 = ORIENTED_EDGE('',*,*,#11769,.F.);
#11769 = EDGE_CURVE('',#10671,#11762,#11770,.T.);
#11770 = CIRCLE('',#11771,0.362132034356);
#11771 = AXIS2_PLACEMENT_3D('',#11772,#11773,#11774);
#11772 = CARTESIAN_POINT('',(1.21,1.625,2.947867965644));
#11773 = DIRECTION('',(0.,1.,-2.2E-16));
#11774 = DIRECTION('',(1.,2.706E-31,1.23E-15));
#11775 = PLANE('',#11776);
#11776 = AXIS2_PLACEMENT_3D('',#11777,#11778,#11779);
#11777 = CARTESIAN_POINT('',(2.38,1.625,3.31));
#11778 = DIRECTION('',(0.,-1.,2.2E-16));
#11779 = DIRECTION('',(1.,0.,0.));
#11780 = ADVANCED_FACE('',(#11781),#11815,.T.);
#11781 = FACE_BOUND('',#11782,.F.);
#11782 = EDGE_LOOP('',(#11783,#11784,#11793,#11799,#11800,#11808));
#11783 = ORIENTED_EDGE('',*,*,#10638,.F.);
#11784 = ORIENTED_EDGE('',*,*,#11785,.T.);
#11785 = EDGE_CURVE('',#10631,#11786,#11788,.T.);
#11786 = VERTEX_POINT('',#11787);
#11787 = CARTESIAN_POINT('',(1.466066017178,1.125,3.203933982822));
#11788 = CIRCLE('',#11789,0.362132034356);
#11789 = AXIS2_PLACEMENT_3D('',#11790,#11791,#11792);
#11790 = CARTESIAN_POINT('',(1.21,1.125,2.947867965644));
#11791 = DIRECTION('',(0.,1.,-2.2E-16));
#11792 = DIRECTION('',(1.,2.706E-31,1.23E-15));
#11793 = ORIENTED_EDGE('',*,*,#11794,.T.);
#11794 = EDGE_CURVE('',#11786,#11441,#11795,.T.);
#11795 = LINE('',#11796,#11797);
#11796 = CARTESIAN_POINT('',(1.466066017178,1.125,3.203933982822));
#11797 = VECTOR('',#11798,1.);
#11798 = DIRECTION('',(0.707106781187,8.E-17,-0.707106781187));
#11799 = ORIENTED_EDGE('',*,*,#11448,.T.);
#11800 = ORIENTED_EDGE('',*,*,#11801,.F.);
#11801 = EDGE_CURVE('',#11802,#11449,#11804,.T.);
#11802 = VERTEX_POINT('',#11803);
#11803 = CARTESIAN_POINT('',(2.073933982822,1.125,3.203933982822));
#11804 = LINE('',#11805,#11806);
#11805 = CARTESIAN_POINT('',(2.073933982822,1.125,3.203933982822));
#11806 = VECTOR('',#11807,1.);
#11807 = DIRECTION('',(-0.707106781187,8.E-17,-0.707106781187));
#11808 = ORIENTED_EDGE('',*,*,#11809,.F.);
#11809 = EDGE_CURVE('',#10639,#11802,#11810,.T.);
#11810 = CIRCLE('',#11811,0.362132034356);
#11811 = AXIS2_PLACEMENT_3D('',#11812,#11813,#11814);
#11812 = CARTESIAN_POINT('',(2.33,1.125,2.947867965644));
#11813 = DIRECTION('',(0.,-1.,2.2E-16));
#11814 = DIRECTION('',(-1.,2.706E-31,1.23E-15));
#11815 = PLANE('',#11816);
#11816 = AXIS2_PLACEMENT_3D('',#11817,#11818,#11819);
#11817 = CARTESIAN_POINT('',(1.16,1.125,3.31));
#11818 = DIRECTION('',(0.,1.,-2.2E-16));
#11819 = DIRECTION('',(-1.,0.,0.));
#11820 = ADVANCED_FACE('',(#11821),#11856,.T.);
#11821 = FACE_BOUND('',#11822,.F.);
#11822 = EDGE_LOOP('',(#11823,#11833,#11841,#11847,#11848,#11849));
#11823 = ORIENTED_EDGE('',*,*,#11824,.F.);
#11824 = EDGE_CURVE('',#11825,#11827,#11829,.T.);
#11825 = VERTEX_POINT('',#11826);
#11826 = CARTESIAN_POINT('',(1.21,2.955,3.01));
#11827 = VERTEX_POINT('',#11828);
#11828 = CARTESIAN_POINT('',(1.2,2.955,3.01));
#11829 = LINE('',#11830,#11831);
#11830 = CARTESIAN_POINT('',(1.21,2.955,3.01));
#11831 = VECTOR('',#11832,1.);
#11832 = DIRECTION('',(-1.,0.,2.2E-16));
#11833 = ORIENTED_EDGE('',*,*,#11834,.T.);
#11834 = EDGE_CURVE('',#11825,#11835,#11837,.T.);
#11835 = VERTEX_POINT('',#11836);
#11836 = CARTESIAN_POINT('',(1.21,3.655,3.01));
#11837 = LINE('',#11838,#11839);
#11838 = CARTESIAN_POINT('',(1.21,2.955,3.01));
#11839 = VECTOR('',#11840,1.);
#11840 = DIRECTION('',(0.,1.,-2.2E-16));
#11841 = ORIENTED_EDGE('',*,*,#11842,.T.);
#11842 = EDGE_CURVE('',#11835,#11340,#11843,.T.);
#11843 = LINE('',#11844,#11845);
#11844 = CARTESIAN_POINT('',(1.21,3.655,3.01));
#11845 = VECTOR('',#11846,1.);
#11846 = DIRECTION('',(-1.,0.,2.2E-16));
#11847 = ORIENTED_EDGE('',*,*,#11347,.T.);
#11848 = ORIENTED_EDGE('',*,*,#11355,.T.);
#11849 = ORIENTED_EDGE('',*,*,#11850,.T.);
#11850 = EDGE_CURVE('',#11356,#11827,#11851,.T.);
#11851 = CIRCLE('',#11852,0.15);
#11852 = AXIS2_PLACEMENT_3D('',#11853,#11854,#11855);
#11853 = CARTESIAN_POINT('',(1.2,2.805,3.01));
#11854 = DIRECTION('',(-2.2E-16,-3.3E-16,-1.));
#11855 = DIRECTION('',(-1.,0.,2.2E-16));
#11856 = PLANE('',#11857);
#11857 = AXIS2_PLACEMENT_3D('',#11858,#11859,#11860);
#11858 = CARTESIAN_POINT('',(1.21,2.955,3.01));
#11859 = DIRECTION('',(-0.,-2.2E-16,-1.));
#11860 = DIRECTION('',(0.,-1.,2.2E-16));
#11861 = ADVANCED_FACE('',(#11862),#11873,.T.);
#11862 = FACE_BOUND('',#11863,.T.);
#11863 = EDGE_LOOP('',(#11864,#11865,#11866,#11867));
#11864 = ORIENTED_EDGE('',*,*,#11424,.F.);
#11865 = ORIENTED_EDGE('',*,*,#11414,.F.);
#11866 = ORIENTED_EDGE('',*,*,#11536,.F.);
#11867 = ORIENTED_EDGE('',*,*,#11868,.F.);
#11868 = EDGE_CURVE('',#11425,#11529,#11869,.T.);
#11869 = LINE('',#11870,#11871);
#11870 = CARTESIAN_POINT('',(1.21,-1.275,3.01));
#11871 = VECTOR('',#11872,1.);
#11872 = DIRECTION('',(0.,1.,-1.1E-16));
#11873 = PLANE('',#11874);
#11874 = AXIS2_PLACEMENT_3D('',#11875,#11876,#11877);
#11875 = CARTESIAN_POINT('',(1.21,-1.275,3.01));
#11876 = DIRECTION('',(-0.,-1.1E-16,-1.));
#11877 = DIRECTION('',(0.,1.,-1.1E-16));
#11878 = ADVANCED_FACE('',(#11879),#11890,.T.);
#11879 = FACE_BOUND('',#11880,.F.);
#11880 = EDGE_LOOP('',(#11881,#11882,#11883,#11884));
#11881 = ORIENTED_EDGE('',*,*,#11472,.T.);
#11882 = ORIENTED_EDGE('',*,*,#11480,.T.);
#11883 = ORIENTED_EDGE('',*,*,#11488,.T.);
#11884 = ORIENTED_EDGE('',*,*,#11885,.F.);
#11885 = EDGE_CURVE('',#11465,#11489,#11886,.T.);
#11886 = LINE('',#11887,#11888);
#11887 = CARTESIAN_POINT('',(2.33,-1.275,3.01));
#11888 = VECTOR('',#11889,1.);
#11889 = DIRECTION('',(0.,1.,-1.1E-16));
#11890 = PLANE('',#11891);
#11891 = AXIS2_PLACEMENT_3D('',#11892,#11893,#11894);
#11892 = CARTESIAN_POINT('',(2.33,-1.275,3.01));
#11893 = DIRECTION('',(-0.,-1.1E-16,-1.));
#11894 = DIRECTION('',(0.,-1.,1.1E-16));
#11895 = ADVANCED_FACE('',(#11896),#11914,.F.);
#11896 = FACE_BOUND('',#11897,.T.);
#11897 = EDGE_LOOP('',(#11898,#11899,#11908));
#11898 = ORIENTED_EDGE('',*,*,#11496,.F.);
#11899 = ORIENTED_EDGE('',*,*,#11900,.T.);
#11900 = EDGE_CURVE('',#11489,#11901,#11903,.T.);
#11901 = VERTEX_POINT('',#11902);
#11902 = CARTESIAN_POINT('',(2.286066017178,1.625,2.991801948466));
#11903 = CIRCLE('',#11904,6.213203435597E-02);
#11904 = AXIS2_PLACEMENT_3D('',#11905,#11906,#11907);
#11905 = CARTESIAN_POINT('',(2.33,1.625,2.947867965644));
#11906 = DIRECTION('',(0.,-1.,2.2E-16));
#11907 = DIRECTION('',(-1.,-1.573E-30,-7.15E-15));
#11908 = ORIENTED_EDGE('',*,*,#11909,.T.);
#11909 = EDGE_CURVE('',#11901,#11497,#11910,.T.);
#11910 = LINE('',#11911,#11912);
#11911 = CARTESIAN_POINT('',(2.073933982822,1.625,3.203933982822));
#11912 = VECTOR('',#11913,1.);
#11913 = DIRECTION('',(-0.707106781187,3.8E-16,0.707106781187));
#11914 = PLANE('',#11915);
#11915 = AXIS2_PLACEMENT_3D('',#11916,#11917,#11918);
#11916 = CARTESIAN_POINT('',(2.248820584978,1.625,3.143852410375));
#11917 = DIRECTION('',(0.,-1.,2.2E-16));
#11918 = DIRECTION('',(0.923879532511,8.419035512033E-17,0.382683432365)
  );
#11919 = ADVANCED_FACE('',(#11920),#11946,.T.);
#11920 = FACE_BOUND('',#11921,.F.);
#11921 = EDGE_LOOP('',(#11922,#11930,#11931,#11932,#11940));
#11922 = ORIENTED_EDGE('',*,*,#11923,.F.);
#11923 = EDGE_CURVE('',#11901,#11924,#11926,.T.);
#11924 = VERTEX_POINT('',#11925);
#11925 = CARTESIAN_POINT('',(2.026066017178,1.625,2.731801948466));
#11926 = LINE('',#11927,#11928);
#11927 = CARTESIAN_POINT('',(2.286066017178,1.625,2.991801948466));
#11928 = VECTOR('',#11929,1.);
#11929 = DIRECTION('',(-0.707106781187,8.E-17,-0.707106781187));
#11930 = ORIENTED_EDGE('',*,*,#11909,.T.);
#11931 = ORIENTED_EDGE('',*,*,#11504,.T.);
#11932 = ORIENTED_EDGE('',*,*,#11933,.T.);
#11933 = EDGE_CURVE('',#11505,#11934,#11936,.T.);
#11934 = VERTEX_POINT('',#11935);
#11935 = CARTESIAN_POINT('',(1.813933982822,1.625,2.943933982822));
#11936 = LINE('',#11937,#11938);
#11937 = CARTESIAN_POINT('',(2.073933982822,1.625,3.203933982822));
#11938 = VECTOR('',#11939,1.);
#11939 = DIRECTION('',(-0.707106781187,8.E-17,-0.707106781187));
#11940 = ORIENTED_EDGE('',*,*,#11941,.F.);
#11941 = EDGE_CURVE('',#11924,#11934,#11942,.T.);
#11942 = LINE('',#11943,#11944);
#11943 = CARTESIAN_POINT('',(1.813933982822,1.625,2.943933982822));
#11944 = VECTOR('',#11945,1.);
#11945 = DIRECTION('',(-0.707106781187,1.5E-16,0.707106781187));
#11946 = PLANE('',#11947);
#11947 = AXIS2_PLACEMENT_3D('',#11948,#11949,#11950);
#11948 = CARTESIAN_POINT('',(2.073933982822,1.625,3.203933982822));
#11949 = DIRECTION('',(-1.E-17,1.,-2.1E-16));
#11950 = DIRECTION('',(0.707106781187,-1.414213562373E-16,
    -0.707106781187));
#11951 = ADVANCED_FACE('',(#11952),#11985,.T.);
#11952 = FACE_BOUND('',#11953,.T.);
#11953 = EDGE_LOOP('',(#11954,#11964,#11970,#11971,#11979));
#11954 = ORIENTED_EDGE('',*,*,#11955,.F.);
#11955 = EDGE_CURVE('',#11956,#11958,#11960,.T.);
#11956 = VERTEX_POINT('',#11957);
#11957 = CARTESIAN_POINT('',(1.253933982822,1.625,2.991801948466));
#11958 = VERTEX_POINT('',#11959);
#11959 = CARTESIAN_POINT('',(1.513933982822,1.625,2.731801948466));
#11960 = LINE('',#11961,#11962);
#11961 = CARTESIAN_POINT('',(1.253933982822,1.625,2.991801948466));
#11962 = VECTOR('',#11963,1.);
#11963 = DIRECTION('',(0.707106781187,8.E-17,-0.707106781187));
#11964 = ORIENTED_EDGE('',*,*,#11965,.T.);
#11965 = EDGE_CURVE('',#11956,#11521,#11966,.T.);
#11966 = LINE('',#11967,#11968);
#11967 = CARTESIAN_POINT('',(1.466066017178,1.625,3.203933982822));
#11968 = VECTOR('',#11969,1.);
#11969 = DIRECTION('',(0.707106781187,3.8E-16,0.707106781187));
#11970 = ORIENTED_EDGE('',*,*,#11520,.F.);
#11971 = ORIENTED_EDGE('',*,*,#11972,.T.);
#11972 = EDGE_CURVE('',#11513,#11973,#11975,.T.);
#11973 = VERTEX_POINT('',#11974);
#11974 = CARTESIAN_POINT('',(1.726066017178,1.625,2.943933982822));
#11975 = LINE('',#11976,#11977);
#11976 = CARTESIAN_POINT('',(1.466066017178,1.625,3.203933982822));
#11977 = VECTOR('',#11978,1.);
#11978 = DIRECTION('',(0.707106781187,8.E-17,-0.707106781187));
#11979 = ORIENTED_EDGE('',*,*,#11980,.F.);
#11980 = EDGE_CURVE('',#11958,#11973,#11981,.T.);
#11981 = LINE('',#11982,#11983);
#11982 = CARTESIAN_POINT('',(1.726066017178,1.625,2.943933982822));
#11983 = VECTOR('',#11984,1.);
#11984 = DIRECTION('',(0.707106781187,1.5E-16,0.707106781187));
#11985 = PLANE('',#11986);
#11986 = AXIS2_PLACEMENT_3D('',#11987,#11988,#11989);
#11987 = CARTESIAN_POINT('',(1.466066017178,1.625,3.203933982822));
#11988 = DIRECTION('',(1.E-17,1.,-2.1E-16));
#11989 = DIRECTION('',(0.707106781187,1.414213562373E-16,0.707106781187)
  );
#11990 = ADVANCED_FACE('',(#11991),#12002,.F.);
#11991 = FACE_BOUND('',#11992,.F.);
#11992 = EDGE_LOOP('',(#11993,#11994,#12001));
#11993 = ORIENTED_EDGE('',*,*,#11528,.T.);
#11994 = ORIENTED_EDGE('',*,*,#11995,.T.);
#11995 = EDGE_CURVE('',#11529,#11956,#11996,.T.);
#11996 = CIRCLE('',#11997,6.213203435597E-02);
#11997 = AXIS2_PLACEMENT_3D('',#11998,#11999,#12000);
#11998 = CARTESIAN_POINT('',(1.21,1.625,2.947867965644));
#11999 = DIRECTION('',(0.,1.,-2.2E-16));
#12000 = DIRECTION('',(1.,-1.573E-30,-7.15E-15));
#12001 = ORIENTED_EDGE('',*,*,#11965,.T.);
#12002 = PLANE('',#12003);
#12003 = AXIS2_PLACEMENT_3D('',#12004,#12005,#12006);
#12004 = CARTESIAN_POINT('',(1.291179415022,1.625,3.143852410375));
#12005 = DIRECTION('',(0.,-1.,2.2E-16));
#12006 = DIRECTION('',(0.923879532511,-8.419035512033E-17,
    -0.382683432365));
#12007 = ADVANCED_FACE('',(#12008),#12026,.F.);
#12008 = FACE_BOUND('',#12009,.F.);
#12009 = EDGE_LOOP('',(#12010,#12019,#12020));
#12010 = ORIENTED_EDGE('',*,*,#12011,.F.);
#12011 = EDGE_CURVE('',#11425,#12012,#12014,.T.);
#12012 = VERTEX_POINT('',#12013);
#12013 = CARTESIAN_POINT('',(1.253933982822,1.125,2.991801948466));
#12014 = CIRCLE('',#12015,6.213203435596E-02);
#12015 = AXIS2_PLACEMENT_3D('',#12016,#12017,#12018);
#12016 = CARTESIAN_POINT('',(1.21,1.125,2.947867965644));
#12017 = DIRECTION('',(0.,1.,-2.2E-16));
#12018 = DIRECTION('',(1.,1.573E-30,7.15E-15));
#12019 = ORIENTED_EDGE('',*,*,#11432,.T.);
#12020 = ORIENTED_EDGE('',*,*,#12021,.T.);
#12021 = EDGE_CURVE('',#11433,#12012,#12022,.T.);
#12022 = LINE('',#12023,#12024);
#12023 = CARTESIAN_POINT('',(1.466066017178,1.125,3.203933982822));
#12024 = VECTOR('',#12025,1.);
#12025 = DIRECTION('',(-0.707106781187,-3.8E-16,-0.707106781187));
#12026 = PLANE('',#12027);
#12027 = AXIS2_PLACEMENT_3D('',#12028,#12029,#12030);
#12028 = CARTESIAN_POINT('',(1.291179415022,1.125,3.143852410375));
#12029 = DIRECTION('',(0.,1.,-2.2E-16));
#12030 = DIRECTION('',(0.923879532511,-8.419035512033E-17,
    -0.382683432365));
#12031 = ADVANCED_FACE('',(#12032),#12058,.T.);
#12032 = FACE_BOUND('',#12033,.T.);
#12033 = EDGE_LOOP('',(#12034,#12042,#12043,#12044,#12052));
#12034 = ORIENTED_EDGE('',*,*,#12035,.F.);
#12035 = EDGE_CURVE('',#11441,#12036,#12038,.T.);
#12036 = VERTEX_POINT('',#12037);
#12037 = CARTESIAN_POINT('',(1.726066017178,1.125,2.943933982822));
#12038 = LINE('',#12039,#12040);
#12039 = CARTESIAN_POINT('',(1.466066017178,1.125,3.203933982822));
#12040 = VECTOR('',#12041,1.);
#12041 = DIRECTION('',(0.707106781187,8.E-17,-0.707106781187));
#12042 = ORIENTED_EDGE('',*,*,#11440,.F.);
#12043 = ORIENTED_EDGE('',*,*,#12021,.T.);
#12044 = ORIENTED_EDGE('',*,*,#12045,.T.);
#12045 = EDGE_CURVE('',#12012,#12046,#12048,.T.);
#12046 = VERTEX_POINT('',#12047);
#12047 = CARTESIAN_POINT('',(1.513933982822,1.125,2.731801948466));
#12048 = LINE('',#12049,#12050);
#12049 = CARTESIAN_POINT('',(1.253933982822,1.125,2.991801948466));
#12050 = VECTOR('',#12051,1.);
#12051 = DIRECTION('',(0.707106781187,-1.6E-16,-0.707106781187));
#12052 = ORIENTED_EDGE('',*,*,#12053,.F.);
#12053 = EDGE_CURVE('',#12036,#12046,#12054,.T.);
#12054 = LINE('',#12055,#12056);
#12055 = CARTESIAN_POINT('',(1.726066017178,1.125,2.943933982822));
#12056 = VECTOR('',#12057,1.);
#12057 = DIRECTION('',(-0.707106781187,-1.5E-16,-0.707106781187));
#12058 = PLANE('',#12059);
#12059 = AXIS2_PLACEMENT_3D('',#12060,#12061,#12062);
#12060 = CARTESIAN_POINT('',(1.466066017178,1.125,3.203933982822));
#12061 = DIRECTION('',(-1.E-17,-1.,2.1E-16));
#12062 = DIRECTION('',(-0.707106781187,-1.414213562373E-16,
    -0.707106781187));
#12063 = ADVANCED_FACE('',(#12064),#12097,.T.);
#12064 = FACE_BOUND('',#12065,.F.);
#12065 = EDGE_LOOP('',(#12066,#12074,#12075,#12083,#12091));
#12066 = ORIENTED_EDGE('',*,*,#12067,.F.);
#12067 = EDGE_CURVE('',#11449,#12068,#12070,.T.);
#12068 = VERTEX_POINT('',#12069);
#12069 = CARTESIAN_POINT('',(1.813933982822,1.125,2.943933982822));
#12070 = LINE('',#12071,#12072);
#12071 = CARTESIAN_POINT('',(2.073933982822,1.125,3.203933982822));
#12072 = VECTOR('',#12073,1.);
#12073 = DIRECTION('',(-0.707106781187,8.E-17,-0.707106781187));
#12074 = ORIENTED_EDGE('',*,*,#11456,.T.);
#12075 = ORIENTED_EDGE('',*,*,#12076,.T.);
#12076 = EDGE_CURVE('',#11457,#12077,#12079,.T.);
#12077 = VERTEX_POINT('',#12078);
#12078 = CARTESIAN_POINT('',(2.286066017178,1.125,2.991801948466));
#12079 = LINE('',#12080,#12081);
#12080 = CARTESIAN_POINT('',(2.073933982822,1.125,3.203933982822));
#12081 = VECTOR('',#12082,1.);
#12082 = DIRECTION('',(0.707106781187,-3.8E-16,-0.707106781187));
#12083 = ORIENTED_EDGE('',*,*,#12084,.T.);
#12084 = EDGE_CURVE('',#12077,#12085,#12087,.T.);
#12085 = VERTEX_POINT('',#12086);
#12086 = CARTESIAN_POINT('',(2.026066017178,1.125,2.731801948466));
#12087 = LINE('',#12088,#12089);
#12088 = CARTESIAN_POINT('',(2.286066017178,1.125,2.991801948466));
#12089 = VECTOR('',#12090,1.);
#12090 = DIRECTION('',(-0.707106781187,-1.6E-16,-0.707106781187));
#12091 = ORIENTED_EDGE('',*,*,#12092,.F.);
#12092 = EDGE_CURVE('',#12068,#12085,#12093,.T.);
#12093 = LINE('',#12094,#12095);
#12094 = CARTESIAN_POINT('',(1.813933982822,1.125,2.943933982822));
#12095 = VECTOR('',#12096,1.);
#12096 = DIRECTION('',(0.707106781187,-1.5E-16,-0.707106781187));
#12097 = PLANE('',#12098);
#12098 = AXIS2_PLACEMENT_3D('',#12099,#12100,#12101);
#12099 = CARTESIAN_POINT('',(2.073933982822,1.125,3.203933982822));
#12100 = DIRECTION('',(1.E-17,-1.,2.1E-16));
#12101 = DIRECTION('',(-0.707106781187,1.414213562373E-16,0.707106781187
    ));
#12102 = ADVANCED_FACE('',(#12103),#12114,.F.);
#12103 = FACE_BOUND('',#12104,.T.);
#12104 = EDGE_LOOP('',(#12105,#12112,#12113));
#12105 = ORIENTED_EDGE('',*,*,#12106,.F.);
#12106 = EDGE_CURVE('',#11465,#12077,#12107,.T.);
#12107 = CIRCLE('',#12108,6.213203435596E-02);
#12108 = AXIS2_PLACEMENT_3D('',#12109,#12110,#12111);
#12109 = CARTESIAN_POINT('',(2.33,1.125,2.947867965644));
#12110 = DIRECTION('',(0.,-1.,2.2E-16));
#12111 = DIRECTION('',(-1.,1.573E-30,7.15E-15));
#12112 = ORIENTED_EDGE('',*,*,#11464,.F.);
#12113 = ORIENTED_EDGE('',*,*,#12076,.T.);
#12114 = PLANE('',#12115);
#12115 = AXIS2_PLACEMENT_3D('',#12116,#12117,#12118);
#12116 = CARTESIAN_POINT('',(2.248820584978,1.125,3.143852410375));
#12117 = DIRECTION('',(0.,1.,-2.2E-16));
#12118 = DIRECTION('',(0.923879532511,8.419035512033E-17,0.382683432365)
  );
#12119 = ADVANCED_FACE('',(#12120),#12131,.T.);
#12120 = FACE_BOUND('',#12121,.F.);
#12121 = EDGE_LOOP('',(#12122,#12123,#12129,#12130));
#12122 = ORIENTED_EDGE('',*,*,#11842,.F.);
#12123 = ORIENTED_EDGE('',*,*,#12124,.T.);
#12124 = EDGE_CURVE('',#11835,#11672,#12125,.T.);
#12125 = LINE('',#12126,#12127);
#12126 = CARTESIAN_POINT('',(1.21,3.655,3.01));
#12127 = VECTOR('',#12128,1.);
#12128 = DIRECTION('',(2.6E-16,2.2E-16,1.));
#12129 = ORIENTED_EDGE('',*,*,#11671,.T.);
#12130 = ORIENTED_EDGE('',*,*,#11621,.T.);
#12131 = PLANE('',#12132);
#12132 = AXIS2_PLACEMENT_3D('',#12133,#12134,#12135);
#12133 = CARTESIAN_POINT('',(1.21,3.655,3.01));
#12134 = DIRECTION('',(0.,1.,-2.2E-16));
#12135 = DIRECTION('',(-2.2E-16,-2.2E-16,-1.));
#12136 = ADVANCED_FACE('',(#12137),#12153,.T.);
#12137 = FACE_BOUND('',#12138,.F.);
#12138 = EDGE_LOOP('',(#12139,#12140,#12146,#12147));
#12139 = ORIENTED_EDGE('',*,*,#11652,.F.);
#12140 = ORIENTED_EDGE('',*,*,#12141,.T.);
#12141 = EDGE_CURVE('',#11653,#11825,#12142,.T.);
#12142 = LINE('',#12143,#12144);
#12143 = CARTESIAN_POINT('',(1.21,2.955,3.31));
#12144 = VECTOR('',#12145,1.);
#12145 = DIRECTION('',(-2.6E-16,-2.2E-16,-1.));
#12146 = ORIENTED_EDGE('',*,*,#11824,.T.);
#12147 = ORIENTED_EDGE('',*,*,#12148,.F.);
#12148 = EDGE_CURVE('',#11655,#11827,#12149,.T.);
#12149 = LINE('',#12150,#12151);
#12150 = CARTESIAN_POINT('',(1.2,2.955,3.31));
#12151 = VECTOR('',#12152,1.);
#12152 = DIRECTION('',(-2.2E-16,-3.3E-16,-1.));
#12153 = PLANE('',#12154);
#12154 = AXIS2_PLACEMENT_3D('',#12155,#12156,#12157);
#12155 = CARTESIAN_POINT('',(1.21,2.955,3.31));
#12156 = DIRECTION('',(0.,-1.,2.2E-16));
#12157 = DIRECTION('',(2.2E-16,2.2E-16,1.));
#12158 = ADVANCED_FACE('',(#12159),#12165,.F.);
#12159 = FACE_BOUND('',#12160,.F.);
#12160 = EDGE_LOOP('',(#12161,#12162,#12163,#12164));
#12161 = ORIENTED_EDGE('',*,*,#11662,.T.);
#12162 = ORIENTED_EDGE('',*,*,#12148,.T.);
#12163 = ORIENTED_EDGE('',*,*,#11850,.F.);
#12164 = ORIENTED_EDGE('',*,*,#11694,.F.);
#12165 = CYLINDRICAL_SURFACE('',#12166,0.15);
#12166 = AXIS2_PLACEMENT_3D('',#12167,#12168,#12169);
#12167 = CARTESIAN_POINT('',(1.2,2.805,3.31));
#12168 = DIRECTION('',(-2.2E-16,-3.3E-16,-1.));
#12169 = DIRECTION('',(-1.,0.,2.2E-16));
#12170 = ADVANCED_FACE('',(#12171),#12198,.T.);
#12171 = FACE_BOUND('',#12172,.T.);
#12172 = EDGE_LOOP('',(#12173,#12174,#12183,#12191));
#12173 = ORIENTED_EDGE('',*,*,#11679,.F.);
#12174 = ORIENTED_EDGE('',*,*,#12175,.F.);
#12175 = EDGE_CURVE('',#12176,#11653,#12178,.T.);
#12176 = VERTEX_POINT('',#12177);
#12177 = CARTESIAN_POINT('',(1.656066017177,2.955,3.125233405972));
#12178 = CIRCLE('',#12179,0.630832611206);
#12179 = AXIS2_PLACEMENT_3D('',#12180,#12181,#12182);
#12180 = CARTESIAN_POINT('',(1.21,2.955,2.679167388794));
#12181 = DIRECTION('',(0.,-1.,2.2E-16));
#12182 = DIRECTION('',(-1.,4.642E-31,2.11E-15));
#12183 = ORIENTED_EDGE('',*,*,#12184,.F.);
#12184 = EDGE_CURVE('',#12185,#12176,#12187,.T.);
#12185 = VERTEX_POINT('',#12186);
#12186 = CARTESIAN_POINT('',(1.656066017177,3.655,3.125233405972));
#12187 = LINE('',#12188,#12189);
#12188 = CARTESIAN_POINT('',(1.656066017178,3.655,3.125233405972));
#12189 = VECTOR('',#12190,1.);
#12190 = DIRECTION('',(0.,-1.,2.2E-16));
#12191 = ORIENTED_EDGE('',*,*,#12192,.T.);
#12192 = EDGE_CURVE('',#12185,#11672,#12193,.T.);
#12193 = CIRCLE('',#12194,0.630832611206);
#12194 = AXIS2_PLACEMENT_3D('',#12195,#12196,#12197);
#12195 = CARTESIAN_POINT('',(1.21,3.655,2.679167388794));
#12196 = DIRECTION('',(0.,-1.,2.2E-16));
#12197 = DIRECTION('',(-1.,4.642E-31,2.11E-15));
#12198 = CYLINDRICAL_SURFACE('',#12199,0.630832611206);
#12199 = AXIS2_PLACEMENT_3D('',#12200,#12201,#12202);
#12200 = CARTESIAN_POINT('',(1.21,3.655,2.679167388794));
#12201 = DIRECTION('',(0.,1.,-2.2E-16));
#12202 = DIRECTION('',(-1.,4.642E-31,2.11E-15));
#12203 = ADVANCED_FACE('',(#12204),#12215,.T.);
#12204 = FACE_BOUND('',#12205,.T.);
#12205 = EDGE_LOOP('',(#12206,#12207,#12208,#12209));
#12206 = ORIENTED_EDGE('',*,*,#11769,.F.);
#12207 = ORIENTED_EDGE('',*,*,#11713,.T.);
#12208 = ORIENTED_EDGE('',*,*,#11785,.T.);
#12209 = ORIENTED_EDGE('',*,*,#12210,.T.);
#12210 = EDGE_CURVE('',#11786,#11762,#12211,.T.);
#12211 = LINE('',#12212,#12213);
#12212 = CARTESIAN_POINT('',(1.466066017178,1.125,3.203933982822));
#12213 = VECTOR('',#12214,1.);
#12214 = DIRECTION('',(0.,1.,-2.2E-16));
#12215 = CYLINDRICAL_SURFACE('',#12216,0.362132034356);
#12216 = AXIS2_PLACEMENT_3D('',#12217,#12218,#12219);
#12217 = CARTESIAN_POINT('',(1.21,1.125,2.947867965644));
#12218 = DIRECTION('',(0.,1.,-2.2E-16));
#12219 = DIRECTION('',(1.,2.706E-31,1.23E-15));
#12220 = ADVANCED_FACE('',(#12221),#12232,.T.);
#12221 = FACE_BOUND('',#12222,.T.);
#12222 = EDGE_LOOP('',(#12223,#12229,#12230,#12231));
#12223 = ORIENTED_EDGE('',*,*,#12224,.F.);
#12224 = EDGE_CURVE('',#11802,#11746,#12225,.T.);
#12225 = LINE('',#12226,#12227);
#12226 = CARTESIAN_POINT('',(2.073933982822,1.125,3.203933982822));
#12227 = VECTOR('',#12228,1.);
#12228 = DIRECTION('',(0.,1.,-2.2E-16));
#12229 = ORIENTED_EDGE('',*,*,#11809,.F.);
#12230 = ORIENTED_EDGE('',*,*,#11730,.F.);
#12231 = ORIENTED_EDGE('',*,*,#11745,.T.);
#12232 = CYLINDRICAL_SURFACE('',#12233,0.362132034356);
#12233 = AXIS2_PLACEMENT_3D('',#12234,#12235,#12236);
#12234 = CARTESIAN_POINT('',(2.33,1.125,2.947867965644));
#12235 = DIRECTION('',(0.,1.,-2.2E-16));
#12236 = DIRECTION('',(-1.,2.706E-31,1.23E-15));
#12237 = ADVANCED_FACE('',(#12238),#12251,.T.);
#12238 = FACE_BOUND('',#12239,.T.);
#12239 = EDGE_LOOP('',(#12240,#12241,#12242,#12243,#12244,#12250));
#12240 = ORIENTED_EDGE('',*,*,#11761,.F.);
#12241 = ORIENTED_EDGE('',*,*,#12210,.F.);
#12242 = ORIENTED_EDGE('',*,*,#11794,.T.);
#12243 = ORIENTED_EDGE('',*,*,#12035,.T.);
#12244 = ORIENTED_EDGE('',*,*,#12245,.F.);
#12245 = EDGE_CURVE('',#11973,#12036,#12246,.T.);
#12246 = LINE('',#12247,#12248);
#12247 = CARTESIAN_POINT('',(1.726066017178,1.125,2.943933982822));
#12248 = VECTOR('',#12249,1.);
#12249 = DIRECTION('',(1.6E-16,-1.,4.E-17));
#12250 = ORIENTED_EDGE('',*,*,#11972,.F.);
#12251 = PLANE('',#12252);
#12252 = AXIS2_PLACEMENT_3D('',#12253,#12254,#12255);
#12253 = CARTESIAN_POINT('',(1.466066017178,1.125,3.203933982822));
#12254 = DIRECTION('',(0.707106781187,1.5E-16,0.707106781187));
#12255 = DIRECTION('',(1.66066017178E-16,-1.,4.606601717798E-17));
#12256 = ADVANCED_FACE('',(#12257),#12270,.T.);
#12257 = FACE_BOUND('',#12258,.F.);
#12258 = EDGE_LOOP('',(#12259,#12260,#12261,#12262,#12263,#12269));
#12259 = ORIENTED_EDGE('',*,*,#11754,.F.);
#12260 = ORIENTED_EDGE('',*,*,#12224,.F.);
#12261 = ORIENTED_EDGE('',*,*,#11801,.T.);
#12262 = ORIENTED_EDGE('',*,*,#12067,.T.);
#12263 = ORIENTED_EDGE('',*,*,#12264,.F.);
#12264 = EDGE_CURVE('',#11934,#12068,#12265,.T.);
#12265 = LINE('',#12266,#12267);
#12266 = CARTESIAN_POINT('',(1.813933982822,1.125,2.943933982822));
#12267 = VECTOR('',#12268,1.);
#12268 = DIRECTION('',(-1.6E-16,-1.,4.E-17));
#12269 = ORIENTED_EDGE('',*,*,#11933,.F.);
#12270 = PLANE('',#12271);
#12271 = AXIS2_PLACEMENT_3D('',#12272,#12273,#12274);
#12272 = CARTESIAN_POINT('',(2.073933982822,1.125,3.203933982822));
#12273 = DIRECTION('',(-0.707106781187,1.5E-16,0.707106781187));
#12274 = DIRECTION('',(1.66066017178E-16,1.,-4.606601717798E-17));
#12275 = ADVANCED_FACE('',(#12276),#12303,.F.);
#12276 = FACE_BOUND('',#12277,.F.);
#12277 = EDGE_LOOP('',(#12278,#12288,#12295,#12296));
#12278 = ORIENTED_EDGE('',*,*,#12279,.T.);
#12279 = EDGE_CURVE('',#12280,#12282,#12284,.T.);
#12280 = VERTEX_POINT('',#12281);
#12281 = CARTESIAN_POINT('',(1.443933982822,2.955,2.913101371616));
#12282 = VERTEX_POINT('',#12283);
#12283 = CARTESIAN_POINT('',(1.443933982822,3.655,2.913101371616));
#12284 = LINE('',#12285,#12286);
#12285 = CARTESIAN_POINT('',(1.443933982822,2.955,2.913101371616));
#12286 = VECTOR('',#12287,1.);
#12287 = DIRECTION('',(0.,1.,-2.2E-16));
#12288 = ORIENTED_EDGE('',*,*,#12289,.T.);
#12289 = EDGE_CURVE('',#12282,#11835,#12290,.T.);
#12290 = CIRCLE('',#12291,0.330832611206);
#12291 = AXIS2_PLACEMENT_3D('',#12292,#12293,#12294);
#12292 = CARTESIAN_POINT('',(1.21,3.655,2.679167388794));
#12293 = DIRECTION('',(0.,-1.,2.2E-16));
#12294 = DIRECTION('',(-1.,8.866E-31,4.03E-15));
#12295 = ORIENTED_EDGE('',*,*,#11834,.F.);
#12296 = ORIENTED_EDGE('',*,*,#12297,.F.);
#12297 = EDGE_CURVE('',#12280,#11825,#12298,.T.);
#12298 = CIRCLE('',#12299,0.330832611206);
#12299 = AXIS2_PLACEMENT_3D('',#12300,#12301,#12302);
#12300 = CARTESIAN_POINT('',(1.21,2.955,2.679167388794));
#12301 = DIRECTION('',(0.,-1.,2.2E-16));
#12302 = DIRECTION('',(-1.,8.866E-31,4.03E-15));
#12303 = CYLINDRICAL_SURFACE('',#12304,0.330832611206);
#12304 = AXIS2_PLACEMENT_3D('',#12305,#12306,#12307);
#12305 = CARTESIAN_POINT('',(1.21,2.955,2.679167388794));
#12306 = DIRECTION('',(0.,1.,-2.2E-16));
#12307 = DIRECTION('',(-1.,8.866E-31,4.03E-15));
#12308 = ADVANCED_FACE('',(#12309),#12320,.F.);
#12309 = FACE_BOUND('',#12310,.F.);
#12310 = EDGE_LOOP('',(#12311,#12312,#12318,#12319));
#12311 = ORIENTED_EDGE('',*,*,#12011,.T.);
#12312 = ORIENTED_EDGE('',*,*,#12313,.T.);
#12313 = EDGE_CURVE('',#12012,#11956,#12314,.T.);
#12314 = LINE('',#12315,#12316);
#12315 = CARTESIAN_POINT('',(1.253933982822,-1.275,2.991801948466));
#12316 = VECTOR('',#12317,1.);
#12317 = DIRECTION('',(0.,1.,-2.2E-16));
#12318 = ORIENTED_EDGE('',*,*,#11995,.F.);
#12319 = ORIENTED_EDGE('',*,*,#11868,.F.);
#12320 = CYLINDRICAL_SURFACE('',#12321,6.213203435597E-02);
#12321 = AXIS2_PLACEMENT_3D('',#12322,#12323,#12324);
#12322 = CARTESIAN_POINT('',(1.21,-1.275,2.947867965644));
#12323 = DIRECTION('',(0.,1.,-2.2E-16));
#12324 = DIRECTION('',(1.,-1.573E-30,-7.15E-15));
#12325 = ADVANCED_FACE('',(#12326),#12337,.F.);
#12326 = FACE_BOUND('',#12327,.F.);
#12327 = EDGE_LOOP('',(#12328,#12329,#12330,#12336));
#12328 = ORIENTED_EDGE('',*,*,#11885,.T.);
#12329 = ORIENTED_EDGE('',*,*,#11900,.T.);
#12330 = ORIENTED_EDGE('',*,*,#12331,.F.);
#12331 = EDGE_CURVE('',#12077,#11901,#12332,.T.);
#12332 = LINE('',#12333,#12334);
#12333 = CARTESIAN_POINT('',(2.286066017178,-1.275,2.991801948466));
#12334 = VECTOR('',#12335,1.);
#12335 = DIRECTION('',(0.,1.,-2.2E-16));
#12336 = ORIENTED_EDGE('',*,*,#12106,.F.);
#12337 = CYLINDRICAL_SURFACE('',#12338,6.213203435597E-02);
#12338 = AXIS2_PLACEMENT_3D('',#12339,#12340,#12341);
#12339 = CARTESIAN_POINT('',(2.33,-1.275,2.947867965644));
#12340 = DIRECTION('',(0.,1.,-2.2E-16));
#12341 = DIRECTION('',(-1.,-1.573E-30,-7.15E-15));
#12342 = ADVANCED_FACE('',(#12343),#12354,.T.);
#12343 = FACE_BOUND('',#12344,.F.);
#12344 = EDGE_LOOP('',(#12345,#12346,#12347,#12348));
#12345 = ORIENTED_EDGE('',*,*,#12084,.F.);
#12346 = ORIENTED_EDGE('',*,*,#12331,.T.);
#12347 = ORIENTED_EDGE('',*,*,#11923,.T.);
#12348 = ORIENTED_EDGE('',*,*,#12349,.F.);
#12349 = EDGE_CURVE('',#12085,#11924,#12350,.T.);
#12350 = LINE('',#12351,#12352);
#12351 = CARTESIAN_POINT('',(2.026066017178,-1.275,2.731801948466));
#12352 = VECTOR('',#12353,1.);
#12353 = DIRECTION('',(1.6E-16,1.,-4.E-17));
#12354 = PLANE('',#12355);
#12355 = AXIS2_PLACEMENT_3D('',#12356,#12357,#12358);
#12356 = CARTESIAN_POINT('',(2.286066017178,-1.275,2.991801948466));
#12357 = DIRECTION('',(0.707106781187,-1.5E-16,-0.707106781187));
#12358 = DIRECTION('',(-1.66066017178E-16,-1.,4.606601717798E-17));
#12359 = ADVANCED_FACE('',(#12360),#12387,.F.);
#12360 = FACE_BOUND('',#12361,.T.);
#12361 = EDGE_LOOP('',(#12362,#12371,#12379,#12386));
#12362 = ORIENTED_EDGE('',*,*,#12363,.T.);
#12363 = EDGE_CURVE('',#11924,#12364,#12366,.T.);
#12364 = VERTEX_POINT('',#12365);
#12365 = CARTESIAN_POINT('',(1.77,1.625,2.625735931288));
#12366 = CIRCLE('',#12367,0.362132034356);
#12367 = AXIS2_PLACEMENT_3D('',#12368,#12369,#12370);
#12368 = CARTESIAN_POINT('',(1.77,1.625,2.987867965644));
#12369 = DIRECTION('',(0.,1.,-2.2E-16));
#12370 = DIRECTION('',(-1.,-8.096E-31,-3.68E-15));
#12371 = ORIENTED_EDGE('',*,*,#12372,.F.);
#12372 = EDGE_CURVE('',#12373,#12364,#12375,.T.);
#12373 = VERTEX_POINT('',#12374);
#12374 = CARTESIAN_POINT('',(1.77,1.625,2.925735931288));
#12375 = LINE('',#12376,#12377);
#12376 = CARTESIAN_POINT('',(1.77,1.625,2.925735931288));
#12377 = VECTOR('',#12378,1.);
#12378 = DIRECTION('',(-4.E-17,-1.1E-16,-1.));
#12379 = ORIENTED_EDGE('',*,*,#12380,.F.);
#12380 = EDGE_CURVE('',#11934,#12373,#12381,.T.);
#12381 = CIRCLE('',#12382,6.213203435596E-02);
#12382 = AXIS2_PLACEMENT_3D('',#12383,#12384,#12385);
#12383 = CARTESIAN_POINT('',(1.77,1.625,2.987867965644));
#12384 = DIRECTION('',(0.,1.,-2.2E-16));
#12385 = DIRECTION('',(-1.,-1.573E-30,-7.15E-15));
#12386 = ORIENTED_EDGE('',*,*,#11941,.F.);
#12387 = PLANE('',#12388);
#12388 = AXIS2_PLACEMENT_3D('',#12389,#12390,#12391);
#12389 = CARTESIAN_POINT('',(1.851179415022,1.625,2.791883520913));
#12390 = DIRECTION('',(0.,-1.,2.2E-16));
#12391 = DIRECTION('',(0.923879532511,8.419035512033E-17,0.382683432365)
  );
#12392 = ADVANCED_FACE('',(#12393),#12404,.T.);
#12393 = FACE_BOUND('',#12394,.T.);
#12394 = EDGE_LOOP('',(#12395,#12396,#12397,#12398));
#12395 = ORIENTED_EDGE('',*,*,#12045,.F.);
#12396 = ORIENTED_EDGE('',*,*,#12313,.T.);
#12397 = ORIENTED_EDGE('',*,*,#11955,.T.);
#12398 = ORIENTED_EDGE('',*,*,#12399,.F.);
#12399 = EDGE_CURVE('',#12046,#11958,#12400,.T.);
#12400 = LINE('',#12401,#12402);
#12401 = CARTESIAN_POINT('',(1.513933982822,-1.275,2.731801948466));
#12402 = VECTOR('',#12403,1.);
#12403 = DIRECTION('',(-1.6E-16,1.,-4.E-17));
#12404 = PLANE('',#12405);
#12405 = AXIS2_PLACEMENT_3D('',#12406,#12407,#12408);
#12406 = CARTESIAN_POINT('',(1.253933982822,-1.275,2.991801948466));
#12407 = DIRECTION('',(-0.707106781187,-1.5E-16,-0.707106781187));
#12408 = DIRECTION('',(-1.66066017178E-16,1.,-4.606601717798E-17));
#12409 = ADVANCED_FACE('',(#12410),#12428,.F.);
#12410 = FACE_BOUND('',#12411,.F.);
#12411 = EDGE_LOOP('',(#12412,#12419,#12420,#12427));
#12412 = ORIENTED_EDGE('',*,*,#12413,.T.);
#12413 = EDGE_CURVE('',#11958,#12364,#12414,.T.);
#12414 = CIRCLE('',#12415,0.362132034356);
#12415 = AXIS2_PLACEMENT_3D('',#12416,#12417,#12418);
#12416 = CARTESIAN_POINT('',(1.77,1.625,2.987867965644));
#12417 = DIRECTION('',(0.,-1.,2.2E-16));
#12418 = DIRECTION('',(1.,-8.096E-31,-3.68E-15));
#12419 = ORIENTED_EDGE('',*,*,#12372,.F.);
#12420 = ORIENTED_EDGE('',*,*,#12421,.F.);
#12421 = EDGE_CURVE('',#11973,#12373,#12422,.T.);
#12422 = CIRCLE('',#12423,6.213203435596E-02);
#12423 = AXIS2_PLACEMENT_3D('',#12424,#12425,#12426);
#12424 = CARTESIAN_POINT('',(1.77,1.625,2.987867965644));
#12425 = DIRECTION('',(0.,-1.,2.2E-16));
#12426 = DIRECTION('',(1.,-1.573E-30,-7.15E-15));
#12427 = ORIENTED_EDGE('',*,*,#11980,.F.);
#12428 = PLANE('',#12429);
#12429 = AXIS2_PLACEMENT_3D('',#12430,#12431,#12432);
#12430 = CARTESIAN_POINT('',(1.688820584978,1.625,2.791883520913));
#12431 = DIRECTION('',(0.,-1.,2.2E-16));
#12432 = DIRECTION('',(0.923879532511,-8.419035512033E-17,
    -0.382683432365));
#12433 = ADVANCED_FACE('',(#12434),#12461,.F.);
#12434 = FACE_BOUND('',#12435,.F.);
#12435 = EDGE_LOOP('',(#12436,#12445,#12453,#12460));
#12436 = ORIENTED_EDGE('',*,*,#12437,.T.);
#12437 = EDGE_CURVE('',#12036,#12438,#12440,.T.);
#12438 = VERTEX_POINT('',#12439);
#12439 = CARTESIAN_POINT('',(1.77,1.125,2.925735931288));
#12440 = CIRCLE('',#12441,6.213203435596E-02);
#12441 = AXIS2_PLACEMENT_3D('',#12442,#12443,#12444);
#12442 = CARTESIAN_POINT('',(1.77,1.125,2.987867965644));
#12443 = DIRECTION('',(0.,-1.,2.2E-16));
#12444 = DIRECTION('',(1.,-1.573E-30,-7.15E-15));
#12445 = ORIENTED_EDGE('',*,*,#12446,.T.);
#12446 = EDGE_CURVE('',#12438,#12447,#12449,.T.);
#12447 = VERTEX_POINT('',#12448);
#12448 = CARTESIAN_POINT('',(1.77,1.125,2.625735931288));
#12449 = LINE('',#12450,#12451);
#12450 = CARTESIAN_POINT('',(1.77,1.125,2.925735931288));
#12451 = VECTOR('',#12452,1.);
#12452 = DIRECTION('',(-4.E-17,-1.1E-16,-1.));
#12453 = ORIENTED_EDGE('',*,*,#12454,.F.);
#12454 = EDGE_CURVE('',#12046,#12447,#12455,.T.);
#12455 = CIRCLE('',#12456,0.362132034356);
#12456 = AXIS2_PLACEMENT_3D('',#12457,#12458,#12459);
#12457 = CARTESIAN_POINT('',(1.77,1.125,2.987867965644));
#12458 = DIRECTION('',(0.,-1.,2.2E-16));
#12459 = DIRECTION('',(1.,-2.706E-31,-1.23E-15));
#12460 = ORIENTED_EDGE('',*,*,#12053,.F.);
#12461 = PLANE('',#12462);
#12462 = AXIS2_PLACEMENT_3D('',#12463,#12464,#12465);
#12463 = CARTESIAN_POINT('',(1.688820584978,1.125,2.791883520913));
#12464 = DIRECTION('',(0.,1.,-2.2E-16));
#12465 = DIRECTION('',(0.923879532511,-8.419035512033E-17,
    -0.382683432365));
#12466 = ADVANCED_FACE('',(#12467),#12485,.F.);
#12467 = FACE_BOUND('',#12468,.T.);
#12468 = EDGE_LOOP('',(#12469,#12476,#12477,#12484));
#12469 = ORIENTED_EDGE('',*,*,#12470,.T.);
#12470 = EDGE_CURVE('',#12068,#12438,#12471,.T.);
#12471 = CIRCLE('',#12472,6.213203435596E-02);
#12472 = AXIS2_PLACEMENT_3D('',#12473,#12474,#12475);
#12473 = CARTESIAN_POINT('',(1.77,1.125,2.987867965644));
#12474 = DIRECTION('',(0.,1.,-2.2E-16));
#12475 = DIRECTION('',(-1.,-1.573E-30,-7.15E-15));
#12476 = ORIENTED_EDGE('',*,*,#12446,.T.);
#12477 = ORIENTED_EDGE('',*,*,#12478,.F.);
#12478 = EDGE_CURVE('',#12085,#12447,#12479,.T.);
#12479 = CIRCLE('',#12480,0.362132034356);
#12480 = AXIS2_PLACEMENT_3D('',#12481,#12482,#12483);
#12481 = CARTESIAN_POINT('',(1.77,1.125,2.987867965644));
#12482 = DIRECTION('',(0.,1.,-2.2E-16));
#12483 = DIRECTION('',(-1.,-2.706E-31,-1.23E-15));
#12484 = ORIENTED_EDGE('',*,*,#12092,.F.);
#12485 = PLANE('',#12486);
#12486 = AXIS2_PLACEMENT_3D('',#12487,#12488,#12489);
#12487 = CARTESIAN_POINT('',(1.851179415022,1.125,2.791883520913));
#12488 = DIRECTION('',(0.,1.,-2.2E-16));
#12489 = DIRECTION('',(0.923879532511,8.419035512033E-17,0.382683432365)
  );
#12490 = ADVANCED_FACE('',(#12491),#12502,.F.);
#12491 = FACE_BOUND('',#12492,.T.);
#12492 = EDGE_LOOP('',(#12493,#12494,#12495,#12496));
#12493 = ORIENTED_EDGE('',*,*,#12289,.T.);
#12494 = ORIENTED_EDGE('',*,*,#12124,.T.);
#12495 = ORIENTED_EDGE('',*,*,#12192,.F.);
#12496 = ORIENTED_EDGE('',*,*,#12497,.F.);
#12497 = EDGE_CURVE('',#12282,#12185,#12498,.T.);
#12498 = LINE('',#12499,#12500);
#12499 = CARTESIAN_POINT('',(1.443933982822,3.655,2.913101371616));
#12500 = VECTOR('',#12501,1.);
#12501 = DIRECTION('',(0.707106781186,1.6E-16,0.707106781187));
#12502 = PLANE('',#12503);
#12503 = AXIS2_PLACEMENT_3D('',#12504,#12505,#12506);
#12504 = CARTESIAN_POINT('',(1.394006674049,3.655,3.123398796851));
#12505 = DIRECTION('',(0.,-1.,2.2E-16));
#12506 = DIRECTION('',(0.923879532511,-8.419035512033E-17,
    -0.382683432365));
#12507 = ADVANCED_FACE('',(#12508),#12519,.F.);
#12508 = FACE_BOUND('',#12509,.T.);
#12509 = EDGE_LOOP('',(#12510,#12511,#12512,#12513));
#12510 = ORIENTED_EDGE('',*,*,#12175,.T.);
#12511 = ORIENTED_EDGE('',*,*,#12141,.T.);
#12512 = ORIENTED_EDGE('',*,*,#12297,.F.);
#12513 = ORIENTED_EDGE('',*,*,#12514,.F.);
#12514 = EDGE_CURVE('',#12176,#12280,#12515,.T.);
#12515 = LINE('',#12516,#12517);
#12516 = CARTESIAN_POINT('',(1.656066017178,2.955,3.125233405972));
#12517 = VECTOR('',#12518,1.);
#12518 = DIRECTION('',(-0.707106781186,-1.6E-16,-0.707106781187));
#12519 = PLANE('',#12520);
#12520 = AXIS2_PLACEMENT_3D('',#12521,#12522,#12523);
#12521 = CARTESIAN_POINT('',(1.394006674049,2.955,3.123398796851));
#12522 = DIRECTION('',(0.,1.,-2.2E-16));
#12523 = DIRECTION('',(0.923879532511,-8.419035512033E-17,
    -0.382683432365));
#12524 = ADVANCED_FACE('',(#12525),#12568,.T.);
#12525 = FACE_BOUND('',#12526,.F.);
#12526 = EDGE_LOOP('',(#12527,#12535,#12544,#12552,#12561,#12567));
#12527 = ORIENTED_EDGE('',*,*,#12528,.F.);
#12528 = EDGE_CURVE('',#12529,#12185,#12531,.T.);
#12529 = VERTEX_POINT('',#12530);
#12530 = CARTESIAN_POINT('',(2.186396103068,3.655,2.594903320082));
#12531 = LINE('',#12532,#12533);
#12532 = CARTESIAN_POINT('',(1.656066017178,3.655,3.125233405972));
#12533 = VECTOR('',#12534,1.);
#12534 = DIRECTION('',(-0.707106781187,1.6E-16,0.707106781186));
#12535 = ORIENTED_EDGE('',*,*,#12536,.T.);
#12536 = EDGE_CURVE('',#12529,#12537,#12539,.T.);
#12537 = VERTEX_POINT('',#12538);
#12538 = CARTESIAN_POINT('',(2.327817459305,3.455,2.453481963844));
#12539 = CIRCLE('',#12540,0.2);
#12540 = AXIS2_PLACEMENT_3D('',#12541,#12542,#12543);
#12541 = CARTESIAN_POINT('',(2.186396103068,3.455,2.594903320082));
#12542 = DIRECTION('',(-0.707106781186,-1.6E-16,-0.707106781187));
#12543 = DIRECTION('',(0.707106781187,-1.6E-16,-0.707106781186));
#12544 = ORIENTED_EDGE('',*,*,#12545,.T.);
#12545 = EDGE_CURVE('',#12537,#12546,#12548,.T.);
#12546 = VERTEX_POINT('',#12547);
#12547 = CARTESIAN_POINT('',(2.327817459305,3.155,2.453481963844));
#12548 = LINE('',#12549,#12550);
#12549 = CARTESIAN_POINT('',(2.327817459305,3.655,2.453481963844));
#12550 = VECTOR('',#12551,1.);
#12551 = DIRECTION('',(0.,-1.,2.2E-16));
#12552 = ORIENTED_EDGE('',*,*,#12553,.T.);
#12553 = EDGE_CURVE('',#12546,#12554,#12556,.T.);
#12554 = VERTEX_POINT('',#12555);
#12555 = CARTESIAN_POINT('',(2.186396103068,2.955,2.594903320082));
#12556 = CIRCLE('',#12557,0.2);
#12557 = AXIS2_PLACEMENT_3D('',#12558,#12559,#12560);
#12558 = CARTESIAN_POINT('',(2.186396103068,3.155,2.594903320082));
#12559 = DIRECTION('',(-0.707106781186,-1.6E-16,-0.707106781187));
#12560 = DIRECTION('',(-0.707106781187,1.6E-16,0.707106781186));
#12561 = ORIENTED_EDGE('',*,*,#12562,.T.);
#12562 = EDGE_CURVE('',#12554,#12176,#12563,.T.);
#12563 = LINE('',#12564,#12565);
#12564 = CARTESIAN_POINT('',(1.656066017178,2.955,3.125233405972));
#12565 = VECTOR('',#12566,1.);
#12566 = DIRECTION('',(-0.707106781186,1.6E-16,0.707106781187));
#12567 = ORIENTED_EDGE('',*,*,#12184,.F.);
#12568 = PLANE('',#12569);
#12569 = AXIS2_PLACEMENT_3D('',#12570,#12571,#12572);
#12570 = CARTESIAN_POINT('',(1.656066017178,3.655,3.125233405972));
#12571 = DIRECTION('',(0.707106781187,1.6E-16,0.707106781186));
#12572 = DIRECTION('',(-3.137084989928E-18,1.,-2.231370849899E-16));
#12573 = ADVANCED_FACE('',(#12574),#12585,.F.);
#12574 = FACE_BOUND('',#12575,.F.);
#12575 = EDGE_LOOP('',(#12576,#12577,#12583,#12584));
#12576 = ORIENTED_EDGE('',*,*,#12421,.T.);
#12577 = ORIENTED_EDGE('',*,*,#12578,.F.);
#12578 = EDGE_CURVE('',#12438,#12373,#12579,.T.);
#12579 = LINE('',#12580,#12581);
#12580 = CARTESIAN_POINT('',(1.77,1.125,2.925735931288));
#12581 = VECTOR('',#12582,1.);
#12582 = DIRECTION('',(0.,1.,-1.1E-16));
#12583 = ORIENTED_EDGE('',*,*,#12437,.F.);
#12584 = ORIENTED_EDGE('',*,*,#12245,.F.);
#12585 = CYLINDRICAL_SURFACE('',#12586,6.213203435596E-02);
#12586 = AXIS2_PLACEMENT_3D('',#12587,#12588,#12589);
#12587 = CARTESIAN_POINT('',(1.77,1.125,2.987867965644));
#12588 = DIRECTION('',(0.,-1.,2.2E-16));
#12589 = DIRECTION('',(1.,-1.573E-30,-7.15E-15));
#12590 = ADVANCED_FACE('',(#12591),#12597,.F.);
#12591 = FACE_BOUND('',#12592,.F.);
#12592 = EDGE_LOOP('',(#12593,#12594,#12595,#12596));
#12593 = ORIENTED_EDGE('',*,*,#12264,.T.);
#12594 = ORIENTED_EDGE('',*,*,#12470,.T.);
#12595 = ORIENTED_EDGE('',*,*,#12578,.T.);
#12596 = ORIENTED_EDGE('',*,*,#12380,.F.);
#12597 = CYLINDRICAL_SURFACE('',#12598,6.213203435596E-02);
#12598 = AXIS2_PLACEMENT_3D('',#12599,#12600,#12601);
#12599 = CARTESIAN_POINT('',(1.77,1.125,2.987867965644));
#12600 = DIRECTION('',(0.,-1.,2.2E-16));
#12601 = DIRECTION('',(-1.,-1.573E-30,-7.15E-15));
#12602 = ADVANCED_FACE('',(#12603),#12646,.T.);
#12603 = FACE_BOUND('',#12604,.F.);
#12604 = EDGE_LOOP('',(#12605,#12613,#12622,#12630,#12639,#12645));
#12605 = ORIENTED_EDGE('',*,*,#12606,.F.);
#12606 = EDGE_CURVE('',#12607,#12280,#12609,.T.);
#12607 = VERTEX_POINT('',#12608);
#12608 = CARTESIAN_POINT('',(1.974264068713,2.955,2.382771285726));
#12609 = LINE('',#12610,#12611);
#12610 = CARTESIAN_POINT('',(1.443933982822,2.955,2.913101371616));
#12611 = VECTOR('',#12612,1.);
#12612 = DIRECTION('',(-0.707106781187,1.6E-16,0.707106781186));
#12613 = ORIENTED_EDGE('',*,*,#12614,.F.);
#12614 = EDGE_CURVE('',#12615,#12607,#12617,.T.);
#12615 = VERTEX_POINT('',#12616);
#12616 = CARTESIAN_POINT('',(2.115685424949,3.155,2.241349929488));
#12617 = CIRCLE('',#12618,0.2);
#12618 = AXIS2_PLACEMENT_3D('',#12619,#12620,#12621);
#12619 = CARTESIAN_POINT('',(1.974264068712,3.155,2.382771285726));
#12620 = DIRECTION('',(-0.707106781186,-1.6E-16,-0.707106781187));
#12621 = DIRECTION('',(-0.707106781187,1.6E-16,0.707106781186));
#12622 = ORIENTED_EDGE('',*,*,#12623,.T.);
#12623 = EDGE_CURVE('',#12615,#12624,#12626,.T.);
#12624 = VERTEX_POINT('',#12625);
#12625 = CARTESIAN_POINT('',(2.115685424949,3.455,2.241349929488));
#12626 = LINE('',#12627,#12628);
#12627 = CARTESIAN_POINT('',(2.115685424949,2.955,2.241349929488));
#12628 = VECTOR('',#12629,1.);
#12629 = DIRECTION('',(0.,1.,-2.2E-16));
#12630 = ORIENTED_EDGE('',*,*,#12631,.F.);
#12631 = EDGE_CURVE('',#12632,#12624,#12634,.T.);
#12632 = VERTEX_POINT('',#12633);
#12633 = CARTESIAN_POINT('',(1.974264068713,3.655,2.382771285726));
#12634 = CIRCLE('',#12635,0.2);
#12635 = AXIS2_PLACEMENT_3D('',#12636,#12637,#12638);
#12636 = CARTESIAN_POINT('',(1.974264068712,3.455,2.382771285726));
#12637 = DIRECTION('',(-0.707106781186,-1.6E-16,-0.707106781187));
#12638 = DIRECTION('',(0.707106781187,-1.6E-16,-0.707106781186));
#12639 = ORIENTED_EDGE('',*,*,#12640,.T.);
#12640 = EDGE_CURVE('',#12632,#12282,#12641,.T.);
#12641 = LINE('',#12642,#12643);
#12642 = CARTESIAN_POINT('',(1.443933982822,3.655,2.913101371616));
#12643 = VECTOR('',#12644,1.);
#12644 = DIRECTION('',(-0.707106781187,1.6E-16,0.707106781186));
#12645 = ORIENTED_EDGE('',*,*,#12279,.F.);
#12646 = PLANE('',#12647);
#12647 = AXIS2_PLACEMENT_3D('',#12648,#12649,#12650);
#12648 = CARTESIAN_POINT('',(1.443933982822,2.955,2.913101371616));
#12649 = DIRECTION('',(-0.707106781187,-1.6E-16,-0.707106781186));
#12650 = DIRECTION('',(3.137084989928E-18,-1.,2.231370849899E-16));
#12651 = ADVANCED_FACE('',(#12652),#12663,.T.);
#12652 = FACE_BOUND('',#12653,.T.);
#12653 = EDGE_LOOP('',(#12654,#12660,#12661,#12662));
#12654 = ORIENTED_EDGE('',*,*,#12655,.T.);
#12655 = EDGE_CURVE('',#12447,#12364,#12656,.T.);
#12656 = LINE('',#12657,#12658);
#12657 = CARTESIAN_POINT('',(1.77,-1.275,2.625735931288));
#12658 = VECTOR('',#12659,1.);
#12659 = DIRECTION('',(0.,1.,-1.1E-16));
#12660 = ORIENTED_EDGE('',*,*,#12363,.F.);
#12661 = ORIENTED_EDGE('',*,*,#12349,.F.);
#12662 = ORIENTED_EDGE('',*,*,#12478,.T.);
#12663 = CYLINDRICAL_SURFACE('',#12664,0.362132034356);
#12664 = AXIS2_PLACEMENT_3D('',#12665,#12666,#12667);
#12665 = CARTESIAN_POINT('',(1.77,-1.275,2.987867965644));
#12666 = DIRECTION('',(0.,-1.,2.2E-16));
#12667 = DIRECTION('',(-1.,-8.096E-31,-3.68E-15));
#12668 = ADVANCED_FACE('',(#12669),#12675,.T.);
#12669 = FACE_BOUND('',#12670,.T.);
#12670 = EDGE_LOOP('',(#12671,#12672,#12673,#12674));
#12671 = ORIENTED_EDGE('',*,*,#12454,.F.);
#12672 = ORIENTED_EDGE('',*,*,#12399,.T.);
#12673 = ORIENTED_EDGE('',*,*,#12413,.T.);
#12674 = ORIENTED_EDGE('',*,*,#12655,.F.);
#12675 = CYLINDRICAL_SURFACE('',#12676,0.362132034356);
#12676 = AXIS2_PLACEMENT_3D('',#12677,#12678,#12679);
#12677 = CARTESIAN_POINT('',(1.77,-1.275,2.987867965644));
#12678 = DIRECTION('',(0.,-1.,2.2E-16));
#12679 = DIRECTION('',(1.,-8.096E-31,-3.68E-15));
#12680 = ADVANCED_FACE('',(#12681),#12692,.T.);
#12681 = FACE_BOUND('',#12682,.F.);
#12682 = EDGE_LOOP('',(#12683,#12684,#12690,#12691));
#12683 = ORIENTED_EDGE('',*,*,#12640,.F.);
#12684 = ORIENTED_EDGE('',*,*,#12685,.T.);
#12685 = EDGE_CURVE('',#12632,#12529,#12686,.T.);
#12686 = LINE('',#12687,#12688);
#12687 = CARTESIAN_POINT('',(1.974264068712,3.655,2.382771285725));
#12688 = VECTOR('',#12689,1.);
#12689 = DIRECTION('',(0.707106781186,1.6E-16,0.707106781187));
#12690 = ORIENTED_EDGE('',*,*,#12528,.T.);
#12691 = ORIENTED_EDGE('',*,*,#12497,.F.);
#12692 = PLANE('',#12693);
#12693 = AXIS2_PLACEMENT_3D('',#12694,#12695,#12696);
#12694 = CARTESIAN_POINT('',(1.443933982822,3.655,2.913101371616));
#12695 = DIRECTION('',(0.,1.,-2.2E-16));
#12696 = DIRECTION('',(-0.707106781186,-1.555634918612E-16,
    -0.707106781187));
#12697 = ADVANCED_FACE('',(#12698),#12709,.T.);
#12698 = FACE_BOUND('',#12699,.F.);
#12699 = EDGE_LOOP('',(#12700,#12701,#12707,#12708));
#12700 = ORIENTED_EDGE('',*,*,#12562,.F.);
#12701 = ORIENTED_EDGE('',*,*,#12702,.T.);
#12702 = EDGE_CURVE('',#12554,#12607,#12703,.T.);
#12703 = LINE('',#12704,#12705);
#12704 = CARTESIAN_POINT('',(2.186396103068,2.955,2.594903320082));
#12705 = VECTOR('',#12706,1.);
#12706 = DIRECTION('',(-0.707106781186,-1.6E-16,-0.707106781187));
#12707 = ORIENTED_EDGE('',*,*,#12606,.T.);
#12708 = ORIENTED_EDGE('',*,*,#12514,.F.);
#12709 = PLANE('',#12710);
#12710 = AXIS2_PLACEMENT_3D('',#12711,#12712,#12713);
#12711 = CARTESIAN_POINT('',(1.656066017178,2.955,3.125233405972));
#12712 = DIRECTION('',(0.,-1.,2.2E-16));
#12713 = DIRECTION('',(0.707106781186,1.555634918612E-16,0.707106781187)
  );
#12714 = ADVANCED_FACE('',(#12715),#12726,.T.);
#12715 = FACE_BOUND('',#12716,.T.);
#12716 = EDGE_LOOP('',(#12717,#12718,#12719,#12725));
#12717 = ORIENTED_EDGE('',*,*,#12685,.T.);
#12718 = ORIENTED_EDGE('',*,*,#12536,.T.);
#12719 = ORIENTED_EDGE('',*,*,#12720,.F.);
#12720 = EDGE_CURVE('',#12624,#12537,#12721,.T.);
#12721 = LINE('',#12722,#12723);
#12722 = CARTESIAN_POINT('',(2.115685424949,3.455,2.241349929488));
#12723 = VECTOR('',#12724,1.);
#12724 = DIRECTION('',(0.707106781186,1.6E-16,0.707106781187));
#12725 = ORIENTED_EDGE('',*,*,#12631,.F.);
#12726 = CYLINDRICAL_SURFACE('',#12727,0.2);
#12727 = AXIS2_PLACEMENT_3D('',#12728,#12729,#12730);
#12728 = CARTESIAN_POINT('',(1.974264068712,3.455,2.382771285725));
#12729 = DIRECTION('',(0.707106781186,1.6E-16,0.707106781187));
#12730 = DIRECTION('',(-3.137084989768E-18,1.,-2.231370849898E-16));
#12731 = ADVANCED_FACE('',(#12732),#12743,.F.);
#12732 = FACE_BOUND('',#12733,.T.);
#12733 = EDGE_LOOP('',(#12734,#12735,#12741,#12742));
#12734 = ORIENTED_EDGE('',*,*,#12545,.T.);
#12735 = ORIENTED_EDGE('',*,*,#12736,.T.);
#12736 = EDGE_CURVE('',#12546,#12615,#12737,.T.);
#12737 = LINE('',#12738,#12739);
#12738 = CARTESIAN_POINT('',(2.327817459305,3.155,2.453481963844));
#12739 = VECTOR('',#12740,1.);
#12740 = DIRECTION('',(-0.707106781186,-1.6E-16,-0.707106781187));
#12741 = ORIENTED_EDGE('',*,*,#12623,.T.);
#12742 = ORIENTED_EDGE('',*,*,#12720,.T.);
#12743 = PLANE('',#12744);
#12744 = AXIS2_PLACEMENT_3D('',#12745,#12746,#12747);
#12745 = CARTESIAN_POINT('',(2.221751442127,3.305,2.347415946666));
#12746 = DIRECTION('',(-0.707106781187,1.6E-16,0.707106781186));
#12747 = DIRECTION('',(-0.707106781186,-1.6E-16,-0.707106781187));
#12748 = ADVANCED_FACE('',(#12749),#12755,.T.);
#12749 = FACE_BOUND('',#12750,.T.);
#12750 = EDGE_LOOP('',(#12751,#12752,#12753,#12754));
#12751 = ORIENTED_EDGE('',*,*,#12553,.T.);
#12752 = ORIENTED_EDGE('',*,*,#12702,.T.);
#12753 = ORIENTED_EDGE('',*,*,#12614,.F.);
#12754 = ORIENTED_EDGE('',*,*,#12736,.F.);
#12755 = CYLINDRICAL_SURFACE('',#12756,0.2);
#12756 = AXIS2_PLACEMENT_3D('',#12757,#12758,#12759);
#12757 = CARTESIAN_POINT('',(2.186396103068,3.155,2.594903320082));
#12758 = DIRECTION('',(-0.707106781186,-1.6E-16,-0.707106781187));
#12759 = DIRECTION('',(0.707106781187,-1.6E-16,-0.707106781186));
#12760 = ( GEOMETRIC_REPRESENTATION_CONTEXT(3) 
GLOBAL_UNCERTAINTY_ASSIGNED_CONTEXT((#12764)) 
GLOBAL_UNIT_ASSIGNED_CONTEXT((#12761,#12762,#12763)) 
REPRESENTATION_CONTEXT('Context #1',
  '3D Context with UNIT and UNCERTAINTY') );
#12761 = ( LENGTH_UNIT() NAMED_UNIT(*) SI_UNIT(.MILLI.,.METRE.) );
#12762 = ( NAMED_UNIT(*) PLANE_ANGLE_UNIT() SI_UNIT($,.RADIAN.) );
#12763 = ( NAMED_UNIT(*) SI_UNIT($,.STERADIAN.) SOLID_ANGLE_UNIT() );
#12764 = UNCERTAINTY_MEASURE_WITH_UNIT(LENGTH_MEASURE(1.E-07),#12761,
  'distance_accuracy_value','confusion accuracy');
#12765 = CONTEXT_DEPENDENT_SHAPE_REPRESENTATION(#12766,#12768);
#12766 = ( REPRESENTATION_RELATIONSHIP('','',#7692,#10) 
REPRESENTATION_RELATIONSHIP_WITH_TRANSFORMATION(#12767) 
SHAPE_REPRESENTATION_RELATIONSHIP() );
#12767 = ITEM_DEFINED_TRANSFORMATION('','',#11,#27);
#12768 = PRODUCT_DEFINITION_SHAPE('Placement','Placement of an item',
  #12769);
#12769 = NEXT_ASSEMBLY_USAGE_OCCURRENCE('59',
  'USB_C_Receptacle_16P_TopMnt_Horizontal_GCT_USB4105-xx-A039','',#5,
  #7687,$);
#12770 = PRODUCT_RELATED_PRODUCT_CATEGORY('part',$,(#7689));
#12771 = SHAPE_DEFINITION_REPRESENTATION(#12772,#12778);
#12772 = PRODUCT_DEFINITION_SHAPE('','',#12773);
#12773 = PRODUCT_DEFINITION('design','',#12774,#12777);
#12774 = PRODUCT_DEFINITION_FORMATION('','',#12775);
#12775 = PRODUCT(
  'USB_C_Receptacle_16P_TopMnt_Horizontal_GCT_USB4105-xx-A040',
  'USB_C_Receptacle_16P_TopMnt_Horizontal_GCT_USB4105-xx-A040','',(
    #12776));
#12776 = PRODUCT_CONTEXT('',#2,'mechanical');
#12777 = PRODUCT_DEFINITION_CONTEXT('part definition',#2,'design');
#12778 = ADVANCED_BREP_SHAPE_REPRESENTATION('',(#11,#12779),#14725);
#12779 = MANIFOLD_SOLID_BREP('',#12780);
#12780 = CLOSED_SHELL('',(#12781,#12832,#12857,#12888,#12912,#12936,
    #12953,#12978,#13033,#13065,#13089,#13123,#13148,#13172,#13260,
    #13301,#13350,#13406,#13431,#13440,#13466,#13499,#13530,#13554,
    #13578,#13658,#13675,#13726,#13758,#13790,#13807,#13831,#13878,
    #13902,#13926,#13950,#13974,#14036,#14060,#14086,#14100,#14124,
    #14148,#14165,#14183,#14195,#14226,#14257,#14282,#14329,#14354,
    #14366,#14383,#14405,#14417,#14429,#14495,#14561,#14585,#14609,
    #14626,#14643,#14662,#14679,#14696,#14713));
#12781 = ADVANCED_FACE('',(#12782,#12793),#12827,.F.);
#12782 = FACE_BOUND('',#12783,.T.);
#12783 = EDGE_LOOP('',(#12784));
#12784 = ORIENTED_EDGE('',*,*,#12785,.T.);
#12785 = EDGE_CURVE('',#12786,#12786,#12788,.T.);
#12786 = VERTEX_POINT('',#12787);
#12787 = CARTESIAN_POINT('',(2.56,2.605,0.12));
#12788 = CIRCLE('',#12789,0.33);
#12789 = AXIS2_PLACEMENT_3D('',#12790,#12791,#12792);
#12790 = CARTESIAN_POINT('',(2.89,2.605,0.12));
#12791 = DIRECTION('',(0.,7.2E-16,1.));
#12792 = DIRECTION('',(-1.,0.,0.));
#12793 = FACE_BOUND('',#12794,.T.);
#12794 = EDGE_LOOP('',(#12795,#12805,#12813,#12821));
#12795 = ORIENTED_EDGE('',*,*,#12796,.T.);
#12796 = EDGE_CURVE('',#12797,#12799,#12801,.T.);
#12797 = VERTEX_POINT('',#12798);
#12798 = CARTESIAN_POINT('',(0.,3.725,0.12));
#12799 = VERTEX_POINT('',#12800);
#12800 = CARTESIAN_POINT('',(3.6,3.725,0.12));
#12801 = LINE('',#12802,#12803);
#12802 = CARTESIAN_POINT('',(0.,3.725,0.12));
#12803 = VECTOR('',#12804,1.);
#12804 = DIRECTION('',(1.,0.,0.));
#12805 = ORIENTED_EDGE('',*,*,#12806,.T.);
#12806 = EDGE_CURVE('',#12799,#12807,#12809,.T.);
#12807 = VERTEX_POINT('',#12808);
#12808 = CARTESIAN_POINT('',(3.6,2.175,0.12));
#12809 = LINE('',#12810,#12811);
#12810 = CARTESIAN_POINT('',(3.6,3.725,0.12));
#12811 = VECTOR('',#12812,1.);
#12812 = DIRECTION('',(0.,-1.,1.22E-15));
#12813 = ORIENTED_EDGE('',*,*,#12814,.T.);
#12814 = EDGE_CURVE('',#12807,#12815,#12817,.T.);
#12815 = VERTEX_POINT('',#12816);
#12816 = CARTESIAN_POINT('',(0.,2.175,0.12));
#12817 = LINE('',#12818,#12819);
#12818 = CARTESIAN_POINT('',(3.6,2.175,0.12));
#12819 = VECTOR('',#12820,1.);
#12820 = DIRECTION('',(-1.,0.,-0.));
#12821 = ORIENTED_EDGE('',*,*,#12822,.T.);
#12822 = EDGE_CURVE('',#12815,#12797,#12823,.T.);
#12823 = LINE('',#12824,#12825);
#12824 = CARTESIAN_POINT('',(0.,2.175,0.12));
#12825 = VECTOR('',#12826,1.);
#12826 = DIRECTION('',(-0.,1.,-1.22E-15));
#12827 = PLANE('',#12828);
#12828 = AXIS2_PLACEMENT_3D('',#12829,#12830,#12831);
#12829 = CARTESIAN_POINT('',(1.8,2.95,0.12));
#12830 = DIRECTION('',(0.,8.3E-16,1.));
#12831 = DIRECTION('',(0.,-1.,8.3E-16));
#12832 = ADVANCED_FACE('',(#12833),#12852,.T.);
#12833 = FACE_BOUND('',#12834,.T.);
#12834 = EDGE_LOOP('',(#12835,#12844,#12850,#12851));
#12835 = ORIENTED_EDGE('',*,*,#12836,.T.);
#12836 = EDGE_CURVE('',#12837,#12837,#12839,.T.);
#12837 = VERTEX_POINT('',#12838);
#12838 = CARTESIAN_POINT('',(2.64,2.605,4.E-02));
#12839 = CIRCLE('',#12840,0.25);
#12840 = AXIS2_PLACEMENT_3D('',#12841,#12842,#12843);
#12841 = CARTESIAN_POINT('',(2.89,2.605,4.E-02));
#12842 = DIRECTION('',(0.,7.2E-16,1.));
#12843 = DIRECTION('',(-1.,0.,0.));
#12844 = ORIENTED_EDGE('',*,*,#12845,.F.);
#12845 = EDGE_CURVE('',#12786,#12837,#12846,.T.);
#12846 = LINE('',#12847,#12848);
#12847 = CARTESIAN_POINT('',(2.64,2.605,4.E-02));
#12848 = VECTOR('',#12849,1.);
#12849 = DIRECTION('',(0.707106781187,-5.1E-16,-0.707106781187));
#12850 = ORIENTED_EDGE('',*,*,#12785,.F.);
#12851 = ORIENTED_EDGE('',*,*,#12845,.T.);
#12852 = CONICAL_SURFACE('',#12853,0.25,0.785398163397);
#12853 = AXIS2_PLACEMENT_3D('',#12854,#12855,#12856);
#12854 = CARTESIAN_POINT('',(2.89,2.605,4.E-02));
#12855 = DIRECTION('',(0.,7.2E-16,1.));
#12856 = DIRECTION('',(-1.,0.,0.));
#12857 = ADVANCED_FACE('',(#12858),#12883,.T.);
#12858 = FACE_BOUND('',#12859,.F.);
#12859 = EDGE_LOOP('',(#12860,#12868,#12869,#12877));
#12860 = ORIENTED_EDGE('',*,*,#12861,.T.);
#12861 = EDGE_CURVE('',#12862,#12797,#12864,.T.);
#12862 = VERTEX_POINT('',#12863);
#12863 = CARTESIAN_POINT('',(0.,3.725,0.43));
#12864 = LINE('',#12865,#12866);
#12865 = CARTESIAN_POINT('',(0.,3.725,0.43));
#12866 = VECTOR('',#12867,1.);
#12867 = DIRECTION('',(-0.,-6.9E-16,-1.));
#12868 = ORIENTED_EDGE('',*,*,#12796,.T.);
#12869 = ORIENTED_EDGE('',*,*,#12870,.F.);
#12870 = EDGE_CURVE('',#12871,#12799,#12873,.T.);
#12871 = VERTEX_POINT('',#12872);
#12872 = CARTESIAN_POINT('',(3.6,3.725,0.43));
#12873 = LINE('',#12874,#12875);
#12874 = CARTESIAN_POINT('',(3.6,3.725,0.43));
#12875 = VECTOR('',#12876,1.);
#12876 = DIRECTION('',(-0.,-6.9E-16,-1.));
#12877 = ORIENTED_EDGE('',*,*,#12878,.T.);
#12878 = EDGE_CURVE('',#12871,#12862,#12879,.T.);
#12879 = LINE('',#12880,#12881);
#12880 = CARTESIAN_POINT('',(4.15,3.725,0.43));
#12881 = VECTOR('',#12882,1.);
#12882 = DIRECTION('',(-1.,0.,-0.));
#12883 = PLANE('',#12884);
#12884 = AXIS2_PLACEMENT_3D('',#12885,#12886,#12887);
#12885 = CARTESIAN_POINT('',(0.,3.725,0.43));
#12886 = DIRECTION('',(0.,1.,-6.9E-16));
#12887 = DIRECTION('',(-1.,0.,0.));
#12888 = ADVANCED_FACE('',(#12889),#12907,.T.);
#12889 = FACE_BOUND('',#12890,.F.);
#12890 = EDGE_LOOP('',(#12891,#12899,#12900,#12901));
#12891 = ORIENTED_EDGE('',*,*,#12892,.T.);
#12892 = EDGE_CURVE('',#12893,#12815,#12895,.T.);
#12893 = VERTEX_POINT('',#12894);
#12894 = CARTESIAN_POINT('',(0.,2.175,0.43));
#12895 = LINE('',#12896,#12897);
#12896 = CARTESIAN_POINT('',(0.,2.175,0.43));
#12897 = VECTOR('',#12898,1.);
#12898 = DIRECTION('',(-0.,-6.9E-16,-1.));
#12899 = ORIENTED_EDGE('',*,*,#12822,.T.);
#12900 = ORIENTED_EDGE('',*,*,#12861,.F.);
#12901 = ORIENTED_EDGE('',*,*,#12902,.T.);
#12902 = EDGE_CURVE('',#12862,#12893,#12903,.T.);
#12903 = LINE('',#12904,#12905);
#12904 = CARTESIAN_POINT('',(0.,3.725,0.43));
#12905 = VECTOR('',#12906,1.);
#12906 = DIRECTION('',(0.,-1.,2.2E-16));
#12907 = PLANE('',#12908);
#12908 = AXIS2_PLACEMENT_3D('',#12909,#12910,#12911);
#12909 = CARTESIAN_POINT('',(0.,2.175,0.43));
#12910 = DIRECTION('',(-1.,-0.,-0.));
#12911 = DIRECTION('',(0.,-1.,6.9E-16));
#12912 = ADVANCED_FACE('',(#12913),#12931,.T.);
#12913 = FACE_BOUND('',#12914,.F.);
#12914 = EDGE_LOOP('',(#12915,#12916,#12917,#12925));
#12915 = ORIENTED_EDGE('',*,*,#12870,.T.);
#12916 = ORIENTED_EDGE('',*,*,#12806,.T.);
#12917 = ORIENTED_EDGE('',*,*,#12918,.F.);
#12918 = EDGE_CURVE('',#12919,#12807,#12921,.T.);
#12919 = VERTEX_POINT('',#12920);
#12920 = CARTESIAN_POINT('',(3.6,2.175,0.43));
#12921 = LINE('',#12922,#12923);
#12922 = CARTESIAN_POINT('',(3.6,2.175,0.43));
#12923 = VECTOR('',#12924,1.);
#12924 = DIRECTION('',(-0.,-6.9E-16,-1.));
#12925 = ORIENTED_EDGE('',*,*,#12926,.F.);
#12926 = EDGE_CURVE('',#12871,#12919,#12927,.T.);
#12927 = LINE('',#12928,#12929);
#12928 = CARTESIAN_POINT('',(3.6,3.725,0.43));
#12929 = VECTOR('',#12930,1.);
#12930 = DIRECTION('',(0.,-1.,1.22E-15));
#12931 = PLANE('',#12932);
#12932 = AXIS2_PLACEMENT_3D('',#12933,#12934,#12935);
#12933 = CARTESIAN_POINT('',(3.6,3.725,0.43));
#12934 = DIRECTION('',(1.,0.,0.));
#12935 = DIRECTION('',(0.,1.,-6.9E-16));
#12936 = ADVANCED_FACE('',(#12937),#12948,.T.);
#12937 = FACE_BOUND('',#12938,.F.);
#12938 = EDGE_LOOP('',(#12939,#12940,#12941,#12942));
#12939 = ORIENTED_EDGE('',*,*,#12918,.T.);
#12940 = ORIENTED_EDGE('',*,*,#12814,.T.);
#12941 = ORIENTED_EDGE('',*,*,#12892,.F.);
#12942 = ORIENTED_EDGE('',*,*,#12943,.T.);
#12943 = EDGE_CURVE('',#12893,#12919,#12944,.T.);
#12944 = LINE('',#12945,#12946);
#12945 = CARTESIAN_POINT('',(0.,2.175,0.43));
#12946 = VECTOR('',#12947,1.);
#12947 = DIRECTION('',(1.,0.,0.));
#12948 = PLANE('',#12949);
#12949 = AXIS2_PLACEMENT_3D('',#12950,#12951,#12952);
#12950 = CARTESIAN_POINT('',(3.6,2.175,0.43));
#12951 = DIRECTION('',(0.,-1.,6.9E-16));
#12952 = DIRECTION('',(1.,0.,0.));
#12953 = ADVANCED_FACE('',(#12954),#12973,.T.);
#12954 = FACE_BOUND('',#12955,.T.);
#12955 = EDGE_LOOP('',(#12956,#12964,#12971,#12972));
#12956 = ORIENTED_EDGE('',*,*,#12957,.T.);
#12957 = EDGE_CURVE('',#12837,#12958,#12960,.T.);
#12958 = VERTEX_POINT('',#12959);
#12959 = CARTESIAN_POINT('',(2.64,2.605,-0.52));
#12960 = LINE('',#12961,#12962);
#12961 = CARTESIAN_POINT('',(2.64,2.605,0.12));
#12962 = VECTOR('',#12963,1.);
#12963 = DIRECTION('',(-0.,-7.2E-16,-1.));
#12964 = ORIENTED_EDGE('',*,*,#12965,.T.);
#12965 = EDGE_CURVE('',#12958,#12958,#12966,.T.);
#12966 = CIRCLE('',#12967,0.25);
#12967 = AXIS2_PLACEMENT_3D('',#12968,#12969,#12970);
#12968 = CARTESIAN_POINT('',(2.89,2.605,-0.52));
#12969 = DIRECTION('',(2.E-17,7.2E-16,1.));
#12970 = DIRECTION('',(-1.,0.,2.E-17));
#12971 = ORIENTED_EDGE('',*,*,#12957,.F.);
#12972 = ORIENTED_EDGE('',*,*,#12836,.F.);
#12973 = CYLINDRICAL_SURFACE('',#12974,0.25);
#12974 = AXIS2_PLACEMENT_3D('',#12975,#12976,#12977);
#12975 = CARTESIAN_POINT('',(2.89,2.605,0.12));
#12976 = DIRECTION('',(0.,7.2E-16,1.));
#12977 = DIRECTION('',(-1.,0.,0.));
#12978 = ADVANCED_FACE('',(#12979),#13028,.F.);
#12979 = FACE_BOUND('',#12980,.T.);
#12980 = EDGE_LOOP('',(#12981,#12991,#12999,#13005,#13006,#13014,#13022)
  );
#12981 = ORIENTED_EDGE('',*,*,#12982,.T.);
#12982 = EDGE_CURVE('',#12983,#12985,#12987,.T.);
#12983 = VERTEX_POINT('',#12984);
#12984 = CARTESIAN_POINT('',(3.15,3.725,1.73));
#12985 = VERTEX_POINT('',#12986);
#12986 = CARTESIAN_POINT('',(4.15,3.725,1.73));
#12987 = LINE('',#12988,#12989);
#12988 = CARTESIAN_POINT('',(3.15,3.725,1.73));
#12989 = VECTOR('',#12990,1.);
#12990 = DIRECTION('',(1.,0.,-2.2E-16));
#12991 = ORIENTED_EDGE('',*,*,#12992,.T.);
#12992 = EDGE_CURVE('',#12985,#12993,#12995,.T.);
#12993 = VERTEX_POINT('',#12994);
#12994 = CARTESIAN_POINT('',(4.15,3.725,0.43));
#12995 = LINE('',#12996,#12997);
#12996 = CARTESIAN_POINT('',(4.15,3.725,1.82));
#12997 = VECTOR('',#12998,1.);
#12998 = DIRECTION('',(-0.,-5.8E-16,-1.));
#12999 = ORIENTED_EDGE('',*,*,#13000,.T.);
#13000 = EDGE_CURVE('',#12993,#12871,#13001,.T.);
#13001 = LINE('',#13002,#13003);
#13002 = CARTESIAN_POINT('',(4.15,3.725,0.43));
#13003 = VECTOR('',#13004,1.);
#13004 = DIRECTION('',(-1.,0.,-0.));
#13005 = ORIENTED_EDGE('',*,*,#12878,.T.);
#13006 = ORIENTED_EDGE('',*,*,#13007,.F.);
#13007 = EDGE_CURVE('',#13008,#12862,#13010,.T.);
#13008 = VERTEX_POINT('',#13009);
#13009 = CARTESIAN_POINT('',(0.,3.725,1.82));
#13010 = LINE('',#13011,#13012);
#13011 = CARTESIAN_POINT('',(0.,3.725,1.82));
#13012 = VECTOR('',#13013,1.);
#13013 = DIRECTION('',(-0.,-5.8E-16,-1.));
#13014 = ORIENTED_EDGE('',*,*,#13015,.F.);
#13015 = EDGE_CURVE('',#13016,#13008,#13018,.T.);
#13016 = VERTEX_POINT('',#13017);
#13017 = CARTESIAN_POINT('',(3.15,3.725,1.82));
#13018 = LINE('',#13019,#13020);
#13019 = CARTESIAN_POINT('',(4.15,3.725,1.82));
#13020 = VECTOR('',#13021,1.);
#13021 = DIRECTION('',(-1.,0.,-0.));
#13022 = ORIENTED_EDGE('',*,*,#13023,.F.);
#13023 = EDGE_CURVE('',#12983,#13016,#13024,.T.);
#13024 = LINE('',#13025,#13026);
#13025 = CARTESIAN_POINT('',(3.15,3.725,1.73));
#13026 = VECTOR('',#13027,1.);
#13027 = DIRECTION('',(0.,2.2E-16,1.));
#13028 = PLANE('',#13029);
#13029 = AXIS2_PLACEMENT_3D('',#13030,#13031,#13032);
#13030 = CARTESIAN_POINT('',(4.15,3.725,1.82));
#13031 = DIRECTION('',(0.,-1.,5.8E-16));
#13032 = DIRECTION('',(1.,0.,0.));
#13033 = ADVANCED_FACE('',(#13034),#13060,.F.);
#13034 = FACE_BOUND('',#13035,.T.);
#13035 = EDGE_LOOP('',(#13036,#13037,#13038,#13046,#13054));
#13036 = ORIENTED_EDGE('',*,*,#13007,.T.);
#13037 = ORIENTED_EDGE('',*,*,#12902,.T.);
#13038 = ORIENTED_EDGE('',*,*,#13039,.F.);
#13039 = EDGE_CURVE('',#13040,#12893,#13042,.T.);
#13040 = VERTEX_POINT('',#13041);
#13041 = CARTESIAN_POINT('',(0.,2.175,0.47));
#13042 = LINE('',#13043,#13044);
#13043 = CARTESIAN_POINT('',(0.,2.175,1.82));
#13044 = VECTOR('',#13045,1.);
#13045 = DIRECTION('',(-0.,-5.8E-16,-1.));
#13046 = ORIENTED_EDGE('',*,*,#13047,.T.);
#13047 = EDGE_CURVE('',#13040,#13048,#13050,.T.);
#13048 = VERTEX_POINT('',#13049);
#13049 = CARTESIAN_POINT('',(0.,2.175,1.82));
#13050 = LINE('',#13051,#13052);
#13051 = CARTESIAN_POINT('',(0.,2.175,0.47));
#13052 = VECTOR('',#13053,1.);
#13053 = DIRECTION('',(0.,6.6E-16,1.));
#13054 = ORIENTED_EDGE('',*,*,#13055,.F.);
#13055 = EDGE_CURVE('',#13008,#13048,#13056,.T.);
#13056 = LINE('',#13057,#13058);
#13057 = CARTESIAN_POINT('',(0.,3.725,1.82));
#13058 = VECTOR('',#13059,1.);
#13059 = DIRECTION('',(0.,-1.,2.2E-16));
#13060 = PLANE('',#13061);
#13061 = AXIS2_PLACEMENT_3D('',#13062,#13063,#13064);
#13062 = CARTESIAN_POINT('',(0.,3.725,1.82));
#13063 = DIRECTION('',(1.,0.,0.));
#13064 = DIRECTION('',(0.,1.,-3.3E-16));
#13065 = ADVANCED_FACE('',(#13066),#13084,.F.);
#13066 = FACE_BOUND('',#13067,.T.);
#13067 = EDGE_LOOP('',(#13068,#13069,#13077,#13083));
#13068 = ORIENTED_EDGE('',*,*,#13000,.F.);
#13069 = ORIENTED_EDGE('',*,*,#13070,.F.);
#13070 = EDGE_CURVE('',#13071,#12993,#13073,.T.);
#13071 = VERTEX_POINT('',#13072);
#13072 = CARTESIAN_POINT('',(4.15,2.175,0.43));
#13073 = LINE('',#13074,#13075);
#13074 = CARTESIAN_POINT('',(4.15,2.175,0.43));
#13075 = VECTOR('',#13076,1.);
#13076 = DIRECTION('',(-0.,1.,-2.2E-16));
#13077 = ORIENTED_EDGE('',*,*,#13078,.F.);
#13078 = EDGE_CURVE('',#12919,#13071,#13079,.T.);
#13079 = LINE('',#13080,#13081);
#13080 = CARTESIAN_POINT('',(0.,2.175,0.43));
#13081 = VECTOR('',#13082,1.);
#13082 = DIRECTION('',(1.,0.,0.));
#13083 = ORIENTED_EDGE('',*,*,#12926,.F.);
#13084 = PLANE('',#13085);
#13085 = AXIS2_PLACEMENT_3D('',#13086,#13087,#13088);
#13086 = CARTESIAN_POINT('',(2.075,2.95,0.43));
#13087 = DIRECTION('',(0.,4.7E-16,1.));
#13088 = DIRECTION('',(0.,-1.,4.7E-16));
#13089 = ADVANCED_FACE('',(#13090),#13118,.F.);
#13090 = FACE_BOUND('',#13091,.T.);
#13091 = EDGE_LOOP('',(#13092,#13100,#13101,#13102,#13103,#13111));
#13092 = ORIENTED_EDGE('',*,*,#13093,.F.);
#13093 = EDGE_CURVE('',#13040,#13094,#13096,.T.);
#13094 = VERTEX_POINT('',#13095);
#13095 = CARTESIAN_POINT('',(3.17,2.175,0.47));
#13096 = LINE('',#13097,#13098);
#13097 = CARTESIAN_POINT('',(0.,2.175,0.47));
#13098 = VECTOR('',#13099,1.);
#13099 = DIRECTION('',(1.,0.,0.));
#13100 = ORIENTED_EDGE('',*,*,#13039,.T.);
#13101 = ORIENTED_EDGE('',*,*,#12943,.T.);
#13102 = ORIENTED_EDGE('',*,*,#13078,.T.);
#13103 = ORIENTED_EDGE('',*,*,#13104,.F.);
#13104 = EDGE_CURVE('',#13105,#13071,#13107,.T.);
#13105 = VERTEX_POINT('',#13106);
#13106 = CARTESIAN_POINT('',(4.15,2.175,1.45));
#13107 = LINE('',#13108,#13109);
#13108 = CARTESIAN_POINT('',(4.15,2.175,1.82));
#13109 = VECTOR('',#13110,1.);
#13110 = DIRECTION('',(-0.,-5.8E-16,-1.));
#13111 = ORIENTED_EDGE('',*,*,#13112,.T.);
#13112 = EDGE_CURVE('',#13105,#13094,#13113,.T.);
#13113 = CIRCLE('',#13114,0.98);
#13114 = AXIS2_PLACEMENT_3D('',#13115,#13116,#13117);
#13115 = CARTESIAN_POINT('',(3.17,2.175,1.45));
#13116 = DIRECTION('',(0.,1.,-6.6E-16));
#13117 = DIRECTION('',(-1.,0.,0.));
#13118 = PLANE('',#13119);
#13119 = AXIS2_PLACEMENT_3D('',#13120,#13121,#13122);
#13120 = CARTESIAN_POINT('',(0.,2.175,1.82));
#13121 = DIRECTION('',(0.,1.,-5.8E-16));
#13122 = DIRECTION('',(-1.,0.,0.));
#13123 = ADVANCED_FACE('',(#13124),#13143,.T.);
#13124 = FACE_BOUND('',#13125,.T.);
#13125 = EDGE_LOOP('',(#13126,#13135,#13141,#13142));
#13126 = ORIENTED_EDGE('',*,*,#13127,.T.);
#13127 = EDGE_CURVE('',#13128,#13128,#13130,.T.);
#13128 = VERTEX_POINT('',#13129);
#13129 = CARTESIAN_POINT('',(2.72,2.605,-0.6));
#13130 = CIRCLE('',#13131,0.17);
#13131 = AXIS2_PLACEMENT_3D('',#13132,#13133,#13134);
#13132 = CARTESIAN_POINT('',(2.89,2.605,-0.6));
#13133 = DIRECTION('',(2.E-17,7.2E-16,1.));
#13134 = DIRECTION('',(-1.,0.,2.E-17));
#13135 = ORIENTED_EDGE('',*,*,#13136,.F.);
#13136 = EDGE_CURVE('',#12958,#13128,#13137,.T.);
#13137 = LINE('',#13138,#13139);
#13138 = CARTESIAN_POINT('',(2.64,2.605,-0.52));
#13139 = VECTOR('',#13140,1.);
#13140 = DIRECTION('',(0.707106781187,-5.1E-16,-0.707106781187));
#13141 = ORIENTED_EDGE('',*,*,#12965,.F.);
#13142 = ORIENTED_EDGE('',*,*,#13136,.T.);
#13143 = CONICAL_SURFACE('',#13144,0.25,0.785398163397);
#13144 = AXIS2_PLACEMENT_3D('',#13145,#13146,#13147);
#13145 = CARTESIAN_POINT('',(2.89,2.605,-0.52));
#13146 = DIRECTION('',(2.E-17,7.2E-16,1.));
#13147 = DIRECTION('',(-1.,0.,2.E-17));
#13148 = ADVANCED_FACE('',(#13149),#13167,.F.);
#13149 = FACE_BOUND('',#13150,.T.);
#13150 = EDGE_LOOP('',(#13151,#13159,#13165,#13166));
#13151 = ORIENTED_EDGE('',*,*,#13152,.F.);
#13152 = EDGE_CURVE('',#13153,#13016,#13155,.T.);
#13153 = VERTEX_POINT('',#13154);
#13154 = CARTESIAN_POINT('',(4.15,3.725,1.82));
#13155 = LINE('',#13156,#13157);
#13156 = CARTESIAN_POINT('',(4.15,3.725,1.82));
#13157 = VECTOR('',#13158,1.);
#13158 = DIRECTION('',(-1.,0.,-0.));
#13159 = ORIENTED_EDGE('',*,*,#13160,.T.);
#13160 = EDGE_CURVE('',#13153,#12985,#13161,.T.);
#13161 = LINE('',#13162,#13163);
#13162 = CARTESIAN_POINT('',(4.15,3.725,1.82));
#13163 = VECTOR('',#13164,1.);
#13164 = DIRECTION('',(-0.,-5.8E-16,-1.));
#13165 = ORIENTED_EDGE('',*,*,#12982,.F.);
#13166 = ORIENTED_EDGE('',*,*,#13023,.T.);
#13167 = PLANE('',#13168);
#13168 = AXIS2_PLACEMENT_3D('',#13169,#13170,#13171);
#13169 = CARTESIAN_POINT('',(4.15,3.725,1.82));
#13170 = DIRECTION('',(0.,-1.,5.8E-16));
#13171 = DIRECTION('',(1.,0.,0.));
#13172 = ADVANCED_FACE('',(#13173),#13255,.T.);
#13173 = FACE_BOUND('',#13174,.F.);
#13174 = EDGE_LOOP('',(#13175,#13185,#13193,#13201,#13209,#13215,#13216,
    #13224,#13232,#13241,#13249));
#13175 = ORIENTED_EDGE('',*,*,#13176,.T.);
#13176 = EDGE_CURVE('',#13177,#13179,#13181,.T.);
#13177 = VERTEX_POINT('',#13178);
#13178 = CARTESIAN_POINT('',(2.4,3.725,2.79));
#13179 = VERTEX_POINT('',#13180);
#13180 = CARTESIAN_POINT('',(2.4,3.725,2.19));
#13181 = LINE('',#13182,#13183);
#13182 = CARTESIAN_POINT('',(2.4,3.725,2.99));
#13183 = VECTOR('',#13184,1.);
#13184 = DIRECTION('',(-0.,-1.22E-15,-1.));
#13185 = ORIENTED_EDGE('',*,*,#13186,.T.);
#13186 = EDGE_CURVE('',#13179,#13187,#13189,.T.);
#13187 = VERTEX_POINT('',#13188);
#13188 = CARTESIAN_POINT('',(1.2,3.725,2.19));
#13189 = LINE('',#13190,#13191);
#13190 = CARTESIAN_POINT('',(2.4,3.725,2.19));
#13191 = VECTOR('',#13192,1.);
#13192 = DIRECTION('',(-1.,0.,0.));
#13193 = ORIENTED_EDGE('',*,*,#13194,.F.);
#13194 = EDGE_CURVE('',#13195,#13187,#13197,.T.);
#13195 = VERTEX_POINT('',#13196);
#13196 = CARTESIAN_POINT('',(1.2,3.725,2.99));
#13197 = LINE('',#13198,#13199);
#13198 = CARTESIAN_POINT('',(1.2,3.725,2.99));
#13199 = VECTOR('',#13200,1.);
#13200 = DIRECTION('',(-0.,-1.22E-15,-1.));
#13201 = ORIENTED_EDGE('',*,*,#13202,.T.);
#13202 = EDGE_CURVE('',#13195,#13203,#13205,.T.);
#13203 = VERTEX_POINT('',#13204);
#13204 = CARTESIAN_POINT('',(0.,3.725,2.99));
#13205 = LINE('',#13206,#13207);
#13206 = CARTESIAN_POINT('',(3.17,3.725,2.99));
#13207 = VECTOR('',#13208,1.);
#13208 = DIRECTION('',(-1.,-0.,-0.));
#13209 = ORIENTED_EDGE('',*,*,#13210,.T.);
#13210 = EDGE_CURVE('',#13203,#13008,#13211,.T.);
#13211 = LINE('',#13212,#13213);
#13212 = CARTESIAN_POINT('',(0.,3.725,2.99));
#13213 = VECTOR('',#13214,1.);
#13214 = DIRECTION('',(-0.,-2.2E-16,-1.));
#13215 = ORIENTED_EDGE('',*,*,#13015,.F.);
#13216 = ORIENTED_EDGE('',*,*,#13217,.T.);
#13217 = EDGE_CURVE('',#13016,#13218,#13220,.T.);
#13218 = VERTEX_POINT('',#13219);
#13219 = CARTESIAN_POINT('',(3.15,3.725,2.66));
#13220 = LINE('',#13221,#13222);
#13221 = CARTESIAN_POINT('',(3.15,3.725,1.73));
#13222 = VECTOR('',#13223,1.);
#13223 = DIRECTION('',(0.,2.2E-16,1.));
#13224 = ORIENTED_EDGE('',*,*,#13225,.T.);
#13225 = EDGE_CURVE('',#13218,#13226,#13228,.T.);
#13226 = VERTEX_POINT('',#13227);
#13227 = CARTESIAN_POINT('',(3.903416661932,3.725,2.66));
#13228 = LINE('',#13229,#13230);
#13229 = CARTESIAN_POINT('',(3.15,3.725,2.66));
#13230 = VECTOR('',#13231,1.);
#13231 = DIRECTION('',(1.,0.,-2.2E-16));
#13232 = ORIENTED_EDGE('',*,*,#13233,.F.);
#13233 = EDGE_CURVE('',#13234,#13226,#13236,.T.);
#13234 = VERTEX_POINT('',#13235);
#13235 = CARTESIAN_POINT('',(3.17,3.725,2.99));
#13236 = CIRCLE('',#13237,0.98);
#13237 = AXIS2_PLACEMENT_3D('',#13238,#13239,#13240);
#13238 = CARTESIAN_POINT('',(3.17,3.725,2.01));
#13239 = DIRECTION('',(0.,1.,-2.2E-16));
#13240 = DIRECTION('',(-1.,0.,0.));
#13241 = ORIENTED_EDGE('',*,*,#13242,.T.);
#13242 = EDGE_CURVE('',#13234,#13243,#13245,.T.);
#13243 = VERTEX_POINT('',#13244);
#13244 = CARTESIAN_POINT('',(2.6,3.725,2.99));
#13245 = LINE('',#13246,#13247);
#13246 = CARTESIAN_POINT('',(3.17,3.725,2.99));
#13247 = VECTOR('',#13248,1.);
#13248 = DIRECTION('',(-1.,-0.,-0.));
#13249 = ORIENTED_EDGE('',*,*,#13250,.T.);
#13250 = EDGE_CURVE('',#13243,#13177,#13251,.T.);
#13251 = LINE('',#13252,#13253);
#13252 = CARTESIAN_POINT('',(2.063926689938,3.725,2.453926689938));
#13253 = VECTOR('',#13254,1.);
#13254 = DIRECTION('',(-0.707106781187,-3.2E-16,-0.707106781187));
#13255 = PLANE('',#13256);
#13256 = AXIS2_PLACEMENT_3D('',#13257,#13258,#13259);
#13257 = CARTESIAN_POINT('',(1.915706759753,3.725,1.73));
#13258 = DIRECTION('',(0.,1.,-4.4E-16));
#13259 = DIRECTION('',(0.,-4.4E-16,-1.));
#13260 = ADVANCED_FACE('',(#13261),#13296,.F.);
#13261 = FACE_BOUND('',#13262,.T.);
#13262 = EDGE_LOOP('',(#13263,#13273,#13279,#13280,#13281,#13282,#13290)
  );
#13263 = ORIENTED_EDGE('',*,*,#13264,.F.);
#13264 = EDGE_CURVE('',#13265,#13267,#13269,.T.);
#13265 = VERTEX_POINT('',#13266);
#13266 = CARTESIAN_POINT('',(4.15,2.175,1.82));
#13267 = VERTEX_POINT('',#13268);
#13268 = CARTESIAN_POINT('',(4.15,3.035,1.82));
#13269 = LINE('',#13270,#13271);
#13270 = CARTESIAN_POINT('',(4.15,2.175,1.82));
#13271 = VECTOR('',#13272,1.);
#13272 = DIRECTION('',(-0.,1.,-2.2E-16));
#13273 = ORIENTED_EDGE('',*,*,#13274,.F.);
#13274 = EDGE_CURVE('',#13105,#13265,#13275,.T.);
#13275 = LINE('',#13276,#13277);
#13276 = CARTESIAN_POINT('',(4.15,2.175,0.47));
#13277 = VECTOR('',#13278,1.);
#13278 = DIRECTION('',(0.,6.6E-16,1.));
#13279 = ORIENTED_EDGE('',*,*,#13104,.T.);
#13280 = ORIENTED_EDGE('',*,*,#13070,.T.);
#13281 = ORIENTED_EDGE('',*,*,#12992,.F.);
#13282 = ORIENTED_EDGE('',*,*,#13283,.F.);
#13283 = EDGE_CURVE('',#13284,#12985,#13286,.T.);
#13284 = VERTEX_POINT('',#13285);
#13285 = CARTESIAN_POINT('',(4.15,3.125,1.73));
#13286 = LINE('',#13287,#13288);
#13287 = CARTESIAN_POINT('',(4.15,2.6,1.73));
#13288 = VECTOR('',#13289,1.);
#13289 = DIRECTION('',(0.,1.,-3.3E-16));
#13290 = ORIENTED_EDGE('',*,*,#13291,.F.);
#13291 = EDGE_CURVE('',#13267,#13284,#13292,.T.);
#13292 = LINE('',#13293,#13294);
#13293 = CARTESIAN_POINT('',(4.15,2.84,2.015));
#13294 = VECTOR('',#13295,1.);
#13295 = DIRECTION('',(0.,0.707106781187,-0.707106781187));
#13296 = PLANE('',#13297);
#13297 = AXIS2_PLACEMENT_3D('',#13298,#13299,#13300);
#13298 = CARTESIAN_POINT('',(4.15,2.175,1.82));
#13299 = DIRECTION('',(-1.,-0.,-0.));
#13300 = DIRECTION('',(0.,-1.,3.3E-16));
#13301 = ADVANCED_FACE('',(#13302),#13345,.F.);
#13302 = FACE_BOUND('',#13303,.T.);
#13303 = EDGE_LOOP('',(#13304,#13314,#13320,#13321,#13322,#13323,#13331,
    #13339));
#13304 = ORIENTED_EDGE('',*,*,#13305,.F.);
#13305 = EDGE_CURVE('',#13306,#13308,#13310,.T.);
#13306 = VERTEX_POINT('',#13307);
#13307 = CARTESIAN_POINT('',(0.,1.125,2.99));
#13308 = VERTEX_POINT('',#13309);
#13309 = CARTESIAN_POINT('',(0.,1.125,2.33));
#13310 = LINE('',#13311,#13312);
#13311 = CARTESIAN_POINT('',(0.,1.125,2.99));
#13312 = VECTOR('',#13313,1.);
#13313 = DIRECTION('',(-0.,-2.2E-16,-1.));
#13314 = ORIENTED_EDGE('',*,*,#13315,.T.);
#13315 = EDGE_CURVE('',#13306,#13203,#13316,.T.);
#13316 = LINE('',#13317,#13318);
#13317 = CARTESIAN_POINT('',(0.,1.125,2.99));
#13318 = VECTOR('',#13319,1.);
#13319 = DIRECTION('',(0.,1.,-6.6E-16));
#13320 = ORIENTED_EDGE('',*,*,#13210,.T.);
#13321 = ORIENTED_EDGE('',*,*,#13055,.T.);
#13322 = ORIENTED_EDGE('',*,*,#13047,.F.);
#13323 = ORIENTED_EDGE('',*,*,#13324,.F.);
#13324 = EDGE_CURVE('',#13325,#13040,#13327,.T.);
#13325 = VERTEX_POINT('',#13326);
#13326 = CARTESIAN_POINT('',(0.,1.125,0.47));
#13327 = LINE('',#13328,#13329);
#13328 = CARTESIAN_POINT('',(0.,1.125,0.47));
#13329 = VECTOR('',#13330,1.);
#13330 = DIRECTION('',(0.,1.,-6.6E-16));
#13331 = ORIENTED_EDGE('',*,*,#13332,.F.);
#13332 = EDGE_CURVE('',#13333,#13325,#13335,.T.);
#13333 = VERTEX_POINT('',#13334);
#13334 = CARTESIAN_POINT('',(0.,1.125,1.13));
#13335 = LINE('',#13336,#13337);
#13336 = CARTESIAN_POINT('',(0.,1.125,2.99));
#13337 = VECTOR('',#13338,1.);
#13338 = DIRECTION('',(-0.,-2.2E-16,-1.));
#13339 = ORIENTED_EDGE('',*,*,#13340,.F.);
#13340 = EDGE_CURVE('',#13308,#13333,#13341,.T.);
#13341 = LINE('',#13342,#13343);
#13342 = CARTESIAN_POINT('',(0.,1.125,2.33));
#13343 = VECTOR('',#13344,1.);
#13344 = DIRECTION('',(-0.,-2.2E-16,-1.));
#13345 = PLANE('',#13346);
#13346 = AXIS2_PLACEMENT_3D('',#13347,#13348,#13349);
#13347 = CARTESIAN_POINT('',(0.,1.125,2.99));
#13348 = DIRECTION('',(1.,0.,0.));
#13349 = DIRECTION('',(-0.,6.6E-16,1.));
#13350 = ADVANCED_FACE('',(#13351),#13401,.F.);
#13351 = FACE_BOUND('',#13352,.T.);
#13352 = EDGE_LOOP('',(#13353,#13361,#13362,#13363,#13371,#13379,#13387,
    #13395));
#13353 = ORIENTED_EDGE('',*,*,#13354,.F.);
#13354 = EDGE_CURVE('',#13325,#13355,#13357,.T.);
#13355 = VERTEX_POINT('',#13356);
#13356 = CARTESIAN_POINT('',(1.1,1.125,0.47));
#13357 = LINE('',#13358,#13359);
#13358 = CARTESIAN_POINT('',(0.,1.125,0.47));
#13359 = VECTOR('',#13360,1.);
#13360 = DIRECTION('',(1.,0.,0.));
#13361 = ORIENTED_EDGE('',*,*,#13324,.T.);
#13362 = ORIENTED_EDGE('',*,*,#13093,.T.);
#13363 = ORIENTED_EDGE('',*,*,#13364,.F.);
#13364 = EDGE_CURVE('',#13365,#13094,#13367,.T.);
#13365 = VERTEX_POINT('',#13366);
#13366 = CARTESIAN_POINT('',(3.17,1.125,0.47));
#13367 = LINE('',#13368,#13369);
#13368 = CARTESIAN_POINT('',(3.17,1.125,0.47));
#13369 = VECTOR('',#13370,1.);
#13370 = DIRECTION('',(0.,1.,-6.6E-16));
#13371 = ORIENTED_EDGE('',*,*,#13372,.F.);
#13372 = EDGE_CURVE('',#13373,#13365,#13375,.T.);
#13373 = VERTEX_POINT('',#13374);
#13374 = CARTESIAN_POINT('',(2.5,1.125,0.47));
#13375 = LINE('',#13376,#13377);
#13376 = CARTESIAN_POINT('',(0.,1.125,0.47));
#13377 = VECTOR('',#13378,1.);
#13378 = DIRECTION('',(1.,0.,0.));
#13379 = ORIENTED_EDGE('',*,*,#13380,.T.);
#13380 = EDGE_CURVE('',#13373,#13381,#13383,.T.);
#13381 = VERTEX_POINT('',#13382);
#13382 = CARTESIAN_POINT('',(2.5,1.675,0.47));
#13383 = LINE('',#13384,#13385);
#13384 = CARTESIAN_POINT('',(2.5,1.125,0.47));
#13385 = VECTOR('',#13386,1.);
#13386 = DIRECTION('',(0.,1.,-1.22E-15));
#13387 = ORIENTED_EDGE('',*,*,#13388,.T.);
#13388 = EDGE_CURVE('',#13381,#13389,#13391,.T.);
#13389 = VERTEX_POINT('',#13390);
#13390 = CARTESIAN_POINT('',(1.1,1.675,0.47));
#13391 = LINE('',#13392,#13393);
#13392 = CARTESIAN_POINT('',(2.5,1.675,0.47));
#13393 = VECTOR('',#13394,1.);
#13394 = DIRECTION('',(-1.,0.,0.));
#13395 = ORIENTED_EDGE('',*,*,#13396,.T.);
#13396 = EDGE_CURVE('',#13389,#13355,#13397,.T.);
#13397 = LINE('',#13398,#13399);
#13398 = CARTESIAN_POINT('',(1.1,1.675,0.47));
#13399 = VECTOR('',#13400,1.);
#13400 = DIRECTION('',(0.,-1.,1.22E-15));
#13401 = PLANE('',#13402);
#13402 = AXIS2_PLACEMENT_3D('',#13403,#13404,#13405);
#13403 = CARTESIAN_POINT('',(0.,1.125,0.47));
#13404 = DIRECTION('',(0.,6.6E-16,1.));
#13405 = DIRECTION('',(-1.,0.,0.));
#13406 = ADVANCED_FACE('',(#13407),#13426,.T.);
#13407 = FACE_BOUND('',#13408,.T.);
#13408 = EDGE_LOOP('',(#13409,#13410,#13411,#13419));
#13409 = ORIENTED_EDGE('',*,*,#13364,.T.);
#13410 = ORIENTED_EDGE('',*,*,#13112,.F.);
#13411 = ORIENTED_EDGE('',*,*,#13412,.F.);
#13412 = EDGE_CURVE('',#13413,#13105,#13415,.T.);
#13413 = VERTEX_POINT('',#13414);
#13414 = CARTESIAN_POINT('',(4.15,1.125,1.45));
#13415 = LINE('',#13416,#13417);
#13416 = CARTESIAN_POINT('',(4.15,1.125,1.45));
#13417 = VECTOR('',#13418,1.);
#13418 = DIRECTION('',(0.,1.,-6.6E-16));
#13419 = ORIENTED_EDGE('',*,*,#13420,.T.);
#13420 = EDGE_CURVE('',#13413,#13365,#13421,.T.);
#13421 = CIRCLE('',#13422,0.98);
#13422 = AXIS2_PLACEMENT_3D('',#13423,#13424,#13425);
#13423 = CARTESIAN_POINT('',(3.17,1.125,1.45));
#13424 = DIRECTION('',(0.,1.,-2.2E-16));
#13425 = DIRECTION('',(-1.,0.,0.));
#13426 = CYLINDRICAL_SURFACE('',#13427,0.98);
#13427 = AXIS2_PLACEMENT_3D('',#13428,#13429,#13430);
#13428 = CARTESIAN_POINT('',(3.17,1.125,1.45));
#13429 = DIRECTION('',(0.,-1.,6.6E-16));
#13430 = DIRECTION('',(-1.,0.,0.));
#13431 = ADVANCED_FACE('',(#13432),#13435,.F.);
#13432 = FACE_BOUND('',#13433,.T.);
#13433 = EDGE_LOOP('',(#13434));
#13434 = ORIENTED_EDGE('',*,*,#13127,.F.);
#13435 = PLANE('',#13436);
#13436 = AXIS2_PLACEMENT_3D('',#13437,#13438,#13439);
#13437 = CARTESIAN_POINT('',(2.89,2.605,-0.6));
#13438 = DIRECTION('',(2.E-17,8.3E-16,1.));
#13439 = DIRECTION('',(0.,-1.,8.3E-16));
#13440 = ADVANCED_FACE('',(#13441),#13461,.T.);
#13441 = FACE_BOUND('',#13442,.F.);
#13442 = EDGE_LOOP('',(#13443,#13452,#13453,#13454,#13455));
#13443 = ORIENTED_EDGE('',*,*,#13444,.F.);
#13444 = EDGE_CURVE('',#13226,#13445,#13447,.T.);
#13445 = VERTEX_POINT('',#13446);
#13446 = CARTESIAN_POINT('',(4.15,3.725,2.01));
#13447 = CIRCLE('',#13448,0.98);
#13448 = AXIS2_PLACEMENT_3D('',#13449,#13450,#13451);
#13449 = CARTESIAN_POINT('',(3.17,3.725,2.01));
#13450 = DIRECTION('',(0.,1.,-2.2E-16));
#13451 = DIRECTION('',(-1.,0.,0.));
#13452 = ORIENTED_EDGE('',*,*,#13225,.F.);
#13453 = ORIENTED_EDGE('',*,*,#13217,.F.);
#13454 = ORIENTED_EDGE('',*,*,#13152,.F.);
#13455 = ORIENTED_EDGE('',*,*,#13456,.T.);
#13456 = EDGE_CURVE('',#13153,#13445,#13457,.T.);
#13457 = LINE('',#13458,#13459);
#13458 = CARTESIAN_POINT('',(4.15,3.725,1.45));
#13459 = VECTOR('',#13460,1.);
#13460 = DIRECTION('',(0.,2.2E-16,1.));
#13461 = PLANE('',#13462);
#13462 = AXIS2_PLACEMENT_3D('',#13463,#13464,#13465);
#13463 = CARTESIAN_POINT('',(1.915706759753,3.725,1.73));
#13464 = DIRECTION('',(0.,1.,-4.4E-16));
#13465 = DIRECTION('',(0.,-4.4E-16,-1.));
#13466 = ADVANCED_FACE('',(#13467),#13494,.T.);
#13467 = FACE_BOUND('',#13468,.F.);
#13468 = EDGE_LOOP('',(#13469,#13470,#13478,#13486,#13492,#13493));
#13469 = ORIENTED_EDGE('',*,*,#13160,.T.);
#13470 = ORIENTED_EDGE('',*,*,#13471,.T.);
#13471 = EDGE_CURVE('',#12985,#13472,#13474,.T.);
#13472 = VERTEX_POINT('',#13473);
#13473 = CARTESIAN_POINT('',(4.45,3.725,1.73));
#13474 = LINE('',#13475,#13476);
#13475 = CARTESIAN_POINT('',(3.15,3.725,1.73));
#13476 = VECTOR('',#13477,1.);
#13477 = DIRECTION('',(1.,0.,-2.2E-16));
#13478 = ORIENTED_EDGE('',*,*,#13479,.T.);
#13479 = EDGE_CURVE('',#13472,#13480,#13482,.T.);
#13480 = VERTEX_POINT('',#13481);
#13481 = CARTESIAN_POINT('',(4.45,3.725,2.66));
#13482 = LINE('',#13483,#13484);
#13483 = CARTESIAN_POINT('',(4.45,3.725,1.73));
#13484 = VECTOR('',#13485,1.);
#13485 = DIRECTION('',(0.,2.2E-16,1.));
#13486 = ORIENTED_EDGE('',*,*,#13487,.F.);
#13487 = EDGE_CURVE('',#13226,#13480,#13488,.T.);
#13488 = LINE('',#13489,#13490);
#13489 = CARTESIAN_POINT('',(3.15,3.725,2.66));
#13490 = VECTOR('',#13491,1.);
#13491 = DIRECTION('',(1.,0.,-2.2E-16));
#13492 = ORIENTED_EDGE('',*,*,#13444,.T.);
#13493 = ORIENTED_EDGE('',*,*,#13456,.F.);
#13494 = PLANE('',#13495);
#13495 = AXIS2_PLACEMENT_3D('',#13496,#13497,#13498);
#13496 = CARTESIAN_POINT('',(3.15,3.725,1.73));
#13497 = DIRECTION('',(0.,1.,-3.3E-16));
#13498 = DIRECTION('',(-2.2E-16,-3.3E-16,-1.));
#13499 = ADVANCED_FACE('',(#13500),#13525,.T.);
#13500 = FACE_BOUND('',#13501,.F.);
#13501 = EDGE_LOOP('',(#13502,#13512,#13518,#13519));
#13502 = ORIENTED_EDGE('',*,*,#13503,.T.);
#13503 = EDGE_CURVE('',#13504,#13506,#13508,.T.);
#13504 = VERTEX_POINT('',#13505);
#13505 = CARTESIAN_POINT('',(2.4,2.775,2.79));
#13506 = VERTEX_POINT('',#13507);
#13507 = CARTESIAN_POINT('',(2.4,2.775,2.19));
#13508 = LINE('',#13509,#13510);
#13509 = CARTESIAN_POINT('',(2.4,2.775,2.99));
#13510 = VECTOR('',#13511,1.);
#13511 = DIRECTION('',(-0.,-1.22E-15,-1.));
#13512 = ORIENTED_EDGE('',*,*,#13513,.T.);
#13513 = EDGE_CURVE('',#13506,#13179,#13514,.T.);
#13514 = LINE('',#13515,#13516);
#13515 = CARTESIAN_POINT('',(2.4,2.775,2.19));
#13516 = VECTOR('',#13517,1.);
#13517 = DIRECTION('',(0.,1.,-1.22E-15));
#13518 = ORIENTED_EDGE('',*,*,#13176,.F.);
#13519 = ORIENTED_EDGE('',*,*,#13520,.F.);
#13520 = EDGE_CURVE('',#13504,#13177,#13521,.T.);
#13521 = LINE('',#13522,#13523);
#13522 = CARTESIAN_POINT('',(2.4,2.775,2.79));
#13523 = VECTOR('',#13524,1.);
#13524 = DIRECTION('',(0.,1.,-1.22E-15));
#13525 = PLANE('',#13526);
#13526 = AXIS2_PLACEMENT_3D('',#13527,#13528,#13529);
#13527 = CARTESIAN_POINT('',(2.4,2.775,2.99));
#13528 = DIRECTION('',(-1.,-0.,-0.));
#13529 = DIRECTION('',(0.,-1.,1.22E-15));
#13530 = ADVANCED_FACE('',(#13531),#13549,.F.);
#13531 = FACE_BOUND('',#13532,.T.);
#13532 = EDGE_LOOP('',(#13533,#13541,#13547,#13548));
#13533 = ORIENTED_EDGE('',*,*,#13534,.F.);
#13534 = EDGE_CURVE('',#13535,#13504,#13537,.T.);
#13535 = VERTEX_POINT('',#13536);
#13536 = CARTESIAN_POINT('',(2.6,2.775,2.99));
#13537 = LINE('',#13538,#13539);
#13538 = CARTESIAN_POINT('',(2.2,2.775,2.59));
#13539 = VECTOR('',#13540,1.);
#13540 = DIRECTION('',(-0.707106781187,-8.7E-16,-0.707106781187));
#13541 = ORIENTED_EDGE('',*,*,#13542,.T.);
#13542 = EDGE_CURVE('',#13535,#13243,#13543,.T.);
#13543 = LINE('',#13544,#13545);
#13544 = CARTESIAN_POINT('',(2.6,2.775,2.99));
#13545 = VECTOR('',#13546,1.);
#13546 = DIRECTION('',(0.,1.,-1.22E-15));
#13547 = ORIENTED_EDGE('',*,*,#13250,.T.);
#13548 = ORIENTED_EDGE('',*,*,#13520,.F.);
#13549 = PLANE('',#13550);
#13550 = AXIS2_PLACEMENT_3D('',#13551,#13552,#13553);
#13551 = CARTESIAN_POINT('',(2.5,2.775,2.89));
#13552 = DIRECTION('',(0.707106781187,-4.7E-16,-0.707106781187));
#13553 = DIRECTION('',(2.776598128423E-16,-1.,9.423401871577E-16));
#13554 = ADVANCED_FACE('',(#13555),#13573,.T.);
#13555 = FACE_BOUND('',#13556,.T.);
#13556 = EDGE_LOOP('',(#13557,#13565,#13566,#13567));
#13557 = ORIENTED_EDGE('',*,*,#13558,.T.);
#13558 = EDGE_CURVE('',#13559,#13506,#13561,.T.);
#13559 = VERTEX_POINT('',#13560);
#13560 = CARTESIAN_POINT('',(1.2,2.775,2.19));
#13561 = LINE('',#13562,#13563);
#13562 = CARTESIAN_POINT('',(1.2,2.775,2.19));
#13563 = VECTOR('',#13564,1.);
#13564 = DIRECTION('',(1.,-0.,0.));
#13565 = ORIENTED_EDGE('',*,*,#13513,.T.);
#13566 = ORIENTED_EDGE('',*,*,#13186,.T.);
#13567 = ORIENTED_EDGE('',*,*,#13568,.T.);
#13568 = EDGE_CURVE('',#13187,#13559,#13569,.T.);
#13569 = LINE('',#13570,#13571);
#13570 = CARTESIAN_POINT('',(1.2,3.725,2.19));
#13571 = VECTOR('',#13572,1.);
#13572 = DIRECTION('',(0.,-1.,1.22E-15));
#13573 = PLANE('',#13574);
#13574 = AXIS2_PLACEMENT_3D('',#13575,#13576,#13577);
#13575 = CARTESIAN_POINT('',(1.8,3.25,2.19));
#13576 = DIRECTION('',(0.,1.15E-15,1.));
#13577 = DIRECTION('',(0.,-1.,1.15E-15));
#13578 = ADVANCED_FACE('',(#13579),#13653,.F.);
#13579 = FACE_BOUND('',#13580,.T.);
#13580 = EDGE_LOOP('',(#13581,#13582,#13583,#13591,#13599,#13605,#13606,
    #13607,#13615,#13623,#13631,#13639,#13647));
#13581 = ORIENTED_EDGE('',*,*,#13242,.T.);
#13582 = ORIENTED_EDGE('',*,*,#13542,.F.);
#13583 = ORIENTED_EDGE('',*,*,#13584,.F.);
#13584 = EDGE_CURVE('',#13585,#13535,#13587,.T.);
#13585 = VERTEX_POINT('',#13586);
#13586 = CARTESIAN_POINT('',(2.4,2.775,2.99));
#13587 = LINE('',#13588,#13589);
#13588 = CARTESIAN_POINT('',(2.185,2.775,2.99));
#13589 = VECTOR('',#13590,1.);
#13590 = DIRECTION('',(1.,0.,0.));
#13591 = ORIENTED_EDGE('',*,*,#13592,.F.);
#13592 = EDGE_CURVE('',#13593,#13585,#13595,.T.);
#13593 = VERTEX_POINT('',#13594);
#13594 = CARTESIAN_POINT('',(1.2,2.775,2.99));
#13595 = LINE('',#13596,#13597);
#13596 = CARTESIAN_POINT('',(1.2,2.775,2.99));
#13597 = VECTOR('',#13598,1.);
#13598 = DIRECTION('',(1.,-0.,0.));
#13599 = ORIENTED_EDGE('',*,*,#13600,.F.);
#13600 = EDGE_CURVE('',#13195,#13593,#13601,.T.);
#13601 = LINE('',#13602,#13603);
#13602 = CARTESIAN_POINT('',(1.2,3.725,2.99));
#13603 = VECTOR('',#13604,1.);
#13604 = DIRECTION('',(0.,-1.,1.22E-15));
#13605 = ORIENTED_EDGE('',*,*,#13202,.T.);
#13606 = ORIENTED_EDGE('',*,*,#13315,.F.);
#13607 = ORIENTED_EDGE('',*,*,#13608,.F.);
#13608 = EDGE_CURVE('',#13609,#13306,#13611,.T.);
#13609 = VERTEX_POINT('',#13610);
#13610 = CARTESIAN_POINT('',(1.1,1.125,2.99));
#13611 = LINE('',#13612,#13613);
#13612 = CARTESIAN_POINT('',(3.17,1.125,2.99));
#13613 = VECTOR('',#13614,1.);
#13614 = DIRECTION('',(-1.,-0.,-0.));
#13615 = ORIENTED_EDGE('',*,*,#13616,.F.);
#13616 = EDGE_CURVE('',#13617,#13609,#13619,.T.);
#13617 = VERTEX_POINT('',#13618);
#13618 = CARTESIAN_POINT('',(1.1,1.675,2.99));
#13619 = LINE('',#13620,#13621);
#13620 = CARTESIAN_POINT('',(1.1,1.675,2.99));
#13621 = VECTOR('',#13622,1.);
#13622 = DIRECTION('',(0.,-1.,1.22E-15));
#13623 = ORIENTED_EDGE('',*,*,#13624,.F.);
#13624 = EDGE_CURVE('',#13625,#13617,#13627,.T.);
#13625 = VERTEX_POINT('',#13626);
#13626 = CARTESIAN_POINT('',(2.5,1.675,2.99));
#13627 = LINE('',#13628,#13629);
#13628 = CARTESIAN_POINT('',(2.5,1.675,2.99));
#13629 = VECTOR('',#13630,1.);
#13630 = DIRECTION('',(-1.,0.,0.));
#13631 = ORIENTED_EDGE('',*,*,#13632,.F.);
#13632 = EDGE_CURVE('',#13633,#13625,#13635,.T.);
#13633 = VERTEX_POINT('',#13634);
#13634 = CARTESIAN_POINT('',(2.5,1.125,2.99));
#13635 = LINE('',#13636,#13637);
#13636 = CARTESIAN_POINT('',(2.5,1.125,2.99));
#13637 = VECTOR('',#13638,1.);
#13638 = DIRECTION('',(0.,1.,-1.22E-15));
#13639 = ORIENTED_EDGE('',*,*,#13640,.F.);
#13640 = EDGE_CURVE('',#13641,#13633,#13643,.T.);
#13641 = VERTEX_POINT('',#13642);
#13642 = CARTESIAN_POINT('',(3.17,1.125,2.99));
#13643 = LINE('',#13644,#13645);
#13644 = CARTESIAN_POINT('',(3.17,1.125,2.99));
#13645 = VECTOR('',#13646,1.);
#13646 = DIRECTION('',(-1.,-0.,-0.));
#13647 = ORIENTED_EDGE('',*,*,#13648,.T.);
#13648 = EDGE_CURVE('',#13641,#13234,#13649,.T.);
#13649 = LINE('',#13650,#13651);
#13650 = CARTESIAN_POINT('',(3.17,1.125,2.99));
#13651 = VECTOR('',#13652,1.);
#13652 = DIRECTION('',(0.,1.,-6.6E-16));
#13653 = PLANE('',#13654);
#13654 = AXIS2_PLACEMENT_3D('',#13655,#13656,#13657);
#13655 = CARTESIAN_POINT('',(3.17,1.125,2.99));
#13656 = DIRECTION('',(-0.,-6.6E-16,-1.));
#13657 = DIRECTION('',(1.,-0.,0.));
#13658 = ADVANCED_FACE('',(#13659),#13670,.T.);
#13659 = FACE_BOUND('',#13660,.F.);
#13660 = EDGE_LOOP('',(#13661,#13662,#13663,#13669));
#13661 = ORIENTED_EDGE('',*,*,#13194,.T.);
#13662 = ORIENTED_EDGE('',*,*,#13568,.T.);
#13663 = ORIENTED_EDGE('',*,*,#13664,.F.);
#13664 = EDGE_CURVE('',#13593,#13559,#13665,.T.);
#13665 = LINE('',#13666,#13667);
#13666 = CARTESIAN_POINT('',(1.2,2.775,2.99));
#13667 = VECTOR('',#13668,1.);
#13668 = DIRECTION('',(-0.,-1.22E-15,-1.));
#13669 = ORIENTED_EDGE('',*,*,#13600,.F.);
#13670 = PLANE('',#13671);
#13671 = AXIS2_PLACEMENT_3D('',#13672,#13673,#13674);
#13672 = CARTESIAN_POINT('',(1.2,3.725,2.99));
#13673 = DIRECTION('',(1.,0.,0.));
#13674 = DIRECTION('',(0.,1.,-1.22E-15));
#13675 = ADVANCED_FACE('',(#13676),#13721,.T.);
#13676 = FACE_BOUND('',#13677,.T.);
#13677 = EDGE_LOOP('',(#13678,#13689,#13695,#13696,#13697,#13706,#13714)
  );
#13678 = ORIENTED_EDGE('',*,*,#13679,.T.);
#13679 = EDGE_CURVE('',#13680,#13682,#13684,.T.);
#13680 = VERTEX_POINT('',#13681);
#13681 = CARTESIAN_POINT('',(3.981110350076,3.025,2.56));
#13682 = VERTEX_POINT('',#13683);
#13683 = CARTESIAN_POINT('',(3.903416661932,3.125,2.66));
#13684 = ELLIPSE('',#13685,1.385929291126,0.98);
#13685 = AXIS2_PLACEMENT_3D('',#13686,#13687,#13688);
#13686 = CARTESIAN_POINT('',(3.17,2.475,2.01));
#13687 = DIRECTION('',(1.6E-16,-0.707106781187,0.707106781187));
#13688 = DIRECTION('',(-1.6E-16,-0.707106781187,-0.707106781187));
#13689 = ORIENTED_EDGE('',*,*,#13690,.F.);
#13690 = EDGE_CURVE('',#13226,#13682,#13691,.T.);
#13691 = LINE('',#13692,#13693);
#13692 = CARTESIAN_POINT('',(3.903416661932,1.125,2.66));
#13693 = VECTOR('',#13694,1.);
#13694 = DIRECTION('',(0.,-1.,7.7E-16));
#13695 = ORIENTED_EDGE('',*,*,#13233,.F.);
#13696 = ORIENTED_EDGE('',*,*,#13648,.F.);
#13697 = ORIENTED_EDGE('',*,*,#13698,.T.);
#13698 = EDGE_CURVE('',#13641,#13699,#13701,.T.);
#13699 = VERTEX_POINT('',#13700);
#13700 = CARTESIAN_POINT('',(4.15,1.125,2.01));
#13701 = CIRCLE('',#13702,0.98);
#13702 = AXIS2_PLACEMENT_3D('',#13703,#13704,#13705);
#13703 = CARTESIAN_POINT('',(3.17,1.125,2.01));
#13704 = DIRECTION('',(0.,1.,-2.2E-16));
#13705 = DIRECTION('',(-1.,0.,0.));
#13706 = ORIENTED_EDGE('',*,*,#13707,.T.);
#13707 = EDGE_CURVE('',#13699,#13708,#13710,.T.);
#13708 = VERTEX_POINT('',#13709);
#13709 = CARTESIAN_POINT('',(4.15,3.025,2.01));
#13710 = LINE('',#13711,#13712);
#13711 = CARTESIAN_POINT('',(4.15,1.125,2.01));
#13712 = VECTOR('',#13713,1.);
#13713 = DIRECTION('',(0.,1.,-6.6E-16));
#13714 = ORIENTED_EDGE('',*,*,#13715,.F.);
#13715 = EDGE_CURVE('',#13680,#13708,#13716,.T.);
#13716 = CIRCLE('',#13717,0.98);
#13717 = AXIS2_PLACEMENT_3D('',#13718,#13719,#13720);
#13718 = CARTESIAN_POINT('',(3.17,3.025,2.01));
#13719 = DIRECTION('',(0.,1.,-7.7E-16));
#13720 = DIRECTION('',(-1.,0.,0.));
#13721 = CYLINDRICAL_SURFACE('',#13722,0.98);
#13722 = AXIS2_PLACEMENT_3D('',#13723,#13724,#13725);
#13723 = CARTESIAN_POINT('',(3.17,1.125,2.01));
#13724 = DIRECTION('',(0.,-1.,6.6E-16));
#13725 = DIRECTION('',(-1.,0.,0.));
#13726 = ADVANCED_FACE('',(#13727),#13753,.F.);
#13727 = FACE_BOUND('',#13728,.T.);
#13728 = EDGE_LOOP('',(#13729,#13737,#13738,#13744,#13745,#13746,#13747)
  );
#13729 = ORIENTED_EDGE('',*,*,#13730,.F.);
#13730 = EDGE_CURVE('',#13708,#13731,#13733,.T.);
#13731 = VERTEX_POINT('',#13732);
#13732 = CARTESIAN_POINT('',(4.15,3.025,1.83));
#13733 = LINE('',#13734,#13735);
#13734 = CARTESIAN_POINT('',(4.15,3.025,2.055));
#13735 = VECTOR('',#13736,1.);
#13736 = DIRECTION('',(-0.,-3.3E-16,-1.));
#13737 = ORIENTED_EDGE('',*,*,#13707,.F.);
#13738 = ORIENTED_EDGE('',*,*,#13739,.F.);
#13739 = EDGE_CURVE('',#13413,#13699,#13740,.T.);
#13740 = LINE('',#13741,#13742);
#13741 = CARTESIAN_POINT('',(4.15,1.125,1.45));
#13742 = VECTOR('',#13743,1.);
#13743 = DIRECTION('',(0.,2.2E-16,1.));
#13744 = ORIENTED_EDGE('',*,*,#13412,.T.);
#13745 = ORIENTED_EDGE('',*,*,#13274,.T.);
#13746 = ORIENTED_EDGE('',*,*,#13264,.T.);
#13747 = ORIENTED_EDGE('',*,*,#13748,.F.);
#13748 = EDGE_CURVE('',#13731,#13267,#13749,.T.);
#13749 = LINE('',#13750,#13751);
#13750 = CARTESIAN_POINT('',(4.15,2.67,2.185));
#13751 = VECTOR('',#13752,1.);
#13752 = DIRECTION('',(0.,0.707106781187,-0.707106781187));
#13753 = PLANE('',#13754);
#13754 = AXIS2_PLACEMENT_3D('',#13755,#13756,#13757);
#13755 = CARTESIAN_POINT('',(4.15,1.125,1.45));
#13756 = DIRECTION('',(-1.,-0.,-0.));
#13757 = DIRECTION('',(0.,-6.6E-16,-1.));
#13758 = ADVANCED_FACE('',(#13759),#13785,.T.);
#13759 = FACE_BOUND('',#13760,.F.);
#13760 = EDGE_LOOP('',(#13761,#13762,#13770,#13778,#13784));
#13761 = ORIENTED_EDGE('',*,*,#13748,.F.);
#13762 = ORIENTED_EDGE('',*,*,#13763,.T.);
#13763 = EDGE_CURVE('',#13731,#13764,#13766,.T.);
#13764 = VERTEX_POINT('',#13765);
#13765 = CARTESIAN_POINT('',(4.45,3.025,1.83));
#13766 = LINE('',#13767,#13768);
#13767 = CARTESIAN_POINT('',(4.15,3.025,1.83));
#13768 = VECTOR('',#13769,1.);
#13769 = DIRECTION('',(1.,0.,-2.2E-16));
#13770 = ORIENTED_EDGE('',*,*,#13771,.T.);
#13771 = EDGE_CURVE('',#13764,#13772,#13774,.T.);
#13772 = VERTEX_POINT('',#13773);
#13773 = CARTESIAN_POINT('',(4.45,3.125,1.73));
#13774 = LINE('',#13775,#13776);
#13775 = CARTESIAN_POINT('',(4.45,3.04625,1.80875));
#13776 = VECTOR('',#13777,1.);
#13777 = DIRECTION('',(-6.8E-16,0.707106781187,-0.707106781187));
#13778 = ORIENTED_EDGE('',*,*,#13779,.F.);
#13779 = EDGE_CURVE('',#13284,#13772,#13780,.T.);
#13780 = LINE('',#13781,#13782);
#13781 = CARTESIAN_POINT('',(4.15,3.125,1.73));
#13782 = VECTOR('',#13783,1.);
#13783 = DIRECTION('',(1.,0.,-2.2E-16));
#13784 = ORIENTED_EDGE('',*,*,#13291,.F.);
#13785 = PLANE('',#13786);
#13786 = AXIS2_PLACEMENT_3D('',#13787,#13788,#13789);
#13787 = CARTESIAN_POINT('',(4.15,3.075,1.78));
#13788 = DIRECTION('',(-1.6E-16,-0.707106781187,-0.707106781187));
#13789 = DIRECTION('',(-1.,3.137084989848E-18,2.231370849898E-16));
#13790 = ADVANCED_FACE('',(#13791),#13802,.T.);
#13791 = FACE_BOUND('',#13792,.F.);
#13792 = EDGE_LOOP('',(#13793,#13794,#13795,#13801));
#13793 = ORIENTED_EDGE('',*,*,#13283,.F.);
#13794 = ORIENTED_EDGE('',*,*,#13779,.T.);
#13795 = ORIENTED_EDGE('',*,*,#13796,.T.);
#13796 = EDGE_CURVE('',#13772,#13472,#13797,.T.);
#13797 = LINE('',#13798,#13799);
#13798 = CARTESIAN_POINT('',(4.45,3.025,1.73));
#13799 = VECTOR('',#13800,1.);
#13800 = DIRECTION('',(0.,1.,-2.2E-16));
#13801 = ORIENTED_EDGE('',*,*,#13471,.F.);
#13802 = PLANE('',#13803);
#13803 = AXIS2_PLACEMENT_3D('',#13804,#13805,#13806);
#13804 = CARTESIAN_POINT('',(3.15,3.025,1.73));
#13805 = DIRECTION('',(-2.2E-16,-3.3E-16,-1.));
#13806 = DIRECTION('',(0.,-1.,3.3E-16));
#13807 = ADVANCED_FACE('',(#13808),#13826,.F.);
#13808 = FACE_BOUND('',#13809,.T.);
#13809 = EDGE_LOOP('',(#13810,#13818,#13819,#13820));
#13810 = ORIENTED_EDGE('',*,*,#13811,.F.);
#13811 = EDGE_CURVE('',#13609,#13812,#13814,.T.);
#13812 = VERTEX_POINT('',#13813);
#13813 = CARTESIAN_POINT('',(1.1,1.125,2.33));
#13814 = LINE('',#13815,#13816);
#13815 = CARTESIAN_POINT('',(1.1,1.125,2.99));
#13816 = VECTOR('',#13817,1.);
#13817 = DIRECTION('',(-0.,-7.7E-16,-1.));
#13818 = ORIENTED_EDGE('',*,*,#13608,.T.);
#13819 = ORIENTED_EDGE('',*,*,#13305,.T.);
#13820 = ORIENTED_EDGE('',*,*,#13821,.T.);
#13821 = EDGE_CURVE('',#13308,#13812,#13822,.T.);
#13822 = LINE('',#13823,#13824);
#13823 = CARTESIAN_POINT('',(0.,1.125,2.33));
#13824 = VECTOR('',#13825,1.);
#13825 = DIRECTION('',(1.,0.,0.));
#13826 = PLANE('',#13827);
#13827 = AXIS2_PLACEMENT_3D('',#13828,#13829,#13830);
#13828 = CARTESIAN_POINT('',(1.915706759753,1.125,1.73));
#13829 = DIRECTION('',(0.,1.,-4.4E-16));
#13830 = DIRECTION('',(0.,-4.4E-16,-1.));
#13831 = ADVANCED_FACE('',(#13832),#13873,.T.);
#13832 = FACE_BOUND('',#13833,.F.);
#13833 = EDGE_LOOP('',(#13834,#13842,#13850,#13858,#13866,#13872));
#13834 = ORIENTED_EDGE('',*,*,#13835,.T.);
#13835 = EDGE_CURVE('',#13308,#13836,#13838,.T.);
#13836 = VERTEX_POINT('',#13837);
#13837 = CARTESIAN_POINT('',(0.,-0.475,2.33));
#13838 = LINE('',#13839,#13840);
#13839 = CARTESIAN_POINT('',(0.,1.125,2.33));
#13840 = VECTOR('',#13841,1.);
#13841 = DIRECTION('',(0.,-1.,5.5E-16));
#13842 = ORIENTED_EDGE('',*,*,#13843,.T.);
#13843 = EDGE_CURVE('',#13836,#13844,#13846,.T.);
#13844 = VERTEX_POINT('',#13845);
#13845 = CARTESIAN_POINT('',(0.,-0.475,2.08));
#13846 = LINE('',#13847,#13848);
#13847 = CARTESIAN_POINT('',(0.,-0.475,2.33));
#13848 = VECTOR('',#13849,1.);
#13849 = DIRECTION('',(-0.,-2.2E-16,-1.));
#13850 = ORIENTED_EDGE('',*,*,#13851,.F.);
#13851 = EDGE_CURVE('',#13852,#13844,#13854,.T.);
#13852 = VERTEX_POINT('',#13853);
#13853 = CARTESIAN_POINT('',(0.,-0.475,1.38));
#13854 = LINE('',#13855,#13856);
#13855 = CARTESIAN_POINT('',(0.,-0.475,1.38));
#13856 = VECTOR('',#13857,1.);
#13857 = DIRECTION('',(0.,2.2E-16,1.));
#13858 = ORIENTED_EDGE('',*,*,#13859,.T.);
#13859 = EDGE_CURVE('',#13852,#13860,#13862,.T.);
#13860 = VERTEX_POINT('',#13861);
#13861 = CARTESIAN_POINT('',(0.,-0.475,1.13));
#13862 = LINE('',#13863,#13864);
#13863 = CARTESIAN_POINT('',(0.,-0.475,2.33));
#13864 = VECTOR('',#13865,1.);
#13865 = DIRECTION('',(-0.,-2.2E-16,-1.));
#13866 = ORIENTED_EDGE('',*,*,#13867,.F.);
#13867 = EDGE_CURVE('',#13333,#13860,#13868,.T.);
#13868 = LINE('',#13869,#13870);
#13869 = CARTESIAN_POINT('',(0.,1.125,1.13));
#13870 = VECTOR('',#13871,1.);
#13871 = DIRECTION('',(0.,-1.,5.5E-16));
#13872 = ORIENTED_EDGE('',*,*,#13340,.F.);
#13873 = PLANE('',#13874);
#13874 = AXIS2_PLACEMENT_3D('',#13875,#13876,#13877);
#13875 = CARTESIAN_POINT('',(0.,1.125,2.33));
#13876 = DIRECTION('',(-1.,-0.,-0.));
#13877 = DIRECTION('',(-0.,5.5E-16,1.));
#13878 = ADVANCED_FACE('',(#13879),#13897,.F.);
#13879 = FACE_BOUND('',#13880,.T.);
#13880 = EDGE_LOOP('',(#13881,#13882,#13890,#13896));
#13881 = ORIENTED_EDGE('',*,*,#13354,.T.);
#13882 = ORIENTED_EDGE('',*,*,#13883,.F.);
#13883 = EDGE_CURVE('',#13884,#13355,#13886,.T.);
#13884 = VERTEX_POINT('',#13885);
#13885 = CARTESIAN_POINT('',(1.1,1.125,1.13));
#13886 = LINE('',#13887,#13888);
#13887 = CARTESIAN_POINT('',(1.1,1.125,1.13));
#13888 = VECTOR('',#13889,1.);
#13889 = DIRECTION('',(-0.,-7.7E-16,-1.));
#13890 = ORIENTED_EDGE('',*,*,#13891,.F.);
#13891 = EDGE_CURVE('',#13333,#13884,#13892,.T.);
#13892 = LINE('',#13893,#13894);
#13893 = CARTESIAN_POINT('',(0.,1.125,1.13));
#13894 = VECTOR('',#13895,1.);
#13895 = DIRECTION('',(1.,0.,0.));
#13896 = ORIENTED_EDGE('',*,*,#13332,.T.);
#13897 = PLANE('',#13898);
#13898 = AXIS2_PLACEMENT_3D('',#13899,#13900,#13901);
#13899 = CARTESIAN_POINT('',(1.915706759753,1.125,1.73));
#13900 = DIRECTION('',(0.,1.,-4.4E-16));
#13901 = DIRECTION('',(0.,-4.4E-16,-1.));
#13902 = ADVANCED_FACE('',(#13903),#13921,.T.);
#13903 = FACE_BOUND('',#13904,.F.);
#13904 = EDGE_LOOP('',(#13905,#13913,#13914,#13915));
#13905 = ORIENTED_EDGE('',*,*,#13906,.T.);
#13906 = EDGE_CURVE('',#13907,#13389,#13909,.T.);
#13907 = VERTEX_POINT('',#13908);
#13908 = CARTESIAN_POINT('',(1.1,1.675,1.13));
#13909 = LINE('',#13910,#13911);
#13910 = CARTESIAN_POINT('',(1.1,1.675,1.13));
#13911 = VECTOR('',#13912,1.);
#13912 = DIRECTION('',(-0.,-7.7E-16,-1.));
#13913 = ORIENTED_EDGE('',*,*,#13396,.T.);
#13914 = ORIENTED_EDGE('',*,*,#13883,.F.);
#13915 = ORIENTED_EDGE('',*,*,#13916,.F.);
#13916 = EDGE_CURVE('',#13907,#13884,#13917,.T.);
#13917 = LINE('',#13918,#13919);
#13918 = CARTESIAN_POINT('',(1.1,1.675,1.13));
#13919 = VECTOR('',#13920,1.);
#13920 = DIRECTION('',(0.,-1.,1.22E-15));
#13921 = PLANE('',#13922);
#13922 = AXIS2_PLACEMENT_3D('',#13923,#13924,#13925);
#13923 = CARTESIAN_POINT('',(1.1,1.675,1.13));
#13924 = DIRECTION('',(1.,0.,0.));
#13925 = DIRECTION('',(0.,1.,-7.7E-16));
#13926 = ADVANCED_FACE('',(#13927),#13945,.T.);
#13927 = FACE_BOUND('',#13928,.F.);
#13928 = EDGE_LOOP('',(#13929,#13937,#13938,#13939));
#13929 = ORIENTED_EDGE('',*,*,#13930,.T.);
#13930 = EDGE_CURVE('',#13931,#13381,#13933,.T.);
#13931 = VERTEX_POINT('',#13932);
#13932 = CARTESIAN_POINT('',(2.5,1.675,1.13));
#13933 = LINE('',#13934,#13935);
#13934 = CARTESIAN_POINT('',(2.5,1.675,1.13));
#13935 = VECTOR('',#13936,1.);
#13936 = DIRECTION('',(-0.,-7.7E-16,-1.));
#13937 = ORIENTED_EDGE('',*,*,#13388,.T.);
#13938 = ORIENTED_EDGE('',*,*,#13906,.F.);
#13939 = ORIENTED_EDGE('',*,*,#13940,.F.);
#13940 = EDGE_CURVE('',#13931,#13907,#13941,.T.);
#13941 = LINE('',#13942,#13943);
#13942 = CARTESIAN_POINT('',(2.5,1.675,1.13));
#13943 = VECTOR('',#13944,1.);
#13944 = DIRECTION('',(-1.,0.,0.));
#13945 = PLANE('',#13946);
#13946 = AXIS2_PLACEMENT_3D('',#13947,#13948,#13949);
#13947 = CARTESIAN_POINT('',(2.5,1.675,1.13));
#13948 = DIRECTION('',(0.,-1.,7.7E-16));
#13949 = DIRECTION('',(1.,0.,0.));
#13950 = ADVANCED_FACE('',(#13951),#13969,.T.);
#13951 = FACE_BOUND('',#13952,.F.);
#13952 = EDGE_LOOP('',(#13953,#13961,#13962,#13963));
#13953 = ORIENTED_EDGE('',*,*,#13954,.T.);
#13954 = EDGE_CURVE('',#13955,#13373,#13957,.T.);
#13955 = VERTEX_POINT('',#13956);
#13956 = CARTESIAN_POINT('',(2.5,1.125,1.13));
#13957 = LINE('',#13958,#13959);
#13958 = CARTESIAN_POINT('',(2.5,1.125,1.13));
#13959 = VECTOR('',#13960,1.);
#13960 = DIRECTION('',(-0.,-7.7E-16,-1.));
#13961 = ORIENTED_EDGE('',*,*,#13380,.T.);
#13962 = ORIENTED_EDGE('',*,*,#13930,.F.);
#13963 = ORIENTED_EDGE('',*,*,#13964,.F.);
#13964 = EDGE_CURVE('',#13955,#13931,#13965,.T.);
#13965 = LINE('',#13966,#13967);
#13966 = CARTESIAN_POINT('',(2.5,1.125,1.13));
#13967 = VECTOR('',#13968,1.);
#13968 = DIRECTION('',(0.,1.,-1.22E-15));
#13969 = PLANE('',#13970);
#13970 = AXIS2_PLACEMENT_3D('',#13971,#13972,#13973);
#13971 = CARTESIAN_POINT('',(2.5,1.125,1.13));
#13972 = DIRECTION('',(-1.,-0.,-0.));
#13973 = DIRECTION('',(0.,-1.,7.7E-16));
#13974 = ADVANCED_FACE('',(#13975),#14031,.F.);
#13975 = FACE_BOUND('',#13976,.T.);
#13976 = EDGE_LOOP('',(#13977,#13978,#13979,#13987,#13995,#14004,#14012,
    #14021,#14027,#14028,#14029,#14030));
#13977 = ORIENTED_EDGE('',*,*,#13698,.F.);
#13978 = ORIENTED_EDGE('',*,*,#13640,.T.);
#13979 = ORIENTED_EDGE('',*,*,#13980,.T.);
#13980 = EDGE_CURVE('',#13633,#13981,#13983,.T.);
#13981 = VERTEX_POINT('',#13982);
#13982 = CARTESIAN_POINT('',(2.5,1.125,2.33));
#13983 = LINE('',#13984,#13985);
#13984 = CARTESIAN_POINT('',(2.5,1.125,2.99));
#13985 = VECTOR('',#13986,1.);
#13986 = DIRECTION('',(-0.,-7.7E-16,-1.));
#13987 = ORIENTED_EDGE('',*,*,#13988,.T.);
#13988 = EDGE_CURVE('',#13981,#13989,#13991,.T.);
#13989 = VERTEX_POINT('',#13990);
#13990 = CARTESIAN_POINT('',(3.095,1.125,2.33));
#13991 = LINE('',#13992,#13993);
#13992 = CARTESIAN_POINT('',(0.,1.125,2.33));
#13993 = VECTOR('',#13994,1.);
#13994 = DIRECTION('',(1.,0.,0.));
#13995 = ORIENTED_EDGE('',*,*,#13996,.T.);
#13996 = EDGE_CURVE('',#13989,#13997,#13999,.T.);
#13997 = VERTEX_POINT('',#13998);
#13998 = CARTESIAN_POINT('',(3.345,1.125,2.08));
#13999 = CIRCLE('',#14000,0.25);
#14000 = AXIS2_PLACEMENT_3D('',#14001,#14002,#14003);
#14001 = CARTESIAN_POINT('',(3.095,1.125,2.08));
#14002 = DIRECTION('',(0.,1.,-2.2E-16));
#14003 = DIRECTION('',(-1.,0.,0.));
#14004 = ORIENTED_EDGE('',*,*,#14005,.T.);
#14005 = EDGE_CURVE('',#13997,#14006,#14008,.T.);
#14006 = VERTEX_POINT('',#14007);
#14007 = CARTESIAN_POINT('',(3.345,1.125,1.38));
#14008 = LINE('',#14009,#14010);
#14009 = CARTESIAN_POINT('',(3.345,1.125,2.08));
#14010 = VECTOR('',#14011,1.);
#14011 = DIRECTION('',(-0.,-2.2E-16,-1.));
#14012 = ORIENTED_EDGE('',*,*,#14013,.T.);
#14013 = EDGE_CURVE('',#14006,#14014,#14016,.T.);
#14014 = VERTEX_POINT('',#14015);
#14015 = CARTESIAN_POINT('',(3.095,1.125,1.13));
#14016 = CIRCLE('',#14017,0.25);
#14017 = AXIS2_PLACEMENT_3D('',#14018,#14019,#14020);
#14018 = CARTESIAN_POINT('',(3.095,1.125,1.38));
#14019 = DIRECTION('',(0.,1.,-2.2E-16));
#14020 = DIRECTION('',(-1.,0.,0.));
#14021 = ORIENTED_EDGE('',*,*,#14022,.F.);
#14022 = EDGE_CURVE('',#13955,#14014,#14023,.T.);
#14023 = LINE('',#14024,#14025);
#14024 = CARTESIAN_POINT('',(0.,1.125,1.13));
#14025 = VECTOR('',#14026,1.);
#14026 = DIRECTION('',(1.,0.,0.));
#14027 = ORIENTED_EDGE('',*,*,#13954,.T.);
#14028 = ORIENTED_EDGE('',*,*,#13372,.T.);
#14029 = ORIENTED_EDGE('',*,*,#13420,.F.);
#14030 = ORIENTED_EDGE('',*,*,#13739,.T.);
#14031 = PLANE('',#14032);
#14032 = AXIS2_PLACEMENT_3D('',#14033,#14034,#14035);
#14033 = CARTESIAN_POINT('',(1.915706759753,1.125,1.73));
#14034 = DIRECTION('',(0.,1.,-4.4E-16));
#14035 = DIRECTION('',(0.,-4.4E-16,-1.));
#14036 = ADVANCED_FACE('',(#14037),#14055,.T.);
#14037 = FACE_BOUND('',#14038,.F.);
#14038 = EDGE_LOOP('',(#14039,#14040,#14041,#14049));
#14039 = ORIENTED_EDGE('',*,*,#13690,.F.);
#14040 = ORIENTED_EDGE('',*,*,#13487,.T.);
#14041 = ORIENTED_EDGE('',*,*,#14042,.T.);
#14042 = EDGE_CURVE('',#13480,#14043,#14045,.T.);
#14043 = VERTEX_POINT('',#14044);
#14044 = CARTESIAN_POINT('',(4.45,3.125,2.66));
#14045 = LINE('',#14046,#14047);
#14046 = CARTESIAN_POINT('',(4.45,3.725,2.66));
#14047 = VECTOR('',#14048,1.);
#14048 = DIRECTION('',(0.,-1.,2.2E-16));
#14049 = ORIENTED_EDGE('',*,*,#14050,.F.);
#14050 = EDGE_CURVE('',#13682,#14043,#14051,.T.);
#14051 = LINE('',#14052,#14053);
#14052 = CARTESIAN_POINT('',(3.903416661932,3.125,2.66));
#14053 = VECTOR('',#14054,1.);
#14054 = DIRECTION('',(1.,0.,-2.2E-16));
#14055 = PLANE('',#14056);
#14056 = AXIS2_PLACEMENT_3D('',#14057,#14058,#14059);
#14057 = CARTESIAN_POINT('',(3.15,3.725,2.66));
#14058 = DIRECTION('',(2.2E-16,3.3E-16,1.));
#14059 = DIRECTION('',(0.,1.,-3.3E-16));
#14060 = ADVANCED_FACE('',(#14061),#14081,.F.);
#14061 = FACE_BOUND('',#14062,.T.);
#14062 = EDGE_LOOP('',(#14063,#14071,#14072,#14073,#14074,#14075));
#14063 = ORIENTED_EDGE('',*,*,#14064,.T.);
#14064 = EDGE_CURVE('',#14065,#13764,#14067,.T.);
#14065 = VERTEX_POINT('',#14066);
#14066 = CARTESIAN_POINT('',(4.45,3.025,2.56));
#14067 = LINE('',#14068,#14069);
#14068 = CARTESIAN_POINT('',(4.45,3.025,2.66));
#14069 = VECTOR('',#14070,1.);
#14070 = DIRECTION('',(0.,-2.2E-16,-1.));
#14071 = ORIENTED_EDGE('',*,*,#13771,.T.);
#14072 = ORIENTED_EDGE('',*,*,#13796,.T.);
#14073 = ORIENTED_EDGE('',*,*,#13479,.T.);
#14074 = ORIENTED_EDGE('',*,*,#14042,.T.);
#14075 = ORIENTED_EDGE('',*,*,#14076,.F.);
#14076 = EDGE_CURVE('',#14065,#14043,#14077,.T.);
#14077 = LINE('',#14078,#14079);
#14078 = CARTESIAN_POINT('',(4.45,3.04625,2.58125));
#14079 = VECTOR('',#14080,1.);
#14080 = DIRECTION('',(6.8E-16,0.707106781187,0.707106781187));
#14081 = PLANE('',#14082);
#14082 = AXIS2_PLACEMENT_3D('',#14083,#14084,#14085);
#14083 = CARTESIAN_POINT('',(4.45,3.375,2.195));
#14084 = DIRECTION('',(-1.,0.,9.6E-16));
#14085 = DIRECTION('',(-9.6E-16,-2.2E-16,-1.));
#14086 = ADVANCED_FACE('',(#14087),#14095,.T.);
#14087 = FACE_BOUND('',#14088,.F.);
#14088 = EDGE_LOOP('',(#14089,#14090,#14091,#14092,#14093,#14094));
#14089 = ORIENTED_EDGE('',*,*,#13503,.F.);
#14090 = ORIENTED_EDGE('',*,*,#13534,.F.);
#14091 = ORIENTED_EDGE('',*,*,#13584,.F.);
#14092 = ORIENTED_EDGE('',*,*,#13592,.F.);
#14093 = ORIENTED_EDGE('',*,*,#13664,.T.);
#14094 = ORIENTED_EDGE('',*,*,#13558,.T.);
#14095 = PLANE('',#14096);
#14096 = AXIS2_PLACEMENT_3D('',#14097,#14098,#14099);
#14097 = CARTESIAN_POINT('',(1.2,2.775,2.99));
#14098 = DIRECTION('',(0.,1.,-1.22E-15));
#14099 = DIRECTION('',(-1.,0.,0.));
#14100 = ADVANCED_FACE('',(#14101),#14119,.T.);
#14101 = FACE_BOUND('',#14102,.F.);
#14102 = EDGE_LOOP('',(#14103,#14104,#14112,#14118));
#14103 = ORIENTED_EDGE('',*,*,#13980,.T.);
#14104 = ORIENTED_EDGE('',*,*,#14105,.T.);
#14105 = EDGE_CURVE('',#13981,#14106,#14108,.T.);
#14106 = VERTEX_POINT('',#14107);
#14107 = CARTESIAN_POINT('',(2.5,1.675,2.33));
#14108 = LINE('',#14109,#14110);
#14109 = CARTESIAN_POINT('',(2.5,1.125,2.33));
#14110 = VECTOR('',#14111,1.);
#14111 = DIRECTION('',(0.,1.,-1.22E-15));
#14112 = ORIENTED_EDGE('',*,*,#14113,.F.);
#14113 = EDGE_CURVE('',#13625,#14106,#14114,.T.);
#14114 = LINE('',#14115,#14116);
#14115 = CARTESIAN_POINT('',(2.5,1.675,2.99));
#14116 = VECTOR('',#14117,1.);
#14117 = DIRECTION('',(-0.,-7.7E-16,-1.));
#14118 = ORIENTED_EDGE('',*,*,#13632,.F.);
#14119 = PLANE('',#14120);
#14120 = AXIS2_PLACEMENT_3D('',#14121,#14122,#14123);
#14121 = CARTESIAN_POINT('',(2.5,1.125,2.99));
#14122 = DIRECTION('',(-1.,-0.,-0.));
#14123 = DIRECTION('',(0.,-1.,7.7E-16));
#14124 = ADVANCED_FACE('',(#14125),#14143,.T.);
#14125 = FACE_BOUND('',#14126,.F.);
#14126 = EDGE_LOOP('',(#14127,#14128,#14136,#14142));
#14127 = ORIENTED_EDGE('',*,*,#14113,.T.);
#14128 = ORIENTED_EDGE('',*,*,#14129,.T.);
#14129 = EDGE_CURVE('',#14106,#14130,#14132,.T.);
#14130 = VERTEX_POINT('',#14131);
#14131 = CARTESIAN_POINT('',(1.1,1.675,2.33));
#14132 = LINE('',#14133,#14134);
#14133 = CARTESIAN_POINT('',(2.5,1.675,2.33));
#14134 = VECTOR('',#14135,1.);
#14135 = DIRECTION('',(-1.,0.,0.));
#14136 = ORIENTED_EDGE('',*,*,#14137,.F.);
#14137 = EDGE_CURVE('',#13617,#14130,#14138,.T.);
#14138 = LINE('',#14139,#14140);
#14139 = CARTESIAN_POINT('',(1.1,1.675,2.99));
#14140 = VECTOR('',#14141,1.);
#14141 = DIRECTION('',(-0.,-7.7E-16,-1.));
#14142 = ORIENTED_EDGE('',*,*,#13624,.F.);
#14143 = PLANE('',#14144);
#14144 = AXIS2_PLACEMENT_3D('',#14145,#14146,#14147);
#14145 = CARTESIAN_POINT('',(2.5,1.675,2.99));
#14146 = DIRECTION('',(0.,-1.,7.7E-16));
#14147 = DIRECTION('',(1.,0.,0.));
#14148 = ADVANCED_FACE('',(#14149),#14160,.T.);
#14149 = FACE_BOUND('',#14150,.F.);
#14150 = EDGE_LOOP('',(#14151,#14152,#14158,#14159));
#14151 = ORIENTED_EDGE('',*,*,#14137,.T.);
#14152 = ORIENTED_EDGE('',*,*,#14153,.T.);
#14153 = EDGE_CURVE('',#14130,#13812,#14154,.T.);
#14154 = LINE('',#14155,#14156);
#14155 = CARTESIAN_POINT('',(1.1,1.675,2.33));
#14156 = VECTOR('',#14157,1.);
#14157 = DIRECTION('',(0.,-1.,1.22E-15));
#14158 = ORIENTED_EDGE('',*,*,#13811,.F.);
#14159 = ORIENTED_EDGE('',*,*,#13616,.F.);
#14160 = PLANE('',#14161);
#14161 = AXIS2_PLACEMENT_3D('',#14162,#14163,#14164);
#14162 = CARTESIAN_POINT('',(1.1,1.675,2.99));
#14163 = DIRECTION('',(1.,0.,0.));
#14164 = DIRECTION('',(0.,1.,-7.7E-16));
#14165 = ADVANCED_FACE('',(#14166),#14178,.T.);
#14166 = FACE_BOUND('',#14167,.F.);
#14167 = EDGE_LOOP('',(#14168,#14169,#14175,#14176,#14177));
#14168 = ORIENTED_EDGE('',*,*,#13715,.F.);
#14169 = ORIENTED_EDGE('',*,*,#14170,.T.);
#14170 = EDGE_CURVE('',#13680,#14065,#14171,.T.);
#14171 = LINE('',#14172,#14173);
#14172 = CARTESIAN_POINT('',(3.903416661932,3.025,2.56));
#14173 = VECTOR('',#14174,1.);
#14174 = DIRECTION('',(1.,0.,-2.2E-16));
#14175 = ORIENTED_EDGE('',*,*,#14064,.T.);
#14176 = ORIENTED_EDGE('',*,*,#13763,.F.);
#14177 = ORIENTED_EDGE('',*,*,#13730,.F.);
#14178 = PLANE('',#14179);
#14179 = AXIS2_PLACEMENT_3D('',#14180,#14181,#14182);
#14180 = CARTESIAN_POINT('',(3.15,3.025,2.66));
#14181 = DIRECTION('',(0.,-1.,3.3E-16));
#14182 = DIRECTION('',(2.2E-16,3.3E-16,1.));
#14183 = ADVANCED_FACE('',(#14184),#14190,.T.);
#14184 = FACE_BOUND('',#14185,.T.);
#14185 = EDGE_LOOP('',(#14186,#14187,#14188,#14189));
#14186 = ORIENTED_EDGE('',*,*,#13679,.F.);
#14187 = ORIENTED_EDGE('',*,*,#14170,.T.);
#14188 = ORIENTED_EDGE('',*,*,#14076,.T.);
#14189 = ORIENTED_EDGE('',*,*,#14050,.F.);
#14190 = PLANE('',#14191);
#14191 = AXIS2_PLACEMENT_3D('',#14192,#14193,#14194);
#14192 = CARTESIAN_POINT('',(3.903416661932,3.075,2.61));
#14193 = DIRECTION('',(1.6E-16,-0.707106781187,0.707106781187));
#14194 = DIRECTION('',(1.,3.137084989848E-18,-2.231370849898E-16));
#14195 = ADVANCED_FACE('',(#14196),#14221,.F.);
#14196 = FACE_BOUND('',#14197,.T.);
#14197 = EDGE_LOOP('',(#14198,#14199,#14207,#14213,#14214,#14220));
#14198 = ORIENTED_EDGE('',*,*,#13835,.T.);
#14199 = ORIENTED_EDGE('',*,*,#14200,.T.);
#14200 = EDGE_CURVE('',#13836,#14201,#14203,.T.);
#14201 = VERTEX_POINT('',#14202);
#14202 = CARTESIAN_POINT('',(3.095,-0.475,2.33));
#14203 = LINE('',#14204,#14205);
#14204 = CARTESIAN_POINT('',(0.,-0.475,2.33));
#14205 = VECTOR('',#14206,1.);
#14206 = DIRECTION('',(1.,0.,0.));
#14207 = ORIENTED_EDGE('',*,*,#14208,.F.);
#14208 = EDGE_CURVE('',#13989,#14201,#14209,.T.);
#14209 = LINE('',#14210,#14211);
#14210 = CARTESIAN_POINT('',(3.095,1.125,2.33));
#14211 = VECTOR('',#14212,1.);
#14212 = DIRECTION('',(0.,-1.,5.5E-16));
#14213 = ORIENTED_EDGE('',*,*,#13988,.F.);
#14214 = ORIENTED_EDGE('',*,*,#14215,.F.);
#14215 = EDGE_CURVE('',#13812,#13981,#14216,.T.);
#14216 = LINE('',#14217,#14218);
#14217 = CARTESIAN_POINT('',(1.1,1.125,2.33));
#14218 = VECTOR('',#14219,1.);
#14219 = DIRECTION('',(1.,-0.,0.));
#14220 = ORIENTED_EDGE('',*,*,#13821,.F.);
#14221 = PLANE('',#14222);
#14222 = AXIS2_PLACEMENT_3D('',#14223,#14224,#14225);
#14223 = CARTESIAN_POINT('',(0.,1.125,2.33));
#14224 = DIRECTION('',(-0.,-5.5E-16,-1.));
#14225 = DIRECTION('',(-1.,0.,0.));
#14226 = ADVANCED_FACE('',(#14227),#14252,.T.);
#14227 = FACE_BOUND('',#14228,.F.);
#14228 = EDGE_LOOP('',(#14229,#14230,#14238,#14244,#14245,#14251));
#14229 = ORIENTED_EDGE('',*,*,#13867,.T.);
#14230 = ORIENTED_EDGE('',*,*,#14231,.T.);
#14231 = EDGE_CURVE('',#13860,#14232,#14234,.T.);
#14232 = VERTEX_POINT('',#14233);
#14233 = CARTESIAN_POINT('',(3.095,-0.475,1.13));
#14234 = LINE('',#14235,#14236);
#14235 = CARTESIAN_POINT('',(0.,-0.475,1.13));
#14236 = VECTOR('',#14237,1.);
#14237 = DIRECTION('',(1.,0.,0.));
#14238 = ORIENTED_EDGE('',*,*,#14239,.F.);
#14239 = EDGE_CURVE('',#14014,#14232,#14240,.T.);
#14240 = LINE('',#14241,#14242);
#14241 = CARTESIAN_POINT('',(3.095,1.125,1.13));
#14242 = VECTOR('',#14243,1.);
#14243 = DIRECTION('',(0.,-1.,5.5E-16));
#14244 = ORIENTED_EDGE('',*,*,#14022,.F.);
#14245 = ORIENTED_EDGE('',*,*,#14246,.F.);
#14246 = EDGE_CURVE('',#13884,#13955,#14247,.T.);
#14247 = LINE('',#14248,#14249);
#14248 = CARTESIAN_POINT('',(1.1,1.125,1.13));
#14249 = VECTOR('',#14250,1.);
#14250 = DIRECTION('',(1.,-0.,0.));
#14251 = ORIENTED_EDGE('',*,*,#13891,.F.);
#14252 = PLANE('',#14253);
#14253 = AXIS2_PLACEMENT_3D('',#14254,#14255,#14256);
#14254 = CARTESIAN_POINT('',(0.,1.125,1.13));
#14255 = DIRECTION('',(-0.,-5.5E-16,-1.));
#14256 = DIRECTION('',(-1.,0.,0.));
#14257 = ADVANCED_FACE('',(#14258),#14277,.F.);
#14258 = FACE_BOUND('',#14259,.T.);
#14259 = EDGE_LOOP('',(#14260,#14261,#14262,#14270));
#14260 = ORIENTED_EDGE('',*,*,#14200,.F.);
#14261 = ORIENTED_EDGE('',*,*,#13843,.T.);
#14262 = ORIENTED_EDGE('',*,*,#14263,.T.);
#14263 = EDGE_CURVE('',#13844,#14264,#14266,.T.);
#14264 = VERTEX_POINT('',#14265);
#14265 = CARTESIAN_POINT('',(3.345,-0.475,2.08));
#14266 = LINE('',#14267,#14268);
#14267 = CARTESIAN_POINT('',(0.,-0.475,2.08));
#14268 = VECTOR('',#14269,1.);
#14269 = DIRECTION('',(1.,0.,0.));
#14270 = ORIENTED_EDGE('',*,*,#14271,.F.);
#14271 = EDGE_CURVE('',#14201,#14264,#14272,.T.);
#14272 = CIRCLE('',#14273,0.25);
#14273 = AXIS2_PLACEMENT_3D('',#14274,#14275,#14276);
#14274 = CARTESIAN_POINT('',(3.095,-0.475,2.08));
#14275 = DIRECTION('',(0.,1.,-2.2E-16));
#14276 = DIRECTION('',(-1.,0.,0.));
#14277 = PLANE('',#14278);
#14278 = AXIS2_PLACEMENT_3D('',#14279,#14280,#14281);
#14279 = CARTESIAN_POINT('',(1.629106230553,-0.475,1.73));
#14280 = DIRECTION('',(0.,1.,-2.2E-16));
#14281 = DIRECTION('',(0.,-2.2E-16,-1.));
#14282 = ADVANCED_FACE('',(#14283),#14324,.F.);
#14283 = FACE_BOUND('',#14284,.T.);
#14284 = EDGE_LOOP('',(#14285,#14293,#14301,#14309,#14317,#14323));
#14285 = ORIENTED_EDGE('',*,*,#14286,.T.);
#14286 = EDGE_CURVE('',#13852,#14287,#14289,.T.);
#14287 = VERTEX_POINT('',#14288);
#14288 = CARTESIAN_POINT('',(0.,-3.125,1.38));
#14289 = LINE('',#14290,#14291);
#14290 = CARTESIAN_POINT('',(0.,-0.475,1.38));
#14291 = VECTOR('',#14292,1.);
#14292 = DIRECTION('',(0.,-1.,3.3E-16));
#14293 = ORIENTED_EDGE('',*,*,#14294,.F.);
#14294 = EDGE_CURVE('',#14295,#14287,#14297,.T.);
#14295 = VERTEX_POINT('',#14296);
#14296 = CARTESIAN_POINT('',(0.,-3.325,1.58));
#14297 = LINE('',#14298,#14299);
#14298 = CARTESIAN_POINT('',(-2.2E-16,-2.5125,0.7675));
#14299 = VECTOR('',#14300,1.);
#14300 = DIRECTION('',(0.,0.707106781187,-0.707106781187));
#14301 = ORIENTED_EDGE('',*,*,#14302,.T.);
#14302 = EDGE_CURVE('',#14295,#14303,#14305,.T.);
#14303 = VERTEX_POINT('',#14304);
#14304 = CARTESIAN_POINT('',(0.,-3.325,1.88));
#14305 = LINE('',#14306,#14307);
#14306 = CARTESIAN_POINT('',(0.,-3.325,1.38));
#14307 = VECTOR('',#14308,1.);
#14308 = DIRECTION('',(0.,2.2E-16,1.));
#14309 = ORIENTED_EDGE('',*,*,#14310,.F.);
#14310 = EDGE_CURVE('',#14311,#14303,#14313,.T.);
#14311 = VERTEX_POINT('',#14312);
#14312 = CARTESIAN_POINT('',(0.,-3.125,2.08));
#14313 = LINE('',#14314,#14315);
#14314 = CARTESIAN_POINT('',(0.,-2.6875,2.5175));
#14315 = VECTOR('',#14316,1.);
#14316 = DIRECTION('',(-0.,-0.707106781187,-0.707106781187));
#14317 = ORIENTED_EDGE('',*,*,#14318,.F.);
#14318 = EDGE_CURVE('',#13844,#14311,#14319,.T.);
#14319 = LINE('',#14320,#14321);
#14320 = CARTESIAN_POINT('',(0.,-0.475,2.08));
#14321 = VECTOR('',#14322,1.);
#14322 = DIRECTION('',(0.,-1.,3.3E-16));
#14323 = ORIENTED_EDGE('',*,*,#13851,.F.);
#14324 = PLANE('',#14325);
#14325 = AXIS2_PLACEMENT_3D('',#14326,#14327,#14328);
#14326 = CARTESIAN_POINT('',(0.,-0.475,1.38));
#14327 = DIRECTION('',(1.,0.,0.));
#14328 = DIRECTION('',(0.,-3.3E-16,-1.));
#14329 = ADVANCED_FACE('',(#14330),#14349,.F.);
#14330 = FACE_BOUND('',#14331,.T.);
#14331 = EDGE_LOOP('',(#14332,#14340,#14341,#14342));
#14332 = ORIENTED_EDGE('',*,*,#14333,.T.);
#14333 = EDGE_CURVE('',#14334,#13852,#14336,.T.);
#14334 = VERTEX_POINT('',#14335);
#14335 = CARTESIAN_POINT('',(3.345,-0.475,1.38));
#14336 = LINE('',#14337,#14338);
#14337 = CARTESIAN_POINT('',(3.345,-0.475,1.38));
#14338 = VECTOR('',#14339,1.);
#14339 = DIRECTION('',(-1.,-0.,-0.));
#14340 = ORIENTED_EDGE('',*,*,#13859,.T.);
#14341 = ORIENTED_EDGE('',*,*,#14231,.T.);
#14342 = ORIENTED_EDGE('',*,*,#14343,.F.);
#14343 = EDGE_CURVE('',#14334,#14232,#14344,.T.);
#14344 = CIRCLE('',#14345,0.25);
#14345 = AXIS2_PLACEMENT_3D('',#14346,#14347,#14348);
#14346 = CARTESIAN_POINT('',(3.095,-0.475,1.38));
#14347 = DIRECTION('',(0.,1.,-2.2E-16));
#14348 = DIRECTION('',(-1.,0.,0.));
#14349 = PLANE('',#14350);
#14350 = AXIS2_PLACEMENT_3D('',#14351,#14352,#14353);
#14351 = CARTESIAN_POINT('',(1.629106230553,-0.475,1.73));
#14352 = DIRECTION('',(0.,1.,-2.2E-16));
#14353 = DIRECTION('',(0.,-2.2E-16,-1.));
#14354 = ADVANCED_FACE('',(#14355),#14361,.F.);
#14355 = FACE_BOUND('',#14356,.F.);
#14356 = EDGE_LOOP('',(#14357,#14358,#14359,#14360));
#14357 = ORIENTED_EDGE('',*,*,#14246,.T.);
#14358 = ORIENTED_EDGE('',*,*,#13964,.T.);
#14359 = ORIENTED_EDGE('',*,*,#13940,.T.);
#14360 = ORIENTED_EDGE('',*,*,#13916,.T.);
#14361 = PLANE('',#14362);
#14362 = AXIS2_PLACEMENT_3D('',#14363,#14364,#14365);
#14363 = CARTESIAN_POINT('',(1.8,1.4,1.13));
#14364 = DIRECTION('',(0.,1.03E-15,1.));
#14365 = DIRECTION('',(0.,-1.,1.03E-15));
#14366 = ADVANCED_FACE('',(#14367),#14378,.T.);
#14367 = FACE_BOUND('',#14368,.T.);
#14368 = EDGE_LOOP('',(#14369,#14375,#14376,#14377));
#14369 = ORIENTED_EDGE('',*,*,#14370,.T.);
#14370 = EDGE_CURVE('',#14006,#14334,#14371,.T.);
#14371 = LINE('',#14372,#14373);
#14372 = CARTESIAN_POINT('',(3.345,1.125,1.38));
#14373 = VECTOR('',#14374,1.);
#14374 = DIRECTION('',(0.,-1.,5.5E-16));
#14375 = ORIENTED_EDGE('',*,*,#14343,.T.);
#14376 = ORIENTED_EDGE('',*,*,#14239,.F.);
#14377 = ORIENTED_EDGE('',*,*,#14013,.F.);
#14378 = CYLINDRICAL_SURFACE('',#14379,0.25);
#14379 = AXIS2_PLACEMENT_3D('',#14380,#14381,#14382);
#14380 = CARTESIAN_POINT('',(3.095,1.125,1.38));
#14381 = DIRECTION('',(0.,1.,-5.5E-16));
#14382 = DIRECTION('',(-1.,0.,0.));
#14383 = ADVANCED_FACE('',(#14384),#14400,.F.);
#14384 = FACE_BOUND('',#14385,.T.);
#14385 = EDGE_LOOP('',(#14386,#14392,#14398,#14399));
#14386 = ORIENTED_EDGE('',*,*,#14387,.T.);
#14387 = EDGE_CURVE('',#13997,#14264,#14388,.T.);
#14388 = LINE('',#14389,#14390);
#14389 = CARTESIAN_POINT('',(3.345,1.125,2.08));
#14390 = VECTOR('',#14391,1.);
#14391 = DIRECTION('',(0.,-1.,5.5E-16));
#14392 = ORIENTED_EDGE('',*,*,#14393,.T.);
#14393 = EDGE_CURVE('',#14264,#14334,#14394,.T.);
#14394 = LINE('',#14395,#14396);
#14395 = CARTESIAN_POINT('',(3.345,-0.475,2.08));
#14396 = VECTOR('',#14397,1.);
#14397 = DIRECTION('',(-0.,-2.2E-16,-1.));
#14398 = ORIENTED_EDGE('',*,*,#14370,.F.);
#14399 = ORIENTED_EDGE('',*,*,#14005,.F.);
#14400 = PLANE('',#14401);
#14401 = AXIS2_PLACEMENT_3D('',#14402,#14403,#14404);
#14402 = CARTESIAN_POINT('',(3.345,1.125,2.08));
#14403 = DIRECTION('',(-1.,-0.,-0.));
#14404 = DIRECTION('',(-0.,5.5E-16,1.));
#14405 = ADVANCED_FACE('',(#14406),#14412,.T.);
#14406 = FACE_BOUND('',#14407,.T.);
#14407 = EDGE_LOOP('',(#14408,#14409,#14410,#14411));
#14408 = ORIENTED_EDGE('',*,*,#14208,.T.);
#14409 = ORIENTED_EDGE('',*,*,#14271,.T.);
#14410 = ORIENTED_EDGE('',*,*,#14387,.F.);
#14411 = ORIENTED_EDGE('',*,*,#13996,.F.);
#14412 = CYLINDRICAL_SURFACE('',#14413,0.25);
#14413 = AXIS2_PLACEMENT_3D('',#14414,#14415,#14416);
#14414 = CARTESIAN_POINT('',(3.095,1.125,2.08));
#14415 = DIRECTION('',(0.,1.,-5.5E-16));
#14416 = DIRECTION('',(-1.,0.,0.));
#14417 = ADVANCED_FACE('',(#14418),#14424,.T.);
#14418 = FACE_BOUND('',#14419,.T.);
#14419 = EDGE_LOOP('',(#14420,#14421,#14422,#14423));
#14420 = ORIENTED_EDGE('',*,*,#14215,.T.);
#14421 = ORIENTED_EDGE('',*,*,#14105,.T.);
#14422 = ORIENTED_EDGE('',*,*,#14129,.T.);
#14423 = ORIENTED_EDGE('',*,*,#14153,.T.);
#14424 = PLANE('',#14425);
#14425 = AXIS2_PLACEMENT_3D('',#14426,#14427,#14428);
#14426 = CARTESIAN_POINT('',(1.8,1.4,2.33));
#14427 = DIRECTION('',(0.,1.03E-15,1.));
#14428 = DIRECTION('',(0.,-1.,1.03E-15));
#14429 = ADVANCED_FACE('',(#14430),#14490,.F.);
#14430 = FACE_BOUND('',#14431,.T.);
#14431 = EDGE_LOOP('',(#14432,#14442,#14450,#14459,#14467,#14476,#14482,
    #14483,#14484));
#14432 = ORIENTED_EDGE('',*,*,#14433,.T.);
#14433 = EDGE_CURVE('',#14434,#14436,#14438,.T.);
#14434 = VERTEX_POINT('',#14435);
#14435 = CARTESIAN_POINT('',(3.045,-3.125,2.08));
#14436 = VERTEX_POINT('',#14437);
#14437 = CARTESIAN_POINT('',(3.345,-2.525,2.08));
#14438 = LINE('',#14439,#14440);
#14439 = CARTESIAN_POINT('',(3.3205,-2.574,2.08));
#14440 = VECTOR('',#14441,1.);
#14441 = DIRECTION('',(0.4472135955,0.894427191,-4.E-16));
#14442 = ORIENTED_EDGE('',*,*,#14443,.F.);
#14443 = EDGE_CURVE('',#14444,#14436,#14446,.T.);
#14444 = VERTEX_POINT('',#14445);
#14445 = CARTESIAN_POINT('',(3.345,-2.075,2.08));
#14446 = LINE('',#14447,#14448);
#14447 = CARTESIAN_POINT('',(3.345,-0.475,2.08));
#14448 = VECTOR('',#14449,1.);
#14449 = DIRECTION('',(0.,-1.,3.3E-16));
#14450 = ORIENTED_EDGE('',*,*,#14451,.T.);
#14451 = EDGE_CURVE('',#14444,#14452,#14454,.T.);
#14452 = VERTEX_POINT('',#14453);
#14453 = CARTESIAN_POINT('',(3.045,-1.775,2.08));
#14454 = CIRCLE('',#14455,0.3);
#14455 = AXIS2_PLACEMENT_3D('',#14456,#14457,#14458);
#14456 = CARTESIAN_POINT('',(3.345,-1.775,2.08));
#14457 = DIRECTION('',(0.,-2.2E-16,-1.));
#14458 = DIRECTION('',(1.,0.,0.));
#14459 = ORIENTED_EDGE('',*,*,#14460,.T.);
#14460 = EDGE_CURVE('',#14452,#14461,#14463,.T.);
#14461 = VERTEX_POINT('',#14462);
#14462 = CARTESIAN_POINT('',(3.045,-0.875,2.08));
#14463 = LINE('',#14464,#14465);
#14464 = CARTESIAN_POINT('',(3.045,-1.775,2.08));
#14465 = VECTOR('',#14466,1.);
#14466 = DIRECTION('',(0.,1.,-2.2E-16));
#14467 = ORIENTED_EDGE('',*,*,#14468,.T.);
#14468 = EDGE_CURVE('',#14461,#14469,#14471,.T.);
#14469 = VERTEX_POINT('',#14470);
#14470 = CARTESIAN_POINT('',(3.345,-0.575,2.08));
#14471 = CIRCLE('',#14472,0.3);
#14472 = AXIS2_PLACEMENT_3D('',#14473,#14474,#14475);
#14473 = CARTESIAN_POINT('',(3.345,-0.875,2.08));
#14474 = DIRECTION('',(0.,-2.2E-16,-1.));
#14475 = DIRECTION('',(1.,0.,0.));
#14476 = ORIENTED_EDGE('',*,*,#14477,.F.);
#14477 = EDGE_CURVE('',#14264,#14469,#14478,.T.);
#14478 = LINE('',#14479,#14480);
#14479 = CARTESIAN_POINT('',(3.345,-0.475,2.08));
#14480 = VECTOR('',#14481,1.);
#14481 = DIRECTION('',(0.,-1.,3.3E-16));
#14482 = ORIENTED_EDGE('',*,*,#14263,.F.);
#14483 = ORIENTED_EDGE('',*,*,#14318,.T.);
#14484 = ORIENTED_EDGE('',*,*,#14485,.T.);
#14485 = EDGE_CURVE('',#14311,#14434,#14486,.T.);
#14486 = LINE('',#14487,#14488);
#14487 = CARTESIAN_POINT('',(0.,-3.125,2.08));
#14488 = VECTOR('',#14489,1.);
#14489 = DIRECTION('',(1.,0.,0.));
#14490 = PLANE('',#14491);
#14491 = AXIS2_PLACEMENT_3D('',#14492,#14493,#14494);
#14492 = CARTESIAN_POINT('',(0.,-0.475,2.08));
#14493 = DIRECTION('',(-0.,-3.3E-16,-1.));
#14494 = DIRECTION('',(-1.,0.,0.));
#14495 = ADVANCED_FACE('',(#14496),#14556,.F.);
#14496 = FACE_BOUND('',#14497,.T.);
#14497 = EDGE_LOOP('',(#14498,#14508,#14514,#14515,#14516,#14524,#14533,
    #14541,#14550));
#14498 = ORIENTED_EDGE('',*,*,#14499,.F.);
#14499 = EDGE_CURVE('',#14500,#14502,#14504,.T.);
#14500 = VERTEX_POINT('',#14501);
#14501 = CARTESIAN_POINT('',(3.045,-3.125,1.38));
#14502 = VERTEX_POINT('',#14503);
#14503 = CARTESIAN_POINT('',(3.345,-2.525,1.38));
#14504 = LINE('',#14505,#14506);
#14505 = CARTESIAN_POINT('',(3.655,-1.905,1.38));
#14506 = VECTOR('',#14507,1.);
#14507 = DIRECTION('',(0.4472135955,0.894427191,-4.E-16));
#14508 = ORIENTED_EDGE('',*,*,#14509,.T.);
#14509 = EDGE_CURVE('',#14500,#14287,#14510,.T.);
#14510 = LINE('',#14511,#14512);
#14511 = CARTESIAN_POINT('',(2.945,-3.125,1.38));
#14512 = VECTOR('',#14513,1.);
#14513 = DIRECTION('',(-1.,-0.,-0.));
#14514 = ORIENTED_EDGE('',*,*,#14286,.F.);
#14515 = ORIENTED_EDGE('',*,*,#14333,.F.);
#14516 = ORIENTED_EDGE('',*,*,#14517,.T.);
#14517 = EDGE_CURVE('',#14334,#14518,#14520,.T.);
#14518 = VERTEX_POINT('',#14519);
#14519 = CARTESIAN_POINT('',(3.345,-0.575,1.38));
#14520 = LINE('',#14521,#14522);
#14521 = CARTESIAN_POINT('',(3.345,-0.475,1.38));
#14522 = VECTOR('',#14523,1.);
#14523 = DIRECTION('',(0.,-1.,3.3E-16));
#14524 = ORIENTED_EDGE('',*,*,#14525,.F.);
#14525 = EDGE_CURVE('',#14526,#14518,#14528,.T.);
#14526 = VERTEX_POINT('',#14527);
#14527 = CARTESIAN_POINT('',(3.045,-0.875,1.38));
#14528 = CIRCLE('',#14529,0.3);
#14529 = AXIS2_PLACEMENT_3D('',#14530,#14531,#14532);
#14530 = CARTESIAN_POINT('',(3.345,-0.875,1.38));
#14531 = DIRECTION('',(0.,-1.1E-16,-1.));
#14532 = DIRECTION('',(1.,0.,0.));
#14533 = ORIENTED_EDGE('',*,*,#14534,.F.);
#14534 = EDGE_CURVE('',#14535,#14526,#14537,.T.);
#14535 = VERTEX_POINT('',#14536);
#14536 = CARTESIAN_POINT('',(3.045,-1.775,1.38));
#14537 = LINE('',#14538,#14539);
#14538 = CARTESIAN_POINT('',(3.045,-1.125,1.38));
#14539 = VECTOR('',#14540,1.);
#14540 = DIRECTION('',(0.,1.,-4.4E-16));
#14541 = ORIENTED_EDGE('',*,*,#14542,.F.);
#14542 = EDGE_CURVE('',#14543,#14535,#14545,.T.);
#14543 = VERTEX_POINT('',#14544);
#14544 = CARTESIAN_POINT('',(3.345,-2.075,1.38));
#14545 = CIRCLE('',#14546,0.3);
#14546 = AXIS2_PLACEMENT_3D('',#14547,#14548,#14549);
#14547 = CARTESIAN_POINT('',(3.345,-1.775,1.38));
#14548 = DIRECTION('',(0.,-1.1E-16,-1.));
#14549 = DIRECTION('',(1.,0.,0.));
#14550 = ORIENTED_EDGE('',*,*,#14551,.T.);
#14551 = EDGE_CURVE('',#14543,#14502,#14552,.T.);
#14552 = LINE('',#14553,#14554);
#14553 = CARTESIAN_POINT('',(3.345,-0.475,1.38));
#14554 = VECTOR('',#14555,1.);
#14555 = DIRECTION('',(0.,-1.,3.3E-16));
#14556 = PLANE('',#14557);
#14557 = AXIS2_PLACEMENT_3D('',#14558,#14559,#14560);
#14558 = CARTESIAN_POINT('',(3.345,-0.475,1.38));
#14559 = DIRECTION('',(0.,3.3E-16,1.));
#14560 = DIRECTION('',(1.,0.,-0.));
#14561 = ADVANCED_FACE('',(#14562),#14580,.T.);
#14562 = FACE_BOUND('',#14563,.T.);
#14563 = EDGE_LOOP('',(#14564,#14572,#14578,#14579));
#14564 = ORIENTED_EDGE('',*,*,#14565,.F.);
#14565 = EDGE_CURVE('',#14566,#14500,#14568,.T.);
#14566 = VERTEX_POINT('',#14567);
#14567 = CARTESIAN_POINT('',(2.945,-3.325,1.58));
#14568 = LINE('',#14569,#14570);
#14569 = CARTESIAN_POINT('',(2.967222222222,-3.280555555556,
    1.535555555556));
#14570 = VECTOR('',#14571,1.);
#14571 = DIRECTION('',(0.333333333333,0.666666666667,-0.666666666667));
#14572 = ORIENTED_EDGE('',*,*,#14573,.T.);
#14573 = EDGE_CURVE('',#14566,#14295,#14574,.T.);
#14574 = LINE('',#14575,#14576);
#14575 = CARTESIAN_POINT('',(2.945,-3.325,1.58));
#14576 = VECTOR('',#14577,1.);
#14577 = DIRECTION('',(-1.,-0.,-0.));
#14578 = ORIENTED_EDGE('',*,*,#14294,.T.);
#14579 = ORIENTED_EDGE('',*,*,#14509,.F.);
#14580 = PLANE('',#14581);
#14581 = AXIS2_PLACEMENT_3D('',#14582,#14583,#14584);
#14582 = CARTESIAN_POINT('',(2.945,-3.225,1.48));
#14583 = DIRECTION('',(-0.,-0.707106781187,-0.707106781187));
#14584 = DIRECTION('',(-1.,0.,0.));
#14585 = ADVANCED_FACE('',(#14586),#14604,.F.);
#14586 = FACE_BOUND('',#14587,.T.);
#14587 = EDGE_LOOP('',(#14588,#14596,#14602,#14603));
#14588 = ORIENTED_EDGE('',*,*,#14589,.F.);
#14589 = EDGE_CURVE('',#14590,#14566,#14592,.T.);
#14590 = VERTEX_POINT('',#14591);
#14591 = CARTESIAN_POINT('',(2.945,-3.325,1.88));
#14592 = LINE('',#14593,#14594);
#14593 = CARTESIAN_POINT('',(2.945,-3.325,2.08));
#14594 = VECTOR('',#14595,1.);
#14595 = DIRECTION('',(-0.,-4.4E-16,-1.));
#14596 = ORIENTED_EDGE('',*,*,#14597,.F.);
#14597 = EDGE_CURVE('',#14303,#14590,#14598,.T.);
#14598 = LINE('',#14599,#14600);
#14599 = CARTESIAN_POINT('',(0.,-3.325,1.88));
#14600 = VECTOR('',#14601,1.);
#14601 = DIRECTION('',(1.,0.,0.));
#14602 = ORIENTED_EDGE('',*,*,#14302,.F.);
#14603 = ORIENTED_EDGE('',*,*,#14573,.F.);
#14604 = PLANE('',#14605);
#14605 = AXIS2_PLACEMENT_3D('',#14606,#14607,#14608);
#14606 = CARTESIAN_POINT('',(1.6725,-3.325,1.73));
#14607 = DIRECTION('',(0.,1.,-2.2E-16));
#14608 = DIRECTION('',(0.,-2.2E-16,-1.));
#14609 = ADVANCED_FACE('',(#14610),#14621,.T.);
#14610 = FACE_BOUND('',#14611,.F.);
#14611 = EDGE_LOOP('',(#14612,#14613,#14614,#14620));
#14612 = ORIENTED_EDGE('',*,*,#14310,.F.);
#14613 = ORIENTED_EDGE('',*,*,#14485,.T.);
#14614 = ORIENTED_EDGE('',*,*,#14615,.T.);
#14615 = EDGE_CURVE('',#14434,#14590,#14616,.T.);
#14616 = LINE('',#14617,#14618);
#14617 = CARTESIAN_POINT('',(2.881388888889,-3.452222222222,
    1.752777777778));
#14618 = VECTOR('',#14619,1.);
#14619 = DIRECTION('',(-0.333333333333,-0.666666666667,-0.666666666667)
  );
#14620 = ORIENTED_EDGE('',*,*,#14597,.F.);
#14621 = PLANE('',#14622);
#14622 = AXIS2_PLACEMENT_3D('',#14623,#14624,#14625);
#14623 = CARTESIAN_POINT('',(0.,-3.225,1.98));
#14624 = DIRECTION('',(0.,-0.707106781187,0.707106781187));
#14625 = DIRECTION('',(-1.,0.,0.));
#14626 = ADVANCED_FACE('',(#14627),#14638,.F.);
#14627 = FACE_BOUND('',#14628,.T.);
#14628 = EDGE_LOOP('',(#14629,#14630,#14631,#14637));
#14629 = ORIENTED_EDGE('',*,*,#14393,.F.);
#14630 = ORIENTED_EDGE('',*,*,#14477,.T.);
#14631 = ORIENTED_EDGE('',*,*,#14632,.T.);
#14632 = EDGE_CURVE('',#14469,#14518,#14633,.T.);
#14633 = LINE('',#14634,#14635);
#14634 = CARTESIAN_POINT('',(3.345,-0.575,2.08));
#14635 = VECTOR('',#14636,1.);
#14636 = DIRECTION('',(0.,-1.1E-16,-1.));
#14637 = ORIENTED_EDGE('',*,*,#14517,.F.);
#14638 = PLANE('',#14639);
#14639 = AXIS2_PLACEMENT_3D('',#14640,#14641,#14642);
#14640 = CARTESIAN_POINT('',(3.345,-0.475,2.08));
#14641 = DIRECTION('',(-1.,-0.,-0.));
#14642 = DIRECTION('',(-0.,3.3E-16,1.));
#14643 = ADVANCED_FACE('',(#14644),#14657,.T.);
#14644 = FACE_BOUND('',#14645,.T.);
#14645 = EDGE_LOOP('',(#14646,#14647,#14648,#14649,#14650,#14651));
#14646 = ORIENTED_EDGE('',*,*,#14433,.F.);
#14647 = ORIENTED_EDGE('',*,*,#14615,.T.);
#14648 = ORIENTED_EDGE('',*,*,#14589,.T.);
#14649 = ORIENTED_EDGE('',*,*,#14565,.T.);
#14650 = ORIENTED_EDGE('',*,*,#14499,.T.);
#14651 = ORIENTED_EDGE('',*,*,#14652,.F.);
#14652 = EDGE_CURVE('',#14436,#14502,#14653,.T.);
#14653 = LINE('',#14654,#14655);
#14654 = CARTESIAN_POINT('',(3.345,-2.525,2.08));
#14655 = VECTOR('',#14656,1.);
#14656 = DIRECTION('',(-0.,-4.4E-16,-1.));
#14657 = PLANE('',#14658);
#14658 = AXIS2_PLACEMENT_3D('',#14659,#14660,#14661);
#14659 = CARTESIAN_POINT('',(3.145,-2.925,2.08));
#14660 = DIRECTION('',(0.894427191,-0.4472135955,1.1E-16));
#14661 = DIRECTION('',(-7.761300899001E-17,-4.01193495505E-16,-1.));
#14662 = ADVANCED_FACE('',(#14663),#14674,.F.);
#14663 = FACE_BOUND('',#14664,.T.);
#14664 = EDGE_LOOP('',(#14665,#14666,#14672,#14673));
#14665 = ORIENTED_EDGE('',*,*,#14551,.F.);
#14666 = ORIENTED_EDGE('',*,*,#14667,.F.);
#14667 = EDGE_CURVE('',#14444,#14543,#14668,.T.);
#14668 = LINE('',#14669,#14670);
#14669 = CARTESIAN_POINT('',(3.345,-2.075,2.08));
#14670 = VECTOR('',#14671,1.);
#14671 = DIRECTION('',(0.,-1.1E-16,-1.));
#14672 = ORIENTED_EDGE('',*,*,#14443,.T.);
#14673 = ORIENTED_EDGE('',*,*,#14652,.T.);
#14674 = PLANE('',#14675);
#14675 = AXIS2_PLACEMENT_3D('',#14676,#14677,#14678);
#14676 = CARTESIAN_POINT('',(3.345,-0.475,2.08));
#14677 = DIRECTION('',(-1.,-0.,-0.));
#14678 = DIRECTION('',(-0.,3.3E-16,1.));
#14679 = ADVANCED_FACE('',(#14680),#14691,.F.);
#14680 = FACE_BOUND('',#14681,.F.);
#14681 = EDGE_LOOP('',(#14682,#14688,#14689,#14690));
#14682 = ORIENTED_EDGE('',*,*,#14683,.T.);
#14683 = EDGE_CURVE('',#14452,#14535,#14684,.T.);
#14684 = LINE('',#14685,#14686);
#14685 = CARTESIAN_POINT('',(3.045,-1.775,2.08));
#14686 = VECTOR('',#14687,1.);
#14687 = DIRECTION('',(0.,-1.1E-16,-1.));
#14688 = ORIENTED_EDGE('',*,*,#14542,.F.);
#14689 = ORIENTED_EDGE('',*,*,#14667,.F.);
#14690 = ORIENTED_EDGE('',*,*,#14451,.T.);
#14691 = CYLINDRICAL_SURFACE('',#14692,0.3);
#14692 = AXIS2_PLACEMENT_3D('',#14693,#14694,#14695);
#14693 = CARTESIAN_POINT('',(3.345,-1.775,2.08));
#14694 = DIRECTION('',(0.,1.1E-16,1.));
#14695 = DIRECTION('',(1.,0.,-0.));
#14696 = ADVANCED_FACE('',(#14697),#14708,.F.);
#14697 = FACE_BOUND('',#14698,.T.);
#14698 = EDGE_LOOP('',(#14699,#14700,#14701,#14702));
#14699 = ORIENTED_EDGE('',*,*,#14460,.F.);
#14700 = ORIENTED_EDGE('',*,*,#14683,.T.);
#14701 = ORIENTED_EDGE('',*,*,#14534,.T.);
#14702 = ORIENTED_EDGE('',*,*,#14703,.F.);
#14703 = EDGE_CURVE('',#14461,#14526,#14704,.T.);
#14704 = LINE('',#14705,#14706);
#14705 = CARTESIAN_POINT('',(3.045,-0.875,2.08));
#14706 = VECTOR('',#14707,1.);
#14707 = DIRECTION('',(0.,-1.1E-16,-1.));
#14708 = PLANE('',#14709);
#14709 = AXIS2_PLACEMENT_3D('',#14710,#14711,#14712);
#14710 = CARTESIAN_POINT('',(3.045,-1.775,2.08));
#14711 = DIRECTION('',(-1.,-0.,-0.));
#14712 = DIRECTION('',(0.,-1.,1.1E-16));
#14713 = ADVANCED_FACE('',(#14714),#14720,.F.);
#14714 = FACE_BOUND('',#14715,.F.);
#14715 = EDGE_LOOP('',(#14716,#14717,#14718,#14719));
#14716 = ORIENTED_EDGE('',*,*,#14632,.T.);
#14717 = ORIENTED_EDGE('',*,*,#14525,.F.);
#14718 = ORIENTED_EDGE('',*,*,#14703,.F.);
#14719 = ORIENTED_EDGE('',*,*,#14468,.T.);
#14720 = CYLINDRICAL_SURFACE('',#14721,0.3);
#14721 = AXIS2_PLACEMENT_3D('',#14722,#14723,#14724);
#14722 = CARTESIAN_POINT('',(3.345,-0.875,2.08));
#14723 = DIRECTION('',(0.,1.1E-16,1.));
#14724 = DIRECTION('',(1.,0.,-0.));
#14725 = ( GEOMETRIC_REPRESENTATION_CONTEXT(3) 
GLOBAL_UNCERTAINTY_ASSIGNED_CONTEXT((#14729)) 
GLOBAL_UNIT_ASSIGNED_CONTEXT((#14726,#14727,#14728)) 
REPRESENTATION_CONTEXT('Context #1',
  '3D Context with UNIT and UNCERTAINTY') );
#14726 = ( LENGTH_UNIT() NAMED_UNIT(*) SI_UNIT(.MILLI.,.METRE.) );
#14727 = ( NAMED_UNIT(*) PLANE_ANGLE_UNIT() SI_UNIT($,.RADIAN.) );
#14728 = ( NAMED_UNIT(*) SI_UNIT($,.STERADIAN.) SOLID_ANGLE_UNIT() );
#14729 = UNCERTAINTY_MEASURE_WITH_UNIT(LENGTH_MEASURE(1.E-07),#14726,
  'distance_accuracy_value','confusion accuracy');
#14730 = CONTEXT_DEPENDENT_SHAPE_REPRESENTATION(#14731,#14733);
#14731 = ( REPRESENTATION_RELATIONSHIP('','',#12778,#10) 
REPRESENTATION_RELATIONSHIP_WITH_TRANSFORMATION(#14732) 
SHAPE_REPRESENTATION_RELATIONSHIP() );
#14732 = ITEM_DEFINED_TRANSFORMATION('','',#11,#31);
#14733 = PRODUCT_DEFINITION_SHAPE('Placement','Placement of an item',
  #14734);
#14734 = NEXT_ASSEMBLY_USAGE_OCCURRENCE('60',
  'USB_C_Receptacle_16P_TopMnt_Horizontal_GCT_USB4105-xx-A040','',#5,
  #12773,$);
#14735 = PRODUCT_RELATED_PRODUCT_CATEGORY('part',$,(#12775));
#14736 = SHAPE_DEFINITION_REPRESENTATION(#14737,#14743);
#14737 = PRODUCT_DEFINITION_SHAPE('','',#14738);
#14738 = PRODUCT_DEFINITION('design','',#14739,#14742);
#14739 = PRODUCT_DEFINITION_FORMATION('','',#14740);
#14740 = PRODUCT('Cut001','Cut001','',(#14741));
#14741 = PRODUCT_CONTEXT('',#2,'mechanical');
#14742 = PRODUCT_DEFINITION_CONTEXT('part definition',#2,'design');
#14743 = MANIFOLD_SURFACE_SHAPE_REPRESENTATION('',(#11,#14744),#18109);
#14744 = SHELL_BASED_SURFACE_MODEL('',(#14745));
#14745 = OPEN_SHELL('',(#14746,#14786,#14825,#14849,#15015,#15032,#15063
    ,#15087,#15111,#15128,#15175,#15199,#15223,#15247,#15287,#15343,
    #15367,#15416,#15447,#15471,#15495,#15512,#15543,#15567,#15591,
    #15608,#15643,#15667,#16004,#16021,#16038,#16055,#16104,#16121,
    #16138,#16169,#16193,#16217,#16234,#16246,#16530,#16547,#16564,
    #16576,#16614,#16638,#16669,#16686,#16724,#16748,#16779,#16796,
    #16834,#16858,#16889,#16906,#16944,#16968,#16999,#17016,#17054,
    #17078,#17109,#17126,#17164,#17188,#17219,#17236,#17274,#17298,
    #17329,#17346,#17384,#17408,#17439,#17456,#17468,#17480,#17492,
    #17504,#17516,#17528,#17540,#17552,#17564,#17576,#17588,#17600,
    #17612,#17624,#17636,#17648,#17660,#17871,#17896,#17905,#17930,
    #17939,#17964,#17973,#17998,#18007,#18032,#18041,#18066,#18075,
    #18100));
#14746 = ADVANCED_FACE('',(#14747),#14781,.F.);
#14747 = FACE_BOUND('',#14748,.F.);
#14748 = EDGE_LOOP('',(#14749,#14759,#14767,#14775));
#14749 = ORIENTED_EDGE('',*,*,#14750,.T.);
#14750 = EDGE_CURVE('',#14751,#14753,#14755,.T.);
#14751 = VERTEX_POINT('',#14752);
#14752 = CARTESIAN_POINT('',(-1.750001990174,17.755001306552,6.5));
#14753 = VERTEX_POINT('',#14754);
#14754 = CARTESIAN_POINT('',(-1.750001990174,17.755001306552,19.96));
#14755 = LINE('',#14756,#14757);
#14756 = CARTESIAN_POINT('',(-1.750001990174,17.755001306552,6.5));
#14757 = VECTOR('',#14758,1.);
#14758 = DIRECTION('',(0.,0.,1.));
#14759 = ORIENTED_EDGE('',*,*,#14760,.T.);
#14760 = EDGE_CURVE('',#14753,#14761,#14763,.T.);
#14761 = VERTEX_POINT('',#14762);
#14762 = CARTESIAN_POINT('',(-17.50000199017,17.754998651301,19.96));
#14763 = LINE('',#14764,#14765);
#14764 = CARTESIAN_POINT('',(-1.750001990174,17.755001306552,19.96));
#14765 = VECTOR('',#14766,1.);
#14766 = DIRECTION('',(-1.,-1.6858739681E-07,0.));
#14767 = ORIENTED_EDGE('',*,*,#14768,.F.);
#14768 = EDGE_CURVE('',#14769,#14761,#14771,.T.);
#14769 = VERTEX_POINT('',#14770);
#14770 = CARTESIAN_POINT('',(-17.50000199017,17.754998651301,6.5));
#14771 = LINE('',#14772,#14773);
#14772 = CARTESIAN_POINT('',(-17.50000199017,17.754998651301,6.5));
#14773 = VECTOR('',#14774,1.);
#14774 = DIRECTION('',(0.,0.,1.));
#14775 = ORIENTED_EDGE('',*,*,#14776,.F.);
#14776 = EDGE_CURVE('',#14751,#14769,#14777,.T.);
#14777 = LINE('',#14778,#14779);
#14778 = CARTESIAN_POINT('',(-1.750001990174,17.755001306552,6.5));
#14779 = VECTOR('',#14780,1.);
#14780 = DIRECTION('',(-1.,-1.6858739681E-07,0.));
#14781 = PLANE('',#14782);
#14782 = AXIS2_PLACEMENT_3D('',#14783,#14784,#14785);
#14783 = CARTESIAN_POINT('',(-1.750001990174,17.755001306552,6.5));
#14784 = DIRECTION('',(1.6858739688E-07,-1.,0.));
#14785 = DIRECTION('',(-1.,-1.6858739688E-07,0.));
#14786 = ADVANCED_FACE('',(#14787),#14820,.F.);
#14787 = FACE_BOUND('',#14788,.F.);
#14788 = EDGE_LOOP('',(#14789,#14799,#14805,#14806,#14814));
#14789 = ORIENTED_EDGE('',*,*,#14790,.T.);
#14790 = EDGE_CURVE('',#14791,#14793,#14795,.T.);
#14791 = VERTEX_POINT('',#14792);
#14792 = CARTESIAN_POINT('',(-1.749999206796,1.245001306552,6.5));
#14793 = VERTEX_POINT('',#14794);
#14794 = CARTESIAN_POINT('',(-1.749999206796,1.245001306552,19.96));
#14795 = LINE('',#14796,#14797);
#14796 = CARTESIAN_POINT('',(-1.749999206796,1.245001306552,6.5));
#14797 = VECTOR('',#14798,1.);
#14798 = DIRECTION('',(0.,0.,1.));
#14799 = ORIENTED_EDGE('',*,*,#14800,.T.);
#14800 = EDGE_CURVE('',#14793,#14753,#14801,.T.);
#14801 = LINE('',#14802,#14803);
#14802 = CARTESIAN_POINT('',(-1.749999206796,1.245001306552,19.96));
#14803 = VECTOR('',#14804,1.);
#14804 = DIRECTION('',(-1.6858739681E-07,1.,0.));
#14805 = ORIENTED_EDGE('',*,*,#14750,.F.);
#14806 = ORIENTED_EDGE('',*,*,#14807,.F.);
#14807 = EDGE_CURVE('',#14808,#14751,#14810,.T.);
#14808 = VERTEX_POINT('',#14809);
#14809 = CARTESIAN_POINT('',(-1.749999350177,2.095486,6.5));
#14810 = LINE('',#14811,#14812);
#14811 = CARTESIAN_POINT('',(-1.749999206796,1.245001306552,6.5));
#14812 = VECTOR('',#14813,1.);
#14813 = DIRECTION('',(-1.6858739681E-07,1.,0.));
#14814 = ORIENTED_EDGE('',*,*,#14815,.F.);
#14815 = EDGE_CURVE('',#14791,#14808,#14816,.T.);
#14816 = LINE('',#14817,#14818);
#14817 = CARTESIAN_POINT('',(-1.749999206796,1.245001306552,6.5));
#14818 = VECTOR('',#14819,1.);
#14819 = DIRECTION('',(-1.6858739681E-07,1.,0.));
#14820 = PLANE('',#14821);
#14821 = AXIS2_PLACEMENT_3D('',#14822,#14823,#14824);
#14822 = CARTESIAN_POINT('',(-1.749999206796,1.245001306552,6.5));
#14823 = DIRECTION('',(-1.,-1.6858739688E-07,0.));
#14824 = DIRECTION('',(-1.6858739688E-07,1.,0.));
#14825 = ADVANCED_FACE('',(#14826),#14844,.F.);
#14826 = FACE_BOUND('',#14827,.F.);
#14827 = EDGE_LOOP('',(#14828,#14836,#14837,#14838));
#14828 = ORIENTED_EDGE('',*,*,#14829,.F.);
#14829 = EDGE_CURVE('',#14761,#14830,#14832,.T.);
#14830 = VERTEX_POINT('',#14831);
#14831 = CARTESIAN_POINT('',(-17.49999920679,1.244998651301,19.96));
#14832 = LINE('',#14833,#14834);
#14833 = CARTESIAN_POINT('',(-17.50000199017,17.754998651301,19.96));
#14834 = VECTOR('',#14835,1.);
#14835 = DIRECTION('',(1.6858739681E-07,-1.,0.));
#14836 = ORIENTED_EDGE('',*,*,#14760,.F.);
#14837 = ORIENTED_EDGE('',*,*,#14800,.F.);
#14838 = ORIENTED_EDGE('',*,*,#14839,.F.);
#14839 = EDGE_CURVE('',#14830,#14793,#14840,.T.);
#14840 = LINE('',#14841,#14842);
#14841 = CARTESIAN_POINT('',(-17.49999920679,1.244998651301,19.96));
#14842 = VECTOR('',#14843,1.);
#14843 = DIRECTION('',(1.,1.6858739681E-07,0.));
#14844 = PLANE('',#14845);
#14845 = AXIS2_PLACEMENT_3D('',#14846,#14847,#14848);
#14846 = CARTESIAN_POINT('',(-17.50000199017,17.754998651301,19.96));
#14847 = DIRECTION('',(0.,0.,-1.));
#14848 = DIRECTION('',(-1.6858739688E-07,1.,0.));
#14849 = ADVANCED_FACE('',(#14850,#14876,#14910,#14976),#15010,.F.);
#14850 = FACE_BOUND('',#14851,.F.);
#14851 = EDGE_LOOP('',(#14852,#14853,#14854,#14862,#14870));
#14852 = ORIENTED_EDGE('',*,*,#14768,.T.);
#14853 = ORIENTED_EDGE('',*,*,#14829,.T.);
#14854 = ORIENTED_EDGE('',*,*,#14855,.F.);
#14855 = EDGE_CURVE('',#14856,#14830,#14858,.T.);
#14856 = VERTEX_POINT('',#14857);
#14857 = CARTESIAN_POINT('',(-17.49999920679,1.244998651301,6.5));
#14858 = LINE('',#14859,#14860);
#14859 = CARTESIAN_POINT('',(-17.49999920679,1.244998651301,6.5));
#14860 = VECTOR('',#14861,1.);
#14861 = DIRECTION('',(0.,0.,1.));
#14862 = ORIENTED_EDGE('',*,*,#14863,.F.);
#14863 = EDGE_CURVE('',#14864,#14856,#14866,.T.);
#14864 = VERTEX_POINT('',#14865);
#14865 = CARTESIAN_POINT('',(-17.49999935017,2.095486,6.5));
#14866 = LINE('',#14867,#14868);
#14867 = CARTESIAN_POINT('',(-17.50000199017,17.754998651301,6.5));
#14868 = VECTOR('',#14869,1.);
#14869 = DIRECTION('',(1.6858739681E-07,-1.,0.));
#14870 = ORIENTED_EDGE('',*,*,#14871,.F.);
#14871 = EDGE_CURVE('',#14769,#14864,#14872,.T.);
#14872 = LINE('',#14873,#14874);
#14873 = CARTESIAN_POINT('',(-17.50000199017,17.754998651301,6.5));
#14874 = VECTOR('',#14875,1.);
#14875 = DIRECTION('',(1.6858739681E-07,-1.,0.));
#14876 = FACE_BOUND('',#14877,.F.);
#14877 = EDGE_LOOP('',(#14878,#14888,#14896,#14904));
#14878 = ORIENTED_EDGE('',*,*,#14879,.F.);
#14879 = EDGE_CURVE('',#14880,#14882,#14884,.T.);
#14880 = VERTEX_POINT('',#14881);
#14881 = CARTESIAN_POINT('',(-17.50000114723,12.754998651301,17.));
#14882 = VERTEX_POINT('',#14883);
#14883 = CARTESIAN_POINT('',(-17.50000190588,17.254998651301,17.));
#14884 = LINE('',#14885,#14886);
#14885 = CARTESIAN_POINT('',(-17.50000114723,12.754998651301,17.));
#14886 = VECTOR('',#14887,1.);
#14887 = DIRECTION('',(-1.6858739681E-07,1.,0.));
#14888 = ORIENTED_EDGE('',*,*,#14889,.F.);
#14889 = EDGE_CURVE('',#14890,#14880,#14892,.T.);
#14890 = VERTEX_POINT('',#14891);
#14891 = CARTESIAN_POINT('',(-17.50000114723,12.754998651301,19.4));
#14892 = LINE('',#14893,#14894);
#14893 = CARTESIAN_POINT('',(-17.50000114723,12.754998651301,19.4));
#14894 = VECTOR('',#14895,1.);
#14895 = DIRECTION('',(-6.7E-16,-0.,-1.));
#14896 = ORIENTED_EDGE('',*,*,#14897,.F.);
#14897 = EDGE_CURVE('',#14898,#14890,#14900,.T.);
#14898 = VERTEX_POINT('',#14899);
#14899 = CARTESIAN_POINT('',(-17.50000190588,17.254998651301,19.4));
#14900 = LINE('',#14901,#14902);
#14901 = CARTESIAN_POINT('',(-17.50000190588,17.254998651301,19.4));
#14902 = VECTOR('',#14903,1.);
#14903 = DIRECTION('',(1.6858739681E-07,-1.,0.));
#14904 = ORIENTED_EDGE('',*,*,#14905,.F.);
#14905 = EDGE_CURVE('',#14882,#14898,#14906,.T.);
#14906 = LINE('',#14907,#14908);
#14907 = CARTESIAN_POINT('',(-17.50000190588,17.254998651301,17.));
#14908 = VECTOR('',#14909,1.);
#14909 = DIRECTION('',(6.7E-16,0.,1.));
#14910 = FACE_BOUND('',#14911,.F.);
#14911 = EDGE_LOOP('',(#14912,#14922,#14930,#14938,#14946,#14954,#14962,
    #14970));
#14912 = ORIENTED_EDGE('',*,*,#14913,.F.);
#14913 = EDGE_CURVE('',#14914,#14916,#14918,.T.);
#14914 = VERTEX_POINT('',#14915);
#14915 = CARTESIAN_POINT('',(-17.50000158556,15.354998651301,16.8));
#14916 = VERTEX_POINT('',#14917);
#14917 = CARTESIAN_POINT('',(-17.50000111267,12.549998651301,16.8));
#14918 = LINE('',#14919,#14920);
#14919 = CARTESIAN_POINT('',(-17.50000158556,15.354998651301,16.8));
#14920 = VECTOR('',#14921,1.);
#14921 = DIRECTION('',(1.6858739681E-07,-1.,0.));
#14922 = ORIENTED_EDGE('',*,*,#14923,.F.);
#14923 = EDGE_CURVE('',#14924,#14914,#14926,.T.);
#14924 = VERTEX_POINT('',#14925);
#14925 = CARTESIAN_POINT('',(-17.50000158556,15.354998651301,8.5));
#14926 = LINE('',#14927,#14928);
#14927 = CARTESIAN_POINT('',(-17.50000158556,15.354998651301,8.5));
#14928 = VECTOR('',#14929,1.);
#14929 = DIRECTION('',(2.2E-16,0.,1.));
#14930 = ORIENTED_EDGE('',*,*,#14931,.F.);
#14931 = EDGE_CURVE('',#14932,#14924,#14934,.T.);
#14932 = VERTEX_POINT('',#14933);
#14933 = CARTESIAN_POINT('',(-17.4999996114,3.644998651301,8.5));
#14934 = LINE('',#14935,#14936);
#14935 = CARTESIAN_POINT('',(-17.4999996114,3.644998651301,8.5));
#14936 = VECTOR('',#14937,1.);
#14937 = DIRECTION('',(-1.6858739681E-07,1.,0.));
#14938 = ORIENTED_EDGE('',*,*,#14939,.F.);
#14939 = EDGE_CURVE('',#14940,#14932,#14942,.T.);
#14940 = VERTEX_POINT('',#14941);
#14941 = CARTESIAN_POINT('',(-17.4999996114,3.644998651301,16.8));
#14942 = LINE('',#14943,#14944);
#14943 = CARTESIAN_POINT('',(-17.4999996114,3.644998651301,16.8));
#14944 = VECTOR('',#14945,1.);
#14945 = DIRECTION('',(-2.2E-16,-0.,-1.));
#14946 = ORIENTED_EDGE('',*,*,#14947,.F.);
#14947 = EDGE_CURVE('',#14948,#14940,#14950,.T.);
#14948 = VERTEX_POINT('',#14949);
#14949 = CARTESIAN_POINT('',(-17.50000008429,6.449998651301,16.8));
#14950 = LINE('',#14951,#14952);
#14951 = CARTESIAN_POINT('',(-17.50000008429,6.449998651301,16.8));
#14952 = VECTOR('',#14953,1.);
#14953 = DIRECTION('',(1.6858739681E-07,-1.,0.));
#14954 = ORIENTED_EDGE('',*,*,#14955,.F.);
#14955 = EDGE_CURVE('',#14956,#14948,#14958,.T.);
#14956 = VERTEX_POINT('',#14957);
#14957 = CARTESIAN_POINT('',(-17.50000008429,6.449998651301,19.56));
#14958 = LINE('',#14959,#14960);
#14959 = CARTESIAN_POINT('',(-17.50000008429,6.449998651301,19.56));
#14960 = VECTOR('',#14961,1.);
#14961 = DIRECTION('',(-2.2E-16,-0.,-1.));
#14962 = ORIENTED_EDGE('',*,*,#14963,.F.);
#14963 = EDGE_CURVE('',#14964,#14956,#14966,.T.);
#14964 = VERTEX_POINT('',#14965);
#14965 = CARTESIAN_POINT('',(-17.50000111267,12.549998651301,19.56));
#14966 = LINE('',#14967,#14968);
#14967 = CARTESIAN_POINT('',(-17.50000111267,12.549998651301,19.56));
#14968 = VECTOR('',#14969,1.);
#14969 = DIRECTION('',(1.6858739681E-07,-1.,0.));
#14970 = ORIENTED_EDGE('',*,*,#14971,.F.);
#14971 = EDGE_CURVE('',#14916,#14964,#14972,.T.);
#14972 = LINE('',#14973,#14974);
#14973 = CARTESIAN_POINT('',(-17.50000111267,12.549998651301,16.8));
#14974 = VECTOR('',#14975,1.);
#14975 = DIRECTION('',(2.2E-16,0.,1.));
#14976 = FACE_BOUND('',#14977,.F.);
#14977 = EDGE_LOOP('',(#14978,#14988,#14996,#15004));
#14978 = ORIENTED_EDGE('',*,*,#14979,.F.);
#14979 = EDGE_CURVE('',#14980,#14982,#14984,.T.);
#14980 = VERTEX_POINT('',#14981);
#14981 = CARTESIAN_POINT('',(-17.49999929109,1.744998651301,17.));
#14982 = VERTEX_POINT('',#14983);
#14983 = CARTESIAN_POINT('',(-17.50000004973,6.244998651301,17.));
#14984 = LINE('',#14985,#14986);
#14985 = CARTESIAN_POINT('',(-17.49999929109,1.744998651301,17.));
#14986 = VECTOR('',#14987,1.);
#14987 = DIRECTION('',(-1.6858739681E-07,1.,0.));
#14988 = ORIENTED_EDGE('',*,*,#14989,.F.);
#14989 = EDGE_CURVE('',#14990,#14980,#14992,.T.);
#14990 = VERTEX_POINT('',#14991);
#14991 = CARTESIAN_POINT('',(-17.49999929109,1.744998651301,19.4));
#14992 = LINE('',#14993,#14994);
#14993 = CARTESIAN_POINT('',(-17.49999929109,1.744998651301,19.4));
#14994 = VECTOR('',#14995,1.);
#14995 = DIRECTION('',(-6.7E-16,-0.,-1.));
#14996 = ORIENTED_EDGE('',*,*,#14997,.F.);
#14997 = EDGE_CURVE('',#14998,#14990,#15000,.T.);
#14998 = VERTEX_POINT('',#14999);
#14999 = CARTESIAN_POINT('',(-17.50000004973,6.244998651301,19.4));
#15000 = LINE('',#15001,#15002);
#15001 = CARTESIAN_POINT('',(-17.50000004973,6.244998651301,19.4));
#15002 = VECTOR('',#15003,1.);
#15003 = DIRECTION('',(1.6858739681E-07,-1.,0.));
#15004 = ORIENTED_EDGE('',*,*,#15005,.F.);
#15005 = EDGE_CURVE('',#14982,#14998,#15006,.T.);
#15006 = LINE('',#15007,#15008);
#15007 = CARTESIAN_POINT('',(-17.50000004973,6.244998651301,17.));
#15008 = VECTOR('',#15009,1.);
#15009 = DIRECTION('',(6.7E-16,0.,1.));
#15010 = PLANE('',#15011);
#15011 = AXIS2_PLACEMENT_3D('',#15012,#15013,#15014);
#15012 = CARTESIAN_POINT('',(-17.50000199017,17.754998651301,6.5));
#15013 = DIRECTION('',(1.,1.6858739688E-07,0.));
#15014 = DIRECTION('',(1.6858739688E-07,-1.,0.));
#15015 = ADVANCED_FACE('',(#15016),#15027,.F.);
#15016 = FACE_BOUND('',#15017,.F.);
#15017 = EDGE_LOOP('',(#15018,#15019,#15020,#15021));
#15018 = ORIENTED_EDGE('',*,*,#14855,.T.);
#15019 = ORIENTED_EDGE('',*,*,#14839,.T.);
#15020 = ORIENTED_EDGE('',*,*,#14790,.F.);
#15021 = ORIENTED_EDGE('',*,*,#15022,.F.);
#15022 = EDGE_CURVE('',#14856,#14791,#15023,.T.);
#15023 = LINE('',#15024,#15025);
#15024 = CARTESIAN_POINT('',(-17.49999920679,1.244998651301,6.5));
#15025 = VECTOR('',#15026,1.);
#15026 = DIRECTION('',(1.,1.6858739681E-07,0.));
#15027 = PLANE('',#15028);
#15028 = AXIS2_PLACEMENT_3D('',#15029,#15030,#15031);
#15029 = CARTESIAN_POINT('',(-17.49999920679,1.244998651301,6.5));
#15030 = DIRECTION('',(-1.6858739688E-07,1.,0.));
#15031 = DIRECTION('',(1.,1.6858739688E-07,0.));
#15032 = ADVANCED_FACE('',(#15033),#15058,.T.);
#15033 = FACE_BOUND('',#15034,.T.);
#15034 = EDGE_LOOP('',(#15035,#15043,#15051,#15057));
#15035 = ORIENTED_EDGE('',*,*,#15036,.T.);
#15036 = EDGE_CURVE('',#14880,#15037,#15039,.T.);
#15037 = VERTEX_POINT('',#15038);
#15038 = CARTESIAN_POINT('',(-17.60000114723,12.754998634442,17.));
#15039 = LINE('',#15040,#15041);
#15040 = CARTESIAN_POINT('',(-17.50000114723,12.754998651301,17.));
#15041 = VECTOR('',#15042,1.);
#15042 = DIRECTION('',(-1.,-1.6858739681E-07,4.4E-16));
#15043 = ORIENTED_EDGE('',*,*,#15044,.T.);
#15044 = EDGE_CURVE('',#15037,#15045,#15047,.T.);
#15045 = VERTEX_POINT('',#15046);
#15046 = CARTESIAN_POINT('',(-17.60000190588,17.254998634442,17.));
#15047 = LINE('',#15048,#15049);
#15048 = CARTESIAN_POINT('',(-17.60000114723,12.754998634442,17.));
#15049 = VECTOR('',#15050,1.);
#15050 = DIRECTION('',(-1.6858739681E-07,1.,0.));
#15051 = ORIENTED_EDGE('',*,*,#15052,.F.);
#15052 = EDGE_CURVE('',#14882,#15045,#15053,.T.);
#15053 = LINE('',#15054,#15055);
#15054 = CARTESIAN_POINT('',(-17.50000190588,17.254998651301,17.));
#15055 = VECTOR('',#15056,1.);
#15056 = DIRECTION('',(-1.,-1.6858739681E-07,4.4E-16));
#15057 = ORIENTED_EDGE('',*,*,#14879,.F.);
#15058 = PLANE('',#15059);
#15059 = AXIS2_PLACEMENT_3D('',#15060,#15061,#15062);
#15060 = CARTESIAN_POINT('',(-17.50000114723,12.754998651301,17.));
#15061 = DIRECTION('',(-4.4E-16,-0.,-1.));
#15062 = DIRECTION('',(-1.6858739688E-07,1.,7.41784546272E-23));
#15063 = ADVANCED_FACE('',(#15064),#15082,.T.);
#15064 = FACE_BOUND('',#15065,.T.);
#15065 = EDGE_LOOP('',(#15066,#15074,#15075,#15076));
#15066 = ORIENTED_EDGE('',*,*,#15067,.T.);
#15067 = EDGE_CURVE('',#15068,#15037,#15070,.T.);
#15068 = VERTEX_POINT('',#15069);
#15069 = CARTESIAN_POINT('',(-17.60000114723,12.754998634442,19.4));
#15070 = LINE('',#15071,#15072);
#15071 = CARTESIAN_POINT('',(-17.60000114723,12.754998634442,19.2));
#15072 = VECTOR('',#15073,1.);
#15073 = DIRECTION('',(-6.7E-16,-0.,-1.));
#15074 = ORIENTED_EDGE('',*,*,#15036,.F.);
#15075 = ORIENTED_EDGE('',*,*,#14889,.F.);
#15076 = ORIENTED_EDGE('',*,*,#15077,.T.);
#15077 = EDGE_CURVE('',#14890,#15068,#15078,.T.);
#15078 = LINE('',#15079,#15080);
#15079 = CARTESIAN_POINT('',(-17.50000114723,12.754998651301,19.4));
#15080 = VECTOR('',#15081,1.);
#15081 = DIRECTION('',(-1.,-1.6858739681E-07,4.4E-16));
#15082 = PLANE('',#15083);
#15083 = AXIS2_PLACEMENT_3D('',#15084,#15085,#15086);
#15084 = CARTESIAN_POINT('',(-17.50000114723,12.754998651301,19.4));
#15085 = DIRECTION('',(1.6858739688E-07,-1.,0.));
#15086 = DIRECTION('',(-6.7E-16,-1.129535559096E-22,-1.));
#15087 = ADVANCED_FACE('',(#15088),#15106,.T.);
#15088 = FACE_BOUND('',#15089,.T.);
#15089 = EDGE_LOOP('',(#15090,#15098,#15104,#15105));
#15090 = ORIENTED_EDGE('',*,*,#15091,.T.);
#15091 = EDGE_CURVE('',#14898,#15092,#15094,.T.);
#15092 = VERTEX_POINT('',#15093);
#15093 = CARTESIAN_POINT('',(-17.60000190588,17.254998634442,19.4));
#15094 = LINE('',#15095,#15096);
#15095 = CARTESIAN_POINT('',(-17.50000190588,17.254998651301,19.4));
#15096 = VECTOR('',#15097,1.);
#15097 = DIRECTION('',(-1.,-1.6858739681E-07,4.4E-16));
#15098 = ORIENTED_EDGE('',*,*,#15099,.T.);
#15099 = EDGE_CURVE('',#15092,#15068,#15100,.T.);
#15100 = LINE('',#15101,#15102);
#15101 = CARTESIAN_POINT('',(-17.60000190588,17.254998634442,19.4));
#15102 = VECTOR('',#15103,1.);
#15103 = DIRECTION('',(1.6858739681E-07,-1.,0.));
#15104 = ORIENTED_EDGE('',*,*,#15077,.F.);
#15105 = ORIENTED_EDGE('',*,*,#14897,.F.);
#15106 = PLANE('',#15107);
#15107 = AXIS2_PLACEMENT_3D('',#15108,#15109,#15110);
#15108 = CARTESIAN_POINT('',(-17.50000190588,17.254998651301,19.4));
#15109 = DIRECTION('',(4.4E-16,0.,1.));
#15110 = DIRECTION('',(1.6858739688E-07,-1.,-7.41784546272E-23));
#15111 = ADVANCED_FACE('',(#15112),#15123,.T.);
#15112 = FACE_BOUND('',#15113,.T.);
#15113 = EDGE_LOOP('',(#15114,#15120,#15121,#15122));
#15114 = ORIENTED_EDGE('',*,*,#15115,.T.);
#15115 = EDGE_CURVE('',#15045,#15092,#15116,.T.);
#15116 = LINE('',#15117,#15118);
#15117 = CARTESIAN_POINT('',(-17.60000190588,17.254998634442,17.2));
#15118 = VECTOR('',#15119,1.);
#15119 = DIRECTION('',(6.7E-16,0.,1.));
#15120 = ORIENTED_EDGE('',*,*,#15091,.F.);
#15121 = ORIENTED_EDGE('',*,*,#14905,.F.);
#15122 = ORIENTED_EDGE('',*,*,#15052,.T.);
#15123 = PLANE('',#15124);
#15124 = AXIS2_PLACEMENT_3D('',#15125,#15126,#15127);
#15125 = CARTESIAN_POINT('',(-17.50000190588,17.254998651301,17.));
#15126 = DIRECTION('',(-1.6858739688E-07,1.,0.));
#15127 = DIRECTION('',(6.7E-16,1.129535559096E-22,1.));
#15128 = ADVANCED_FACE('',(#15129),#15170,.T.);
#15129 = FACE_BOUND('',#15130,.T.);
#15130 = EDGE_LOOP('',(#15131,#15132,#15140,#15148,#15156,#15164));
#15131 = ORIENTED_EDGE('',*,*,#14913,.F.);
#15132 = ORIENTED_EDGE('',*,*,#15133,.T.);
#15133 = EDGE_CURVE('',#14914,#15134,#15136,.T.);
#15134 = VERTEX_POINT('',#15135);
#15135 = CARTESIAN_POINT('',(-17.00000158556,15.354998735594,16.8));
#15136 = LINE('',#15137,#15138);
#15137 = CARTESIAN_POINT('',(-17.50000158556,15.354998651301,16.8));
#15138 = VECTOR('',#15139,1.);
#15139 = DIRECTION('',(1.,1.6858739681E-07,-2.2E-16));
#15140 = ORIENTED_EDGE('',*,*,#15141,.F.);
#15141 = EDGE_CURVE('',#15142,#15134,#15144,.T.);
#15142 = VERTEX_POINT('',#15143);
#15143 = CARTESIAN_POINT('',(-17.00000157713,15.304998735594,16.8));
#15144 = LINE('',#15145,#15146);
#15145 = CARTESIAN_POINT('',(-17.00000174572,16.304998735594,16.8));
#15146 = VECTOR('',#15147,1.);
#15147 = DIRECTION('',(-1.6858739681E-07,1.,0.));
#15148 = ORIENTED_EDGE('',*,*,#15149,.T.);
#15149 = EDGE_CURVE('',#15142,#15150,#15152,.T.);
#15150 = VERTEX_POINT('',#15151);
#15151 = CARTESIAN_POINT('',(-7.000001577135,15.305000421468,16.8));
#15152 = LINE('',#15153,#15154);
#15153 = CARTESIAN_POINT('',(-17.25000157713,15.304998693448,16.8));
#15154 = VECTOR('',#15155,1.);
#15155 = DIRECTION('',(1.,1.6858739681E-07,-2.2E-16));
#15156 = ORIENTED_EDGE('',*,*,#15157,.T.);
#15157 = EDGE_CURVE('',#15150,#15158,#15160,.T.);
#15158 = VERTEX_POINT('',#15159);
#15159 = CARTESIAN_POINT('',(-7.000001112677,12.550000421468,16.8));
#15160 = LINE('',#15161,#15162);
#15161 = CARTESIAN_POINT('',(-7.00000158135,15.330000421468,16.8));
#15162 = VECTOR('',#15163,1.);
#15163 = DIRECTION('',(1.6858739681E-07,-1.,0.));
#15164 = ORIENTED_EDGE('',*,*,#15165,.F.);
#15165 = EDGE_CURVE('',#14916,#15158,#15166,.T.);
#15166 = LINE('',#15167,#15168);
#15167 = CARTESIAN_POINT('',(-17.50000111267,12.549998651301,16.8));
#15168 = VECTOR('',#15169,1.);
#15169 = DIRECTION('',(1.,1.6858739681E-07,-2.2E-16));
#15170 = PLANE('',#15171);
#15171 = AXIS2_PLACEMENT_3D('',#15172,#15173,#15174);
#15172 = CARTESIAN_POINT('',(-17.50000158556,15.354998651301,16.8));
#15173 = DIRECTION('',(-2.2E-16,-0.,-1.));
#15174 = DIRECTION('',(1.6858739688E-07,-1.,-3.70892273136E-23));
#15175 = ADVANCED_FACE('',(#15176),#15194,.T.);
#15176 = FACE_BOUND('',#15177,.T.);
#15177 = EDGE_LOOP('',(#15178,#15179,#15187,#15193));
#15178 = ORIENTED_EDGE('',*,*,#14923,.F.);
#15179 = ORIENTED_EDGE('',*,*,#15180,.T.);
#15180 = EDGE_CURVE('',#14924,#15181,#15183,.T.);
#15181 = VERTEX_POINT('',#15182);
#15182 = CARTESIAN_POINT('',(-17.00000158556,15.354998735594,8.5));
#15183 = LINE('',#15184,#15185);
#15184 = CARTESIAN_POINT('',(-17.50000158556,15.354998651301,8.5));
#15185 = VECTOR('',#15186,1.);
#15186 = DIRECTION('',(1.,1.6858739681E-07,-2.2E-16));
#15187 = ORIENTED_EDGE('',*,*,#15188,.F.);
#15188 = EDGE_CURVE('',#15134,#15181,#15189,.T.);
#15189 = LINE('',#15190,#15191);
#15190 = CARTESIAN_POINT('',(-17.00000158556,15.354998735594,7.75));
#15191 = VECTOR('',#15192,1.);
#15192 = DIRECTION('',(0.,0.,-1.));
#15193 = ORIENTED_EDGE('',*,*,#15133,.F.);
#15194 = PLANE('',#15195);
#15195 = AXIS2_PLACEMENT_3D('',#15196,#15197,#15198);
#15196 = CARTESIAN_POINT('',(-17.50000158556,15.354998651301,8.5));
#15197 = DIRECTION('',(1.6858739688E-07,-1.,0.));
#15198 = DIRECTION('',(2.2E-16,3.70892273136E-23,1.));
#15199 = ADVANCED_FACE('',(#15200),#15218,.T.);
#15200 = FACE_BOUND('',#15201,.T.);
#15201 = EDGE_LOOP('',(#15202,#15203,#15211,#15217));
#15202 = ORIENTED_EDGE('',*,*,#14931,.F.);
#15203 = ORIENTED_EDGE('',*,*,#15204,.T.);
#15204 = EDGE_CURVE('',#14932,#15205,#15207,.T.);
#15205 = VERTEX_POINT('',#15206);
#15206 = CARTESIAN_POINT('',(-16.9999996114,3.644998735595,8.5));
#15207 = LINE('',#15208,#15209);
#15208 = CARTESIAN_POINT('',(-17.4999996114,3.644998651301,8.5));
#15209 = VECTOR('',#15210,1.);
#15210 = DIRECTION('',(1.,1.6858739681E-07,-2.2E-16));
#15211 = ORIENTED_EDGE('',*,*,#15212,.F.);
#15212 = EDGE_CURVE('',#15181,#15205,#15213,.T.);
#15213 = LINE('',#15214,#15215);
#15214 = CARTESIAN_POINT('',(-17.00000075864,10.449998735594,8.5));
#15215 = VECTOR('',#15216,1.);
#15216 = DIRECTION('',(1.6858739681E-07,-1.,0.));
#15217 = ORIENTED_EDGE('',*,*,#15180,.F.);
#15218 = PLANE('',#15219);
#15219 = AXIS2_PLACEMENT_3D('',#15220,#15221,#15222);
#15220 = CARTESIAN_POINT('',(-17.4999996114,3.644998651301,8.5));
#15221 = DIRECTION('',(2.2E-16,0.,1.));
#15222 = DIRECTION('',(-1.6858739688E-07,1.,3.70892273136E-23));
#15223 = ADVANCED_FACE('',(#15224),#15242,.T.);
#15224 = FACE_BOUND('',#15225,.T.);
#15225 = EDGE_LOOP('',(#15226,#15227,#15235,#15241));
#15226 = ORIENTED_EDGE('',*,*,#14939,.F.);
#15227 = ORIENTED_EDGE('',*,*,#15228,.T.);
#15228 = EDGE_CURVE('',#14940,#15229,#15231,.T.);
#15229 = VERTEX_POINT('',#15230);
#15230 = CARTESIAN_POINT('',(-16.9999996114,3.644998735595,16.8));
#15231 = LINE('',#15232,#15233);
#15232 = CARTESIAN_POINT('',(-17.4999996114,3.644998651301,16.8));
#15233 = VECTOR('',#15234,1.);
#15234 = DIRECTION('',(1.,1.6858739681E-07,-2.2E-16));
#15235 = ORIENTED_EDGE('',*,*,#15236,.F.);
#15236 = EDGE_CURVE('',#15205,#15229,#15237,.T.);
#15237 = LINE('',#15238,#15239);
#15238 = CARTESIAN_POINT('',(-16.9999996114,3.644998735595,11.9));
#15239 = VECTOR('',#15240,1.);
#15240 = DIRECTION('',(0.,0.,1.));
#15241 = ORIENTED_EDGE('',*,*,#15204,.F.);
#15242 = PLANE('',#15243);
#15243 = AXIS2_PLACEMENT_3D('',#15244,#15245,#15246);
#15244 = CARTESIAN_POINT('',(-17.4999996114,3.644998651301,16.8));
#15245 = DIRECTION('',(-1.6858739688E-07,1.,0.));
#15246 = DIRECTION('',(-2.2E-16,-3.70892273136E-23,-1.));
#15247 = ADVANCED_FACE('',(#15248),#15282,.T.);
#15248 = FACE_BOUND('',#15249,.T.);
#15249 = EDGE_LOOP('',(#15250,#15251,#15259,#15267,#15275,#15281));
#15250 = ORIENTED_EDGE('',*,*,#14947,.F.);
#15251 = ORIENTED_EDGE('',*,*,#15252,.T.);
#15252 = EDGE_CURVE('',#14948,#15253,#15255,.T.);
#15253 = VERTEX_POINT('',#15254);
#15254 = CARTESIAN_POINT('',(-7.000000084294,6.450000421468,16.8));
#15255 = LINE('',#15256,#15257);
#15256 = CARTESIAN_POINT('',(-17.50000008429,6.449998651301,16.8));
#15257 = VECTOR('',#15258,1.);
#15258 = DIRECTION('',(1.,1.6858739681E-07,-2.2E-16));
#15259 = ORIENTED_EDGE('',*,*,#15260,.T.);
#15260 = EDGE_CURVE('',#15253,#15261,#15263,.T.);
#15261 = VERTEX_POINT('',#15262);
#15262 = CARTESIAN_POINT('',(-6.999999619835,3.695000421469,16.8));
#15263 = LINE('',#15264,#15265);
#15264 = CARTESIAN_POINT('',(-7.000000830714,10.877500421468,16.8));
#15265 = VECTOR('',#15266,1.);
#15266 = DIRECTION('',(1.6858739681E-07,-1.,0.));
#15267 = ORIENTED_EDGE('',*,*,#15268,.T.);
#15268 = EDGE_CURVE('',#15261,#15269,#15271,.T.);
#15269 = VERTEX_POINT('',#15270);
#15270 = CARTESIAN_POINT('',(-16.99999961983,3.694998735595,16.8));
#15271 = LINE('',#15272,#15273);
#15272 = CARTESIAN_POINT('',(-17.24999961983,3.694998693448,16.8));
#15273 = VECTOR('',#15274,1.);
#15274 = DIRECTION('',(-1.,-1.6858739681E-07,2.2E-16));
#15275 = ORIENTED_EDGE('',*,*,#15276,.F.);
#15276 = EDGE_CURVE('',#15229,#15269,#15277,.T.);
#15277 = LINE('',#15278,#15279);
#15278 = CARTESIAN_POINT('',(-17.00000099508,11.852498735594,16.8));
#15279 = VECTOR('',#15280,1.);
#15280 = DIRECTION('',(-1.6858739681E-07,1.,0.));
#15281 = ORIENTED_EDGE('',*,*,#15228,.F.);
#15282 = PLANE('',#15283);
#15283 = AXIS2_PLACEMENT_3D('',#15284,#15285,#15286);
#15284 = CARTESIAN_POINT('',(-17.50000008429,6.449998651301,16.8));
#15285 = DIRECTION('',(-2.2E-16,-0.,-1.));
#15286 = DIRECTION('',(1.6858739688E-07,-1.,-3.70892273136E-23));
#15287 = ADVANCED_FACE('',(#15288),#15338,.T.);
#15288 = FACE_BOUND('',#15289,.T.);
#15289 = EDGE_LOOP('',(#15290,#15291,#15299,#15307,#15315,#15323,#15331,
    #15337));
#15290 = ORIENTED_EDGE('',*,*,#14955,.F.);
#15291 = ORIENTED_EDGE('',*,*,#15292,.T.);
#15292 = EDGE_CURVE('',#14956,#15293,#15295,.T.);
#15293 = VERTEX_POINT('',#15294);
#15294 = CARTESIAN_POINT('',(-4.500000084294,6.450000842937,19.56));
#15295 = LINE('',#15296,#15297);
#15296 = CARTESIAN_POINT('',(-17.50000008429,6.449998651301,19.56));
#15297 = VECTOR('',#15298,1.);
#15298 = DIRECTION('',(1.,1.6858739681E-07,-2.2E-16));
#15299 = ORIENTED_EDGE('',*,*,#15300,.T.);
#15300 = EDGE_CURVE('',#15293,#15301,#15303,.T.);
#15301 = VERTEX_POINT('',#15302);
#15302 = CARTESIAN_POINT('',(-4.500000084294,6.450000842937,19.46));
#15303 = LINE('',#15304,#15305);
#15304 = CARTESIAN_POINT('',(-4.500000084294,6.450000842937,19.56));
#15305 = VECTOR('',#15306,1.);
#15306 = DIRECTION('',(-2.2E-16,-0.,-1.));
#15307 = ORIENTED_EDGE('',*,*,#15308,.F.);
#15308 = EDGE_CURVE('',#15309,#15301,#15311,.T.);
#15309 = VERTEX_POINT('',#15310);
#15310 = CARTESIAN_POINT('',(-17.00000008429,6.449998735595,19.46));
#15311 = LINE('',#15312,#15313);
#15312 = CARTESIAN_POINT('',(-17.25000008429,6.449998693448,19.46));
#15313 = VECTOR('',#15314,1.);
#15314 = DIRECTION('',(1.,1.6858739681E-07,0.));
#15315 = ORIENTED_EDGE('',*,*,#15316,.F.);
#15316 = EDGE_CURVE('',#15317,#15309,#15319,.T.);
#15317 = VERTEX_POINT('',#15318);
#15318 = CARTESIAN_POINT('',(-17.00000008429,6.449998735595,17.25));
#15319 = LINE('',#15320,#15321);
#15320 = CARTESIAN_POINT('',(-17.00000008429,6.449998735595,13.28));
#15321 = VECTOR('',#15322,1.);
#15322 = DIRECTION('',(0.,0.,1.));
#15323 = ORIENTED_EDGE('',*,*,#15324,.T.);
#15324 = EDGE_CURVE('',#15317,#15325,#15327,.T.);
#15325 = VERTEX_POINT('',#15326);
#15326 = CARTESIAN_POINT('',(-7.000000084294,6.450000421468,17.25));
#15327 = LINE('',#15328,#15329);
#15328 = CARTESIAN_POINT('',(-17.25000008429,6.449998693448,17.25));
#15329 = VECTOR('',#15330,1.);
#15330 = DIRECTION('',(1.,1.6858739681E-07,-2.2E-16));
#15331 = ORIENTED_EDGE('',*,*,#15332,.T.);
#15332 = EDGE_CURVE('',#15325,#15253,#15333,.T.);
#15333 = LINE('',#15334,#15335);
#15334 = CARTESIAN_POINT('',(-7.000000084294,6.450000421468,14.305));
#15335 = VECTOR('',#15336,1.);
#15336 = DIRECTION('',(-2.2E-16,-0.,-1.));
#15337 = ORIENTED_EDGE('',*,*,#15252,.F.);
#15338 = PLANE('',#15339);
#15339 = AXIS2_PLACEMENT_3D('',#15340,#15341,#15342);
#15340 = CARTESIAN_POINT('',(-17.50000008429,6.449998651301,19.56));
#15341 = DIRECTION('',(-1.6858739688E-07,1.,0.));
#15342 = DIRECTION('',(-2.2E-16,-3.70892273136E-23,-1.));
#15343 = ADVANCED_FACE('',(#15344),#15362,.T.);
#15344 = FACE_BOUND('',#15345,.T.);
#15345 = EDGE_LOOP('',(#15346,#15354,#15360,#15361));
#15346 = ORIENTED_EDGE('',*,*,#15347,.T.);
#15347 = EDGE_CURVE('',#14964,#15348,#15350,.T.);
#15348 = VERTEX_POINT('',#15349);
#15349 = CARTESIAN_POINT('',(-4.500001112677,12.550000842937,19.56));
#15350 = LINE('',#15351,#15352);
#15351 = CARTESIAN_POINT('',(-17.50000111267,12.549998651301,19.56));
#15352 = VECTOR('',#15353,1.);
#15353 = DIRECTION('',(1.,1.6858739681E-07,-2.2E-16));
#15354 = ORIENTED_EDGE('',*,*,#15355,.T.);
#15355 = EDGE_CURVE('',#15348,#15293,#15356,.T.);
#15356 = LINE('',#15357,#15358);
#15357 = CARTESIAN_POINT('',(-4.500001112677,12.550000842937,19.56));
#15358 = VECTOR('',#15359,1.);
#15359 = DIRECTION('',(1.6858739681E-07,-1.,0.));
#15360 = ORIENTED_EDGE('',*,*,#15292,.F.);
#15361 = ORIENTED_EDGE('',*,*,#14963,.F.);
#15362 = PLANE('',#15363);
#15363 = AXIS2_PLACEMENT_3D('',#15364,#15365,#15366);
#15364 = CARTESIAN_POINT('',(-17.50000111267,12.549998651301,19.56));
#15365 = DIRECTION('',(-2.2E-16,-0.,-1.));
#15366 = DIRECTION('',(1.6858739688E-07,-1.,-3.70892273136E-23));
#15367 = ADVANCED_FACE('',(#15368),#15411,.T.);
#15368 = FACE_BOUND('',#15369,.T.);
#15369 = EDGE_LOOP('',(#15370,#15371,#15372,#15380,#15388,#15396,#15404,
    #15410));
#15370 = ORIENTED_EDGE('',*,*,#14971,.F.);
#15371 = ORIENTED_EDGE('',*,*,#15165,.T.);
#15372 = ORIENTED_EDGE('',*,*,#15373,.T.);
#15373 = EDGE_CURVE('',#15158,#15374,#15376,.T.);
#15374 = VERTEX_POINT('',#15375);
#15375 = CARTESIAN_POINT('',(-7.000001112677,12.550000421468,17.25));
#15376 = LINE('',#15377,#15378);
#15377 = CARTESIAN_POINT('',(-7.000001112677,12.550000421468,12.925));
#15378 = VECTOR('',#15379,1.);
#15379 = DIRECTION('',(2.2E-16,0.,1.));
#15380 = ORIENTED_EDGE('',*,*,#15381,.T.);
#15381 = EDGE_CURVE('',#15374,#15382,#15384,.T.);
#15382 = VERTEX_POINT('',#15383);
#15383 = CARTESIAN_POINT('',(-17.00000111267,12.549998735594,17.25));
#15384 = LINE('',#15385,#15386);
#15385 = CARTESIAN_POINT('',(-17.25000111267,12.549998693448,17.25));
#15386 = VECTOR('',#15387,1.);
#15387 = DIRECTION('',(-1.,-1.6858739681E-07,2.2E-16));
#15388 = ORIENTED_EDGE('',*,*,#15389,.F.);
#15389 = EDGE_CURVE('',#15390,#15382,#15392,.T.);
#15390 = VERTEX_POINT('',#15391);
#15391 = CARTESIAN_POINT('',(-17.00000111267,12.549998735594,19.46));
#15392 = LINE('',#15393,#15394);
#15393 = CARTESIAN_POINT('',(-17.00000111267,12.549998735594,11.9));
#15394 = VECTOR('',#15395,1.);
#15395 = DIRECTION('',(0.,0.,-1.));
#15396 = ORIENTED_EDGE('',*,*,#15397,.F.);
#15397 = EDGE_CURVE('',#15398,#15390,#15400,.T.);
#15398 = VERTEX_POINT('',#15399);
#15399 = CARTESIAN_POINT('',(-4.500001112677,12.550000842937,19.46));
#15400 = LINE('',#15401,#15402);
#15401 = CARTESIAN_POINT('',(-17.25000111267,12.549998693448,19.46));
#15402 = VECTOR('',#15403,1.);
#15403 = DIRECTION('',(-1.,-1.6858739681E-07,0.));
#15404 = ORIENTED_EDGE('',*,*,#15405,.T.);
#15405 = EDGE_CURVE('',#15398,#15348,#15406,.T.);
#15406 = LINE('',#15407,#15408);
#15407 = CARTESIAN_POINT('',(-4.500001112677,12.550000842937,16.8));
#15408 = VECTOR('',#15409,1.);
#15409 = DIRECTION('',(2.2E-16,0.,1.));
#15410 = ORIENTED_EDGE('',*,*,#15347,.F.);
#15411 = PLANE('',#15412);
#15412 = AXIS2_PLACEMENT_3D('',#15413,#15414,#15415);
#15413 = CARTESIAN_POINT('',(-17.50000111267,12.549998651301,16.8));
#15414 = DIRECTION('',(1.6858739688E-07,-1.,0.));
#15415 = DIRECTION('',(2.2E-16,3.70892273136E-23,1.));
#15416 = ADVANCED_FACE('',(#15417),#15442,.T.);
#15417 = FACE_BOUND('',#15418,.T.);
#15418 = EDGE_LOOP('',(#15419,#15427,#15435,#15441));
#15419 = ORIENTED_EDGE('',*,*,#15420,.T.);
#15420 = EDGE_CURVE('',#14980,#15421,#15423,.T.);
#15421 = VERTEX_POINT('',#15422);
#15422 = CARTESIAN_POINT('',(-17.59999929109,1.744998634442,17.));
#15423 = LINE('',#15424,#15425);
#15424 = CARTESIAN_POINT('',(-17.49999929109,1.744998651301,17.));
#15425 = VECTOR('',#15426,1.);
#15426 = DIRECTION('',(-1.,-1.6858739681E-07,4.4E-16));
#15427 = ORIENTED_EDGE('',*,*,#15428,.T.);
#15428 = EDGE_CURVE('',#15421,#15429,#15431,.T.);
#15429 = VERTEX_POINT('',#15430);
#15430 = CARTESIAN_POINT('',(-17.60000004973,6.244998634442,17.));
#15431 = LINE('',#15432,#15433);
#15432 = CARTESIAN_POINT('',(-17.59999929109,1.744998634442,17.));
#15433 = VECTOR('',#15434,1.);
#15434 = DIRECTION('',(-1.6858739681E-07,1.,0.));
#15435 = ORIENTED_EDGE('',*,*,#15436,.F.);
#15436 = EDGE_CURVE('',#14982,#15429,#15437,.T.);
#15437 = LINE('',#15438,#15439);
#15438 = CARTESIAN_POINT('',(-17.50000004973,6.244998651301,17.));
#15439 = VECTOR('',#15440,1.);
#15440 = DIRECTION('',(-1.,-1.6858739681E-07,4.4E-16));
#15441 = ORIENTED_EDGE('',*,*,#14979,.F.);
#15442 = PLANE('',#15443);
#15443 = AXIS2_PLACEMENT_3D('',#15444,#15445,#15446);
#15444 = CARTESIAN_POINT('',(-17.49999929109,1.744998651301,17.));
#15445 = DIRECTION('',(-4.4E-16,-0.,-1.));
#15446 = DIRECTION('',(-1.6858739688E-07,1.,7.41784546272E-23));
#15447 = ADVANCED_FACE('',(#15448),#15466,.T.);
#15448 = FACE_BOUND('',#15449,.T.);
#15449 = EDGE_LOOP('',(#15450,#15458,#15459,#15460));
#15450 = ORIENTED_EDGE('',*,*,#15451,.T.);
#15451 = EDGE_CURVE('',#15452,#15421,#15454,.T.);
#15452 = VERTEX_POINT('',#15453);
#15453 = CARTESIAN_POINT('',(-17.59999929109,1.744998634442,19.4));
#15454 = LINE('',#15455,#15456);
#15455 = CARTESIAN_POINT('',(-17.59999929109,1.744998634442,19.2));
#15456 = VECTOR('',#15457,1.);
#15457 = DIRECTION('',(-6.7E-16,-0.,-1.));
#15458 = ORIENTED_EDGE('',*,*,#15420,.F.);
#15459 = ORIENTED_EDGE('',*,*,#14989,.F.);
#15460 = ORIENTED_EDGE('',*,*,#15461,.T.);
#15461 = EDGE_CURVE('',#14990,#15452,#15462,.T.);
#15462 = LINE('',#15463,#15464);
#15463 = CARTESIAN_POINT('',(-17.49999929109,1.744998651301,19.4));
#15464 = VECTOR('',#15465,1.);
#15465 = DIRECTION('',(-1.,-1.6858739681E-07,4.4E-16));
#15466 = PLANE('',#15467);
#15467 = AXIS2_PLACEMENT_3D('',#15468,#15469,#15470);
#15468 = CARTESIAN_POINT('',(-17.49999929109,1.744998651301,19.4));
#15469 = DIRECTION('',(1.6858739688E-07,-1.,0.));
#15470 = DIRECTION('',(-6.7E-16,-1.129535559096E-22,-1.));
#15471 = ADVANCED_FACE('',(#15472),#15490,.T.);
#15472 = FACE_BOUND('',#15473,.T.);
#15473 = EDGE_LOOP('',(#15474,#15482,#15488,#15489));
#15474 = ORIENTED_EDGE('',*,*,#15475,.T.);
#15475 = EDGE_CURVE('',#14998,#15476,#15478,.T.);
#15476 = VERTEX_POINT('',#15477);
#15477 = CARTESIAN_POINT('',(-17.60000004973,6.244998634442,19.4));
#15478 = LINE('',#15479,#15480);
#15479 = CARTESIAN_POINT('',(-17.50000004973,6.244998651301,19.4));
#15480 = VECTOR('',#15481,1.);
#15481 = DIRECTION('',(-1.,-1.6858739681E-07,4.4E-16));
#15482 = ORIENTED_EDGE('',*,*,#15483,.T.);
#15483 = EDGE_CURVE('',#15476,#15452,#15484,.T.);
#15484 = LINE('',#15485,#15486);
#15485 = CARTESIAN_POINT('',(-17.60000004973,6.244998634442,19.4));
#15486 = VECTOR('',#15487,1.);
#15487 = DIRECTION('',(1.6858739681E-07,-1.,0.));
#15488 = ORIENTED_EDGE('',*,*,#15461,.F.);
#15489 = ORIENTED_EDGE('',*,*,#14997,.F.);
#15490 = PLANE('',#15491);
#15491 = AXIS2_PLACEMENT_3D('',#15492,#15493,#15494);
#15492 = CARTESIAN_POINT('',(-17.50000004973,6.244998651301,19.4));
#15493 = DIRECTION('',(4.4E-16,0.,1.));
#15494 = DIRECTION('',(1.6858739688E-07,-1.,-7.41784546272E-23));
#15495 = ADVANCED_FACE('',(#15496),#15507,.T.);
#15496 = FACE_BOUND('',#15497,.T.);
#15497 = EDGE_LOOP('',(#15498,#15504,#15505,#15506));
#15498 = ORIENTED_EDGE('',*,*,#15499,.T.);
#15499 = EDGE_CURVE('',#15429,#15476,#15500,.T.);
#15500 = LINE('',#15501,#15502);
#15501 = CARTESIAN_POINT('',(-17.60000004973,6.244998634442,17.2));
#15502 = VECTOR('',#15503,1.);
#15503 = DIRECTION('',(6.7E-16,0.,1.));
#15504 = ORIENTED_EDGE('',*,*,#15475,.F.);
#15505 = ORIENTED_EDGE('',*,*,#15005,.F.);
#15506 = ORIENTED_EDGE('',*,*,#15436,.T.);
#15507 = PLANE('',#15508);
#15508 = AXIS2_PLACEMENT_3D('',#15509,#15510,#15511);
#15509 = CARTESIAN_POINT('',(-17.50000004973,6.244998651301,17.));
#15510 = DIRECTION('',(-1.6858739688E-07,1.,0.));
#15511 = DIRECTION('',(6.7E-16,1.129535559096E-22,1.));
#15512 = ADVANCED_FACE('',(#15513),#15538,.T.);
#15513 = FACE_BOUND('',#15514,.T.);
#15514 = EDGE_LOOP('',(#15515,#15525,#15531,#15532));
#15515 = ORIENTED_EDGE('',*,*,#15516,.T.);
#15516 = EDGE_CURVE('',#15517,#15519,#15521,.T.);
#15517 = VERTEX_POINT('',#15518);
#15518 = CARTESIAN_POINT('',(-17.80000118095,12.954998600725,17.2));
#15519 = VERTEX_POINT('',#15520);
#15520 = CARTESIAN_POINT('',(-17.80000187216,17.054998600724,17.2));
#15521 = LINE('',#15522,#15523);
#15522 = CARTESIAN_POINT('',(-17.80000114723,12.754998600725,17.2));
#15523 = VECTOR('',#15524,1.);
#15524 = DIRECTION('',(-1.6858739681E-07,1.,0.));
#15525 = ORIENTED_EDGE('',*,*,#15526,.T.);
#15526 = EDGE_CURVE('',#15519,#15045,#15527,.T.);
#15527 = LINE('',#15528,#15529);
#15528 = CARTESIAN_POINT('',(-18.45000176258,16.404998491143,17.85));
#15529 = VECTOR('',#15530,1.);
#15530 = DIRECTION('',(0.577350171856,0.577350366524,-0.57735026919));
#15531 = ORIENTED_EDGE('',*,*,#15044,.F.);
#15532 = ORIENTED_EDGE('',*,*,#15533,.F.);
#15533 = EDGE_CURVE('',#15517,#15037,#15534,.T.);
#15534 = LINE('',#15535,#15536);
#15535 = CARTESIAN_POINT('',(-18.03333455362,13.18833189472,
    17.433333333333));
#15536 = VECTOR('',#15537,1.);
#15537 = DIRECTION('',(0.577350366524,-0.577350171856,-0.57735026919));
#15538 = PLANE('',#15539);
#15539 = AXIS2_PLACEMENT_3D('',#15540,#15541,#15542);
#15540 = CARTESIAN_POINT('',(-17.70000114723,12.754998617583,17.1));
#15541 = DIRECTION('',(-0.707106781187,-1.1920929155E-07,-0.707106781187
    ));
#15542 = DIRECTION('',(-1.685873968754E-07,1.,4.551412428063E-18));
#15543 = ADVANCED_FACE('',(#15544),#15562,.T.);
#15544 = FACE_BOUND('',#15545,.T.);
#15545 = EDGE_LOOP('',(#15546,#15554,#15560,#15561));
#15546 = ORIENTED_EDGE('',*,*,#15547,.F.);
#15547 = EDGE_CURVE('',#15548,#15068,#15550,.T.);
#15548 = VERTEX_POINT('',#15549);
#15549 = CARTESIAN_POINT('',(-17.80000118095,12.954998600725,19.2));
#15550 = LINE('',#15551,#15552);
#15551 = CARTESIAN_POINT('',(-18.45000129053,13.604998491143,18.55));
#15552 = VECTOR('',#15553,1.);
#15553 = DIRECTION('',(0.577350366524,-0.577350171856,0.57735026919));
#15554 = ORIENTED_EDGE('',*,*,#15555,.T.);
#15555 = EDGE_CURVE('',#15548,#15517,#15556,.T.);
#15556 = LINE('',#15557,#15558);
#15557 = CARTESIAN_POINT('',(-17.80000118095,12.954998600725,19.2));
#15558 = VECTOR('',#15559,1.);
#15559 = DIRECTION('',(-6.7E-16,-0.,-1.));
#15560 = ORIENTED_EDGE('',*,*,#15533,.T.);
#15561 = ORIENTED_EDGE('',*,*,#15067,.F.);
#15562 = PLANE('',#15563);
#15563 = AXIS2_PLACEMENT_3D('',#15564,#15565,#15566);
#15564 = CARTESIAN_POINT('',(-17.70000116409,12.854998617583,19.2));
#15565 = DIRECTION('',(-0.707106661977,-0.707106900396,4.7E-16));
#15566 = DIRECTION('',(-6.67340244083E-16,2.659756813843E-18,-1.));
#15567 = ADVANCED_FACE('',(#15568),#15586,.T.);
#15568 = FACE_BOUND('',#15569,.F.);
#15569 = EDGE_LOOP('',(#15570,#15578,#15584,#15585));
#15570 = ORIENTED_EDGE('',*,*,#15571,.F.);
#15571 = EDGE_CURVE('',#15572,#15548,#15574,.T.);
#15572 = VERTEX_POINT('',#15573);
#15573 = CARTESIAN_POINT('',(-17.80000187216,17.054998600724,19.2));
#15574 = LINE('',#15575,#15576);
#15575 = CARTESIAN_POINT('',(-17.80000190588,17.254998600724,19.2));
#15576 = VECTOR('',#15577,1.);
#15577 = DIRECTION('',(1.6858739681E-07,-1.,0.));
#15578 = ORIENTED_EDGE('',*,*,#15579,.T.);
#15579 = EDGE_CURVE('',#15572,#15092,#15580,.T.);
#15580 = LINE('',#15581,#15582);
#15581 = CARTESIAN_POINT('',(-18.03333516615,16.821665228054,
    18.966666666667));
#15582 = VECTOR('',#15583,1.);
#15583 = DIRECTION('',(0.577350171856,0.577350366524,0.57735026919));
#15584 = ORIENTED_EDGE('',*,*,#15099,.T.);
#15585 = ORIENTED_EDGE('',*,*,#15547,.F.);
#15586 = PLANE('',#15587);
#15587 = AXIS2_PLACEMENT_3D('',#15588,#15589,#15590);
#15588 = CARTESIAN_POINT('',(-17.70000190588,17.254998617583,19.3));
#15589 = DIRECTION('',(-0.707106781187,-1.1920929155E-07,0.707106781187)
  );
#15590 = DIRECTION('',(-1.685873968754E-07,1.,-4.551412428063E-18));
#15591 = ADVANCED_FACE('',(#15592),#15603,.T.);
#15592 = FACE_BOUND('',#15593,.T.);
#15593 = EDGE_LOOP('',(#15594,#15595,#15601,#15602));
#15594 = ORIENTED_EDGE('',*,*,#15526,.F.);
#15595 = ORIENTED_EDGE('',*,*,#15596,.T.);
#15596 = EDGE_CURVE('',#15519,#15572,#15597,.T.);
#15597 = LINE('',#15598,#15599);
#15598 = CARTESIAN_POINT('',(-17.80000187216,17.054998600724,17.2));
#15599 = VECTOR('',#15600,1.);
#15600 = DIRECTION('',(6.7E-16,0.,1.));
#15601 = ORIENTED_EDGE('',*,*,#15579,.T.);
#15602 = ORIENTED_EDGE('',*,*,#15115,.F.);
#15603 = PLANE('',#15604);
#15604 = AXIS2_PLACEMENT_3D('',#15605,#15606,#15607);
#15605 = CARTESIAN_POINT('',(-17.70000188902,17.154998617583,17.2));
#15606 = DIRECTION('',(-0.707106900396,0.707106661977,4.7E-16));
#15607 = DIRECTION('',(6.623401319183E-16,-2.340131129226E-18,1.));
#15608 = ADVANCED_FACE('',(#15609),#15638,.F.);
#15609 = FACE_BOUND('',#15610,.F.);
#15610 = EDGE_LOOP('',(#15611,#15612,#15620,#15628,#15634,#15635,#15636,
    #15637));
#15611 = ORIENTED_EDGE('',*,*,#15141,.F.);
#15612 = ORIENTED_EDGE('',*,*,#15613,.F.);
#15613 = EDGE_CURVE('',#15614,#15142,#15616,.T.);
#15614 = VERTEX_POINT('',#15615);
#15615 = CARTESIAN_POINT('',(-17.00000157713,15.304998735594,9.05));
#15616 = LINE('',#15617,#15618);
#15617 = CARTESIAN_POINT('',(-17.00000157713,15.304998735594,9.05));
#15618 = VECTOR('',#15619,1.);
#15619 = DIRECTION('',(2.2E-16,0.,1.));
#15620 = ORIENTED_EDGE('',*,*,#15621,.F.);
#15621 = EDGE_CURVE('',#15622,#15614,#15624,.T.);
#15622 = VERTEX_POINT('',#15623);
#15623 = CARTESIAN_POINT('',(-16.99999961983,3.694998735595,9.05));
#15624 = LINE('',#15625,#15626);
#15625 = CARTESIAN_POINT('',(-16.99999961983,3.694998735595,9.05));
#15626 = VECTOR('',#15627,1.);
#15627 = DIRECTION('',(-1.6858739681E-07,1.,0.));
#15628 = ORIENTED_EDGE('',*,*,#15629,.F.);
#15629 = EDGE_CURVE('',#15269,#15622,#15630,.T.);
#15630 = LINE('',#15631,#15632);
#15631 = CARTESIAN_POINT('',(-16.99999961983,3.694998735595,17.25));
#15632 = VECTOR('',#15633,1.);
#15633 = DIRECTION('',(-2.2E-16,-0.,-1.));
#15634 = ORIENTED_EDGE('',*,*,#15276,.F.);
#15635 = ORIENTED_EDGE('',*,*,#15236,.F.);
#15636 = ORIENTED_EDGE('',*,*,#15212,.F.);
#15637 = ORIENTED_EDGE('',*,*,#15188,.F.);
#15638 = PLANE('',#15639);
#15639 = AXIS2_PLACEMENT_3D('',#15640,#15641,#15642);
#15640 = CARTESIAN_POINT('',(-17.00000190588,17.254998735594,7.));
#15641 = DIRECTION('',(1.,1.6858739688E-07,0.));
#15642 = DIRECTION('',(1.6858739688E-07,-1.,0.));
#15643 = ADVANCED_FACE('',(#15644),#15662,.T.);
#15644 = FACE_BOUND('',#15645,.T.);
#15645 = EDGE_LOOP('',(#15646,#15647,#15655,#15661));
#15646 = ORIENTED_EDGE('',*,*,#15613,.F.);
#15647 = ORIENTED_EDGE('',*,*,#15648,.T.);
#15648 = EDGE_CURVE('',#15614,#15649,#15651,.T.);
#15649 = VERTEX_POINT('',#15650);
#15650 = CARTESIAN_POINT('',(-7.000001577135,15.305000421468,9.05));
#15651 = LINE('',#15652,#15653);
#15652 = CARTESIAN_POINT('',(-17.00000157713,15.304998735594,9.05));
#15653 = VECTOR('',#15654,1.);
#15654 = DIRECTION('',(1.,1.6858739681E-07,-2.2E-16));
#15655 = ORIENTED_EDGE('',*,*,#15656,.T.);
#15656 = EDGE_CURVE('',#15649,#15150,#15657,.T.);
#15657 = LINE('',#15658,#15659);
#15658 = CARTESIAN_POINT('',(-7.000001577135,15.305000421468,9.05));
#15659 = VECTOR('',#15660,1.);
#15660 = DIRECTION('',(2.2E-16,0.,1.));
#15661 = ORIENTED_EDGE('',*,*,#15149,.F.);
#15662 = PLANE('',#15663);
#15663 = AXIS2_PLACEMENT_3D('',#15664,#15665,#15666);
#15664 = CARTESIAN_POINT('',(-17.00000157713,15.304998735594,9.05));
#15665 = DIRECTION('',(1.6858739688E-07,-1.,0.));
#15666 = DIRECTION('',(2.2E-16,3.70892273136E-23,1.));
#15667 = ADVANCED_FACE('',(#15668,#15727,#15761,#15795,#15829,#15863,
    #15897,#15931,#15965),#15999,.T.);
#15668 = FACE_BOUND('',#15669,.T.);
#15669 = EDGE_LOOP('',(#15670,#15671,#15679,#15685,#15686,#15687,#15695,
    #15703,#15711,#15719,#15725,#15726));
#15670 = ORIENTED_EDGE('',*,*,#15656,.F.);
#15671 = ORIENTED_EDGE('',*,*,#15672,.F.);
#15672 = EDGE_CURVE('',#15673,#15649,#15675,.T.);
#15673 = VERTEX_POINT('',#15674);
#15674 = CARTESIAN_POINT('',(-6.999999619835,3.695000421469,9.05));
#15675 = LINE('',#15676,#15677);
#15676 = CARTESIAN_POINT('',(-6.999999619835,3.695000421469,9.05));
#15677 = VECTOR('',#15678,1.);
#15678 = DIRECTION('',(-1.6858739681E-07,1.,0.));
#15679 = ORIENTED_EDGE('',*,*,#15680,.F.);
#15680 = EDGE_CURVE('',#15261,#15673,#15681,.T.);
#15681 = LINE('',#15682,#15683);
#15682 = CARTESIAN_POINT('',(-6.999999619835,3.695000421469,17.25));
#15683 = VECTOR('',#15684,1.);
#15684 = DIRECTION('',(-2.2E-16,-0.,-1.));
#15685 = ORIENTED_EDGE('',*,*,#15260,.F.);
#15686 = ORIENTED_EDGE('',*,*,#15332,.F.);
#15687 = ORIENTED_EDGE('',*,*,#15688,.F.);
#15688 = EDGE_CURVE('',#15689,#15325,#15691,.T.);
#15689 = VERTEX_POINT('',#15690);
#15690 = CARTESIAN_POINT('',(-7.000000092723,6.500000421468,17.25));
#15691 = LINE('',#15692,#15693);
#15692 = CARTESIAN_POINT('',(-7.000000092723,6.500000421468,17.25));
#15693 = VECTOR('',#15694,1.);
#15694 = DIRECTION('',(1.6858739681E-07,-1.,0.));
#15695 = ORIENTED_EDGE('',*,*,#15696,.F.);
#15696 = EDGE_CURVE('',#15697,#15689,#15699,.T.);
#15697 = VERTEX_POINT('',#15698);
#15698 = CARTESIAN_POINT('',(-7.000000092723,6.500000421468,19.41));
#15699 = LINE('',#15700,#15701);
#15700 = CARTESIAN_POINT('',(-7.000000092723,6.500000421468,19.41));
#15701 = VECTOR('',#15702,1.);
#15702 = DIRECTION('',(-2.2E-16,-0.,-1.));
#15703 = ORIENTED_EDGE('',*,*,#15704,.F.);
#15704 = EDGE_CURVE('',#15705,#15697,#15707,.T.);
#15705 = VERTEX_POINT('',#15706);
#15706 = CARTESIAN_POINT('',(-7.000001104247,12.500000421468,19.41));
#15707 = LINE('',#15708,#15709);
#15708 = CARTESIAN_POINT('',(-7.000001104247,12.500000421468,19.41));
#15709 = VECTOR('',#15710,1.);
#15710 = DIRECTION('',(1.6858739681E-07,-1.,0.));
#15711 = ORIENTED_EDGE('',*,*,#15712,.F.);
#15712 = EDGE_CURVE('',#15713,#15705,#15715,.T.);
#15713 = VERTEX_POINT('',#15714);
#15714 = CARTESIAN_POINT('',(-7.000001104247,12.500000421468,17.25));
#15715 = LINE('',#15716,#15717);
#15716 = CARTESIAN_POINT('',(-7.000001104247,12.500000421468,17.25));
#15717 = VECTOR('',#15718,1.);
#15718 = DIRECTION('',(2.2E-16,0.,1.));
#15719 = ORIENTED_EDGE('',*,*,#15720,.F.);
#15720 = EDGE_CURVE('',#15374,#15713,#15721,.T.);
#15721 = LINE('',#15722,#15723);
#15722 = CARTESIAN_POINT('',(-7.000001577135,15.305000421468,17.25));
#15723 = VECTOR('',#15724,1.);
#15724 = DIRECTION('',(1.6858739681E-07,-1.,0.));
#15725 = ORIENTED_EDGE('',*,*,#15373,.F.);
#15726 = ORIENTED_EDGE('',*,*,#15157,.F.);
#15727 = FACE_BOUND('',#15728,.T.);
#15728 = EDGE_LOOP('',(#15729,#15739,#15747,#15755));
#15729 = ORIENTED_EDGE('',*,*,#15730,.F.);
#15730 = EDGE_CURVE('',#15731,#15733,#15735,.T.);
#15731 = VERTEX_POINT('',#15732);
#15732 = CARTESIAN_POINT('',(-6.999999815397,4.855000421469,
    14.667047035301));
#15733 = VERTEX_POINT('',#15734);
#15734 = CARTESIAN_POINT('',(-6.999999815397,4.855000421469,
    14.964687332487));
#15735 = LINE('',#15736,#15737);
#15736 = CARTESIAN_POINT('',(-6.999999815397,4.855000421469,7.775));
#15737 = VECTOR('',#15738,1.);
#15738 = DIRECTION('',(2.2E-16,1.1E-16,1.));
#15739 = ORIENTED_EDGE('',*,*,#15740,.T.);
#15740 = EDGE_CURVE('',#15731,#15741,#15743,.T.);
#15741 = VERTEX_POINT('',#15742);
#15742 = CARTESIAN_POINT('',(-6.999999882832,5.255000421469,
    14.667047035301));
#15743 = LINE('',#15744,#15745);
#15744 = CARTESIAN_POINT('',(-7.000000729983,10.280000421468,
    14.667047035301));
#15745 = VECTOR('',#15746,1.);
#15746 = DIRECTION('',(-1.6858739681E-07,1.,-2.3E-16));
#15747 = ORIENTED_EDGE('',*,*,#15748,.T.);
#15748 = EDGE_CURVE('',#15741,#15749,#15751,.T.);
#15749 = VERTEX_POINT('',#15750);
#15750 = CARTESIAN_POINT('',(-6.999999882832,5.255000421469,
    14.964687332487));
#15751 = LINE('',#15752,#15753);
#15752 = CARTESIAN_POINT('',(-6.999999882832,5.255000421469,7.775));
#15753 = VECTOR('',#15754,1.);
#15754 = DIRECTION('',(2.2E-16,1.1E-16,1.));
#15755 = ORIENTED_EDGE('',*,*,#15756,.T.);
#15756 = EDGE_CURVE('',#15749,#15733,#15757,.T.);
#15757 = LINE('',#15758,#15759);
#15758 = CARTESIAN_POINT('',(-7.000000729983,10.280000421468,
    14.964687332487));
#15759 = VECTOR('',#15760,1.);
#15760 = DIRECTION('',(1.6858739681E-07,-1.,2.3E-16));
#15761 = FACE_BOUND('',#15762,.T.);
#15762 = EDGE_LOOP('',(#15763,#15773,#15781,#15789));
#15763 = ORIENTED_EDGE('',*,*,#15764,.F.);
#15764 = EDGE_CURVE('',#15765,#15767,#15769,.T.);
#15765 = VERTEX_POINT('',#15766);
#15766 = CARTESIAN_POINT('',(-7.000000029503,6.125000421468,
    14.667047035301));
#15767 = VERTEX_POINT('',#15768);
#15768 = CARTESIAN_POINT('',(-7.000000029503,6.125000421468,
    14.964687332487));
#15769 = LINE('',#15770,#15771);
#15770 = CARTESIAN_POINT('',(-7.000000029503,6.125000421468,7.775));
#15771 = VECTOR('',#15772,1.);
#15772 = DIRECTION('',(2.2E-16,1.1E-16,1.));
#15773 = ORIENTED_EDGE('',*,*,#15774,.T.);
#15774 = EDGE_CURVE('',#15765,#15775,#15777,.T.);
#15775 = VERTEX_POINT('',#15776);
#15776 = CARTESIAN_POINT('',(-7.000000096938,6.525000421468,
    14.667047035301));
#15777 = LINE('',#15778,#15779);
#15778 = CARTESIAN_POINT('',(-7.000000837036,10.915000421468,
    14.667047035301));
#15779 = VECTOR('',#15780,1.);
#15780 = DIRECTION('',(-1.6858739681E-07,1.,-2.3E-16));
#15781 = ORIENTED_EDGE('',*,*,#15782,.T.);
#15782 = EDGE_CURVE('',#15775,#15783,#15785,.T.);
#15783 = VERTEX_POINT('',#15784);
#15784 = CARTESIAN_POINT('',(-7.000000096938,6.525000421468,
    14.964687332487));
#15785 = LINE('',#15786,#15787);
#15786 = CARTESIAN_POINT('',(-7.000000096938,6.525000421468,7.775));
#15787 = VECTOR('',#15788,1.);
#15788 = DIRECTION('',(2.2E-16,1.1E-16,1.));
#15789 = ORIENTED_EDGE('',*,*,#15790,.T.);
#15790 = EDGE_CURVE('',#15783,#15767,#15791,.T.);
#15791 = LINE('',#15792,#15793);
#15792 = CARTESIAN_POINT('',(-7.000000837036,10.915000421468,
    14.964687332487));
#15793 = VECTOR('',#15794,1.);
#15794 = DIRECTION('',(1.6858739681E-07,-1.,2.3E-16));
#15795 = FACE_BOUND('',#15796,.T.);
#15796 = EDGE_LOOP('',(#15797,#15807,#15815,#15823));
#15797 = ORIENTED_EDGE('',*,*,#15798,.F.);
#15798 = EDGE_CURVE('',#15799,#15801,#15803,.T.);
#15799 = VERTEX_POINT('',#15800);
#15800 = CARTESIAN_POINT('',(-7.000000243609,7.395000421468,
    14.667047035301));
#15801 = VERTEX_POINT('',#15802);
#15802 = CARTESIAN_POINT('',(-7.000000243609,7.395000421468,
    14.964687332487));
#15803 = LINE('',#15804,#15805);
#15804 = CARTESIAN_POINT('',(-7.000000243609,7.395000421468,7.775));
#15805 = VECTOR('',#15806,1.);
#15806 = DIRECTION('',(2.2E-16,1.1E-16,1.));
#15807 = ORIENTED_EDGE('',*,*,#15808,.T.);
#15808 = EDGE_CURVE('',#15799,#15809,#15811,.T.);
#15809 = VERTEX_POINT('',#15810);
#15810 = CARTESIAN_POINT('',(-7.000000311044,7.795000421468,
    14.667047035301));
#15811 = LINE('',#15812,#15813);
#15812 = CARTESIAN_POINT('',(-7.000000944089,11.550000421468,
    14.667047035301));
#15813 = VECTOR('',#15814,1.);
#15814 = DIRECTION('',(-1.6858739681E-07,1.,-2.3E-16));
#15815 = ORIENTED_EDGE('',*,*,#15816,.T.);
#15816 = EDGE_CURVE('',#15809,#15817,#15819,.T.);
#15817 = VERTEX_POINT('',#15818);
#15818 = CARTESIAN_POINT('',(-7.000000311044,7.795000421468,
    14.964687332487));
#15819 = LINE('',#15820,#15821);
#15820 = CARTESIAN_POINT('',(-7.000000311044,7.795000421468,7.775));
#15821 = VECTOR('',#15822,1.);
#15822 = DIRECTION('',(2.2E-16,1.1E-16,1.));
#15823 = ORIENTED_EDGE('',*,*,#15824,.T.);
#15824 = EDGE_CURVE('',#15817,#15801,#15825,.T.);
#15825 = LINE('',#15826,#15827);
#15826 = CARTESIAN_POINT('',(-7.000000944089,11.550000421468,
    14.964687332487));
#15827 = VECTOR('',#15828,1.);
#15828 = DIRECTION('',(1.6858739681E-07,-1.,2.3E-16));
#15829 = FACE_BOUND('',#15830,.T.);
#15830 = EDGE_LOOP('',(#15831,#15841,#15849,#15857));
#15831 = ORIENTED_EDGE('',*,*,#15832,.F.);
#15832 = EDGE_CURVE('',#15833,#15835,#15837,.T.);
#15833 = VERTEX_POINT('',#15834);
#15834 = CARTESIAN_POINT('',(-7.000000671821,9.935000421468,
    14.667047035301));
#15835 = VERTEX_POINT('',#15836);
#15836 = CARTESIAN_POINT('',(-7.000000671821,9.935000421468,
    14.964687332487));
#15837 = LINE('',#15838,#15839);
#15838 = CARTESIAN_POINT('',(-7.000000671821,9.935000421468,7.775));
#15839 = VECTOR('',#15840,1.);
#15840 = DIRECTION('',(2.2E-16,1.1E-16,1.));
#15841 = ORIENTED_EDGE('',*,*,#15842,.T.);
#15842 = EDGE_CURVE('',#15833,#15843,#15845,.T.);
#15843 = VERTEX_POINT('',#15844);
#15844 = CARTESIAN_POINT('',(-7.000000739256,10.335000421468,
    14.667047035301));
#15845 = LINE('',#15846,#15847);
#15846 = CARTESIAN_POINT('',(-7.000001158195,12.820000421468,
    14.667047035301));
#15847 = VECTOR('',#15848,1.);
#15848 = DIRECTION('',(-1.6858739681E-07,1.,-2.3E-16));
#15849 = ORIENTED_EDGE('',*,*,#15850,.T.);
#15850 = EDGE_CURVE('',#15843,#15851,#15853,.T.);
#15851 = VERTEX_POINT('',#15852);
#15852 = CARTESIAN_POINT('',(-7.000000739256,10.335000421468,
    14.964687332487));
#15853 = LINE('',#15854,#15855);
#15854 = CARTESIAN_POINT('',(-7.000000739256,10.335000421468,7.775));
#15855 = VECTOR('',#15856,1.);
#15856 = DIRECTION('',(2.2E-16,1.1E-16,1.));
#15857 = ORIENTED_EDGE('',*,*,#15858,.T.);
#15858 = EDGE_CURVE('',#15851,#15835,#15859,.T.);
#15859 = LINE('',#15860,#15861);
#15860 = CARTESIAN_POINT('',(-7.000001158195,12.820000421468,
    14.964687332487));
#15861 = VECTOR('',#15862,1.);
#15862 = DIRECTION('',(1.6858739681E-07,-1.,2.3E-16));
#15863 = FACE_BOUND('',#15864,.T.);
#15864 = EDGE_LOOP('',(#15865,#15875,#15883,#15891));
#15865 = ORIENTED_EDGE('',*,*,#15866,.F.);
#15866 = EDGE_CURVE('',#15867,#15869,#15871,.T.);
#15867 = VERTEX_POINT('',#15868);
#15868 = CARTESIAN_POINT('',(-7.000000457715,8.665000421468,
    14.667047035301));
#15869 = VERTEX_POINT('',#15870);
#15870 = CARTESIAN_POINT('',(-7.000000457715,8.665000421468,
    14.964687332487));
#15871 = LINE('',#15872,#15873);
#15872 = CARTESIAN_POINT('',(-7.000000457715,8.665000421468,7.775));
#15873 = VECTOR('',#15874,1.);
#15874 = DIRECTION('',(2.2E-16,1.1E-16,1.));
#15875 = ORIENTED_EDGE('',*,*,#15876,.T.);
#15876 = EDGE_CURVE('',#15867,#15877,#15879,.T.);
#15877 = VERTEX_POINT('',#15878);
#15878 = CARTESIAN_POINT('',(-7.00000052515,9.065000421468,
    14.667047035301));
#15879 = LINE('',#15880,#15881);
#15880 = CARTESIAN_POINT('',(-7.000001051142,12.185000421468,
    14.667047035301));
#15881 = VECTOR('',#15882,1.);
#15882 = DIRECTION('',(-1.6858739681E-07,1.,-2.3E-16));
#15883 = ORIENTED_EDGE('',*,*,#15884,.T.);
#15884 = EDGE_CURVE('',#15877,#15885,#15887,.T.);
#15885 = VERTEX_POINT('',#15886);
#15886 = CARTESIAN_POINT('',(-7.00000052515,9.065000421468,
    14.964687332487));
#15887 = LINE('',#15888,#15889);
#15888 = CARTESIAN_POINT('',(-7.00000052515,9.065000421468,7.775));
#15889 = VECTOR('',#15890,1.);
#15890 = DIRECTION('',(2.2E-16,1.1E-16,1.));
#15891 = ORIENTED_EDGE('',*,*,#15892,.T.);
#15892 = EDGE_CURVE('',#15885,#15869,#15893,.T.);
#15893 = LINE('',#15894,#15895);
#15894 = CARTESIAN_POINT('',(-7.000001051142,12.185000421468,
    14.964687332487));
#15895 = VECTOR('',#15896,1.);
#15896 = DIRECTION('',(1.6858739681E-07,-1.,2.3E-16));
#15897 = FACE_BOUND('',#15898,.T.);
#15898 = EDGE_LOOP('',(#15899,#15909,#15917,#15925));
#15899 = ORIENTED_EDGE('',*,*,#15900,.F.);
#15900 = EDGE_CURVE('',#15901,#15903,#15905,.T.);
#15901 = VERTEX_POINT('',#15902);
#15902 = CARTESIAN_POINT('',(-7.000000885927,11.205000421468,
    14.667047035301));
#15903 = VERTEX_POINT('',#15904);
#15904 = CARTESIAN_POINT('',(-7.000000885927,11.205000421468,
    14.964687332487));
#15905 = LINE('',#15906,#15907);
#15906 = CARTESIAN_POINT('',(-7.000000885927,11.205000421468,7.775));
#15907 = VECTOR('',#15908,1.);
#15908 = DIRECTION('',(2.2E-16,1.1E-16,1.));
#15909 = ORIENTED_EDGE('',*,*,#15910,.T.);
#15910 = EDGE_CURVE('',#15901,#15911,#15913,.T.);
#15911 = VERTEX_POINT('',#15912);
#15912 = CARTESIAN_POINT('',(-7.000000953362,11.605000421468,
    14.667047035301));
#15913 = LINE('',#15914,#15915);
#15914 = CARTESIAN_POINT('',(-7.000001265248,13.455000421468,
    14.667047035301));
#15915 = VECTOR('',#15916,1.);
#15916 = DIRECTION('',(-1.6858739681E-07,1.,-2.3E-16));
#15917 = ORIENTED_EDGE('',*,*,#15918,.T.);
#15918 = EDGE_CURVE('',#15911,#15919,#15921,.T.);
#15919 = VERTEX_POINT('',#15920);
#15920 = CARTESIAN_POINT('',(-7.000000953362,11.605000421468,
    14.964687332487));
#15921 = LINE('',#15922,#15923);
#15922 = CARTESIAN_POINT('',(-7.000000953362,11.605000421468,7.775));
#15923 = VECTOR('',#15924,1.);
#15924 = DIRECTION('',(2.2E-16,1.1E-16,1.));
#15925 = ORIENTED_EDGE('',*,*,#15926,.T.);
#15926 = EDGE_CURVE('',#15919,#15903,#15927,.T.);
#15927 = LINE('',#15928,#15929);
#15928 = CARTESIAN_POINT('',(-7.000001265248,13.455000421468,
    14.964687332487));
#15929 = VECTOR('',#15930,1.);
#15930 = DIRECTION('',(1.6858739681E-07,-1.,2.3E-16));
#15931 = FACE_BOUND('',#15932,.T.);
#15932 = EDGE_LOOP('',(#15933,#15943,#15951,#15959));
#15933 = ORIENTED_EDGE('',*,*,#15934,.T.);
#15934 = EDGE_CURVE('',#15935,#15937,#15939,.T.);
#15935 = VERTEX_POINT('',#15936);
#15936 = CARTESIAN_POINT('',(-7.000001167468,12.875000421468,
    14.667047035301));
#15937 = VERTEX_POINT('',#15938);
#15938 = CARTESIAN_POINT('',(-7.000001167468,12.875000421468,
    14.964687332487));
#15939 = LINE('',#15940,#15941);
#15940 = CARTESIAN_POINT('',(-7.000001167468,12.875000421468,7.775));
#15941 = VECTOR('',#15942,1.);
#15942 = DIRECTION('',(2.2E-16,1.1E-16,1.));
#15943 = ORIENTED_EDGE('',*,*,#15944,.T.);
#15944 = EDGE_CURVE('',#15937,#15945,#15947,.T.);
#15945 = VERTEX_POINT('',#15946);
#15946 = CARTESIAN_POINT('',(-7.000001100033,12.475000421468,
    14.964687332487));
#15947 = LINE('',#15948,#15949);
#15948 = CARTESIAN_POINT('',(-7.000001372301,14.090000421468,
    14.964687332487));
#15949 = VECTOR('',#15950,1.);
#15950 = DIRECTION('',(1.6858739681E-07,-1.,2.3E-16));
#15951 = ORIENTED_EDGE('',*,*,#15952,.F.);
#15952 = EDGE_CURVE('',#15953,#15945,#15955,.T.);
#15953 = VERTEX_POINT('',#15954);
#15954 = CARTESIAN_POINT('',(-7.000001100033,12.475000421468,
    14.667047035301));
#15955 = LINE('',#15956,#15957);
#15956 = CARTESIAN_POINT('',(-7.000001100033,12.475000421468,7.775));
#15957 = VECTOR('',#15958,1.);
#15958 = DIRECTION('',(2.2E-16,1.1E-16,1.));
#15959 = ORIENTED_EDGE('',*,*,#15960,.T.);
#15960 = EDGE_CURVE('',#15953,#15935,#15961,.T.);
#15961 = LINE('',#15962,#15963);
#15962 = CARTESIAN_POINT('',(-7.000001372301,14.090000421468,
    14.667047035301));
#15963 = VECTOR('',#15964,1.);
#15964 = DIRECTION('',(-1.6858739681E-07,1.,-2.3E-16));
#15965 = FACE_BOUND('',#15966,.T.);
#15966 = EDGE_LOOP('',(#15967,#15977,#15985,#15993));
#15967 = ORIENTED_EDGE('',*,*,#15968,.F.);
#15968 = EDGE_CURVE('',#15969,#15971,#15973,.T.);
#15969 = VERTEX_POINT('',#15970);
#15970 = CARTESIAN_POINT('',(-7.000001314139,13.745000421468,
    14.667047035301));
#15971 = VERTEX_POINT('',#15972);
#15972 = CARTESIAN_POINT('',(-7.000001314139,13.745000421468,
    14.964687332487));
#15973 = LINE('',#15974,#15975);
#15974 = CARTESIAN_POINT('',(-7.000001314139,13.745000421468,7.775));
#15975 = VECTOR('',#15976,1.);
#15976 = DIRECTION('',(2.2E-16,1.1E-16,1.));
#15977 = ORIENTED_EDGE('',*,*,#15978,.T.);
#15978 = EDGE_CURVE('',#15969,#15979,#15981,.T.);
#15979 = VERTEX_POINT('',#15980);
#15980 = CARTESIAN_POINT('',(-7.000001381574,14.145000421468,
    14.667047035301));
#15981 = LINE('',#15982,#15983);
#15982 = CARTESIAN_POINT('',(-7.000001479354,14.725000421468,
    14.667047035301));
#15983 = VECTOR('',#15984,1.);
#15984 = DIRECTION('',(-1.6858739681E-07,1.,-2.3E-16));
#15985 = ORIENTED_EDGE('',*,*,#15986,.T.);
#15986 = EDGE_CURVE('',#15979,#15987,#15989,.T.);
#15987 = VERTEX_POINT('',#15988);
#15988 = CARTESIAN_POINT('',(-7.000001381574,14.145000421468,
    14.964687332487));
#15989 = LINE('',#15990,#15991);
#15990 = CARTESIAN_POINT('',(-7.000001381574,14.145000421468,7.775));
#15991 = VECTOR('',#15992,1.);
#15992 = DIRECTION('',(2.2E-16,1.1E-16,1.));
#15993 = ORIENTED_EDGE('',*,*,#15994,.T.);
#15994 = EDGE_CURVE('',#15987,#15971,#15995,.T.);
#15995 = LINE('',#15996,#15997);
#15996 = CARTESIAN_POINT('',(-7.000001479354,14.725000421468,
    14.964687332487));
#15997 = VECTOR('',#15998,1.);
#15998 = DIRECTION('',(1.6858739681E-07,-1.,2.3E-16));
#15999 = PLANE('',#16000);
#16000 = AXIS2_PLACEMENT_3D('',#16001,#16002,#16003);
#16001 = CARTESIAN_POINT('',(-7.000001577135,15.305000421468,9.05));
#16002 = DIRECTION('',(-1.,-1.6858739688E-07,2.2E-16));
#16003 = DIRECTION('',(-2.2E-16,-5.2897245787E-37,-1.));
#16004 = ADVANCED_FACE('',(#16005),#16016,.T.);
#16005 = FACE_BOUND('',#16006,.T.);
#16006 = EDGE_LOOP('',(#16007,#16008,#16009,#16010));
#16007 = ORIENTED_EDGE('',*,*,#15629,.F.);
#16008 = ORIENTED_EDGE('',*,*,#15268,.F.);
#16009 = ORIENTED_EDGE('',*,*,#15680,.T.);
#16010 = ORIENTED_EDGE('',*,*,#16011,.F.);
#16011 = EDGE_CURVE('',#15622,#15673,#16012,.T.);
#16012 = LINE('',#16013,#16014);
#16013 = CARTESIAN_POINT('',(-16.99999961983,3.694998735595,9.05));
#16014 = VECTOR('',#16015,1.);
#16015 = DIRECTION('',(1.,1.6858739681E-07,-2.2E-16));
#16016 = PLANE('',#16017);
#16017 = AXIS2_PLACEMENT_3D('',#16018,#16019,#16020);
#16018 = CARTESIAN_POINT('',(-16.99999961983,3.694998735595,17.25));
#16019 = DIRECTION('',(-1.6858739688E-07,1.,0.));
#16020 = DIRECTION('',(-2.2E-16,-3.70892273136E-23,-1.));
#16021 = ADVANCED_FACE('',(#16022),#16033,.T.);
#16022 = FACE_BOUND('',#16023,.T.);
#16023 = EDGE_LOOP('',(#16024,#16025,#16031,#16032));
#16024 = ORIENTED_EDGE('',*,*,#15405,.F.);
#16025 = ORIENTED_EDGE('',*,*,#16026,.F.);
#16026 = EDGE_CURVE('',#15301,#15398,#16027,.T.);
#16027 = LINE('',#16028,#16029);
#16028 = CARTESIAN_POINT('',(-4.500001745723,16.305000842937,19.46));
#16029 = VECTOR('',#16030,1.);
#16030 = DIRECTION('',(-1.6858739681E-07,1.,0.));
#16031 = ORIENTED_EDGE('',*,*,#15300,.F.);
#16032 = ORIENTED_EDGE('',*,*,#15355,.F.);
#16033 = PLANE('',#16034);
#16034 = AXIS2_PLACEMENT_3D('',#16035,#16036,#16037);
#16035 = CARTESIAN_POINT('',(-4.500001585565,15.355000842937,8.5));
#16036 = DIRECTION('',(-1.,-1.6858739688E-07,2.2E-16));
#16037 = DIRECTION('',(-2.2E-16,-5.2897245787E-37,-1.));
#16038 = ADVANCED_FACE('',(#16039),#16050,.F.);
#16039 = FACE_BOUND('',#16040,.F.);
#16040 = EDGE_LOOP('',(#16041,#16047,#16048,#16049));
#16041 = ORIENTED_EDGE('',*,*,#16042,.F.);
#16042 = EDGE_CURVE('',#15390,#15309,#16043,.T.);
#16043 = LINE('',#16044,#16045);
#16044 = CARTESIAN_POINT('',(-17.00000190588,17.254998735594,19.46));
#16045 = VECTOR('',#16046,1.);
#16046 = DIRECTION('',(1.6858739681E-07,-1.,0.));
#16047 = ORIENTED_EDGE('',*,*,#15397,.F.);
#16048 = ORIENTED_EDGE('',*,*,#16026,.F.);
#16049 = ORIENTED_EDGE('',*,*,#15308,.F.);
#16050 = PLANE('',#16051);
#16051 = AXIS2_PLACEMENT_3D('',#16052,#16053,#16054);
#16052 = CARTESIAN_POINT('',(-17.00000190588,17.254998735594,19.46));
#16053 = DIRECTION('',(0.,0.,-1.));
#16054 = DIRECTION('',(-1.6858739688E-07,1.,0.));
#16055 = ADVANCED_FACE('',(#16056),#16099,.F.);
#16056 = FACE_BOUND('',#16057,.F.);
#16057 = EDGE_LOOP('',(#16058,#16059,#16060,#16061,#16069,#16077,#16085,
    #16093));
#16058 = ORIENTED_EDGE('',*,*,#15389,.F.);
#16059 = ORIENTED_EDGE('',*,*,#16042,.T.);
#16060 = ORIENTED_EDGE('',*,*,#15316,.F.);
#16061 = ORIENTED_EDGE('',*,*,#16062,.F.);
#16062 = EDGE_CURVE('',#16063,#15317,#16065,.T.);
#16063 = VERTEX_POINT('',#16064);
#16064 = CARTESIAN_POINT('',(-17.00000009272,6.499998735595,17.25));
#16065 = LINE('',#16066,#16067);
#16066 = CARTESIAN_POINT('',(-17.00000009272,6.499998735595,17.25));
#16067 = VECTOR('',#16068,1.);
#16068 = DIRECTION('',(1.6858739681E-07,-1.,0.));
#16069 = ORIENTED_EDGE('',*,*,#16070,.F.);
#16070 = EDGE_CURVE('',#16071,#16063,#16073,.T.);
#16071 = VERTEX_POINT('',#16072);
#16072 = CARTESIAN_POINT('',(-17.00000009272,6.499998735595,19.41));
#16073 = LINE('',#16074,#16075);
#16074 = CARTESIAN_POINT('',(-17.00000009272,6.499998735595,19.41));
#16075 = VECTOR('',#16076,1.);
#16076 = DIRECTION('',(-2.2E-16,-0.,-1.));
#16077 = ORIENTED_EDGE('',*,*,#16078,.F.);
#16078 = EDGE_CURVE('',#16079,#16071,#16081,.T.);
#16079 = VERTEX_POINT('',#16080);
#16080 = CARTESIAN_POINT('',(-17.00000110424,12.499998735594,19.41));
#16081 = LINE('',#16082,#16083);
#16082 = CARTESIAN_POINT('',(-17.00000110424,12.499998735594,19.41));
#16083 = VECTOR('',#16084,1.);
#16084 = DIRECTION('',(1.6858739681E-07,-1.,0.));
#16085 = ORIENTED_EDGE('',*,*,#16086,.F.);
#16086 = EDGE_CURVE('',#16087,#16079,#16089,.T.);
#16087 = VERTEX_POINT('',#16088);
#16088 = CARTESIAN_POINT('',(-17.00000110424,12.499998735594,17.25));
#16089 = LINE('',#16090,#16091);
#16090 = CARTESIAN_POINT('',(-17.00000110424,12.499998735594,17.25));
#16091 = VECTOR('',#16092,1.);
#16092 = DIRECTION('',(2.2E-16,0.,1.));
#16093 = ORIENTED_EDGE('',*,*,#16094,.F.);
#16094 = EDGE_CURVE('',#15382,#16087,#16095,.T.);
#16095 = LINE('',#16096,#16097);
#16096 = CARTESIAN_POINT('',(-17.00000157713,15.304998735594,17.25));
#16097 = VECTOR('',#16098,1.);
#16098 = DIRECTION('',(1.6858739681E-07,-1.,0.));
#16099 = PLANE('',#16100);
#16100 = AXIS2_PLACEMENT_3D('',#16101,#16102,#16103);
#16101 = CARTESIAN_POINT('',(-17.00000190588,17.254998735594,7.));
#16102 = DIRECTION('',(1.,1.6858739688E-07,0.));
#16103 = DIRECTION('',(1.6858739688E-07,-1.,0.));
#16104 = ADVANCED_FACE('',(#16105),#16116,.T.);
#16105 = FACE_BOUND('',#16106,.T.);
#16106 = EDGE_LOOP('',(#16107,#16108,#16114,#16115));
#16107 = ORIENTED_EDGE('',*,*,#16062,.F.);
#16108 = ORIENTED_EDGE('',*,*,#16109,.T.);
#16109 = EDGE_CURVE('',#16063,#15689,#16110,.T.);
#16110 = LINE('',#16111,#16112);
#16111 = CARTESIAN_POINT('',(-17.00000009272,6.499998735595,17.25));
#16112 = VECTOR('',#16113,1.);
#16113 = DIRECTION('',(1.,1.6858739681E-07,-2.2E-16));
#16114 = ORIENTED_EDGE('',*,*,#15688,.T.);
#16115 = ORIENTED_EDGE('',*,*,#15324,.F.);
#16116 = PLANE('',#16117);
#16117 = AXIS2_PLACEMENT_3D('',#16118,#16119,#16120);
#16118 = CARTESIAN_POINT('',(-17.00000009272,6.499998735595,17.25));
#16119 = DIRECTION('',(-2.2E-16,-0.,-1.));
#16120 = DIRECTION('',(1.6858739688E-07,-1.,-3.70892273136E-23));
#16121 = ADVANCED_FACE('',(#16122),#16133,.T.);
#16122 = FACE_BOUND('',#16123,.T.);
#16123 = EDGE_LOOP('',(#16124,#16125,#16126,#16127));
#16124 = ORIENTED_EDGE('',*,*,#16094,.F.);
#16125 = ORIENTED_EDGE('',*,*,#15381,.F.);
#16126 = ORIENTED_EDGE('',*,*,#15720,.T.);
#16127 = ORIENTED_EDGE('',*,*,#16128,.F.);
#16128 = EDGE_CURVE('',#16087,#15713,#16129,.T.);
#16129 = LINE('',#16130,#16131);
#16130 = CARTESIAN_POINT('',(-17.00000110424,12.499998735594,17.25));
#16131 = VECTOR('',#16132,1.);
#16132 = DIRECTION('',(1.,1.6858739681E-07,-2.2E-16));
#16133 = PLANE('',#16134);
#16134 = AXIS2_PLACEMENT_3D('',#16135,#16136,#16137);
#16135 = CARTESIAN_POINT('',(-17.00000157713,15.304998735594,17.25));
#16136 = DIRECTION('',(-2.2E-16,-0.,-1.));
#16137 = DIRECTION('',(1.6858739688E-07,-1.,-3.70892273136E-23));
#16138 = ADVANCED_FACE('',(#16139),#16164,.T.);
#16139 = FACE_BOUND('',#16140,.T.);
#16140 = EDGE_LOOP('',(#16141,#16151,#16157,#16158));
#16141 = ORIENTED_EDGE('',*,*,#16142,.T.);
#16142 = EDGE_CURVE('',#16143,#16145,#16147,.T.);
#16143 = VERTEX_POINT('',#16144);
#16144 = CARTESIAN_POINT('',(-17.7999993248,1.944998600725,17.2));
#16145 = VERTEX_POINT('',#16146);
#16146 = CARTESIAN_POINT('',(-17.80000001601,6.044998600725,17.2));
#16147 = LINE('',#16148,#16149);
#16148 = CARTESIAN_POINT('',(-17.79999929109,1.744998600725,17.2));
#16149 = VECTOR('',#16150,1.);
#16150 = DIRECTION('',(-1.6858739681E-07,1.,0.));
#16151 = ORIENTED_EDGE('',*,*,#16152,.T.);
#16152 = EDGE_CURVE('',#16145,#15429,#16153,.T.);
#16153 = LINE('',#16154,#16155);
#16154 = CARTESIAN_POINT('',(-18.44999990643,5.394998491143,17.85));
#16155 = VECTOR('',#16156,1.);
#16156 = DIRECTION('',(0.577350171856,0.577350366524,-0.57735026919));
#16157 = ORIENTED_EDGE('',*,*,#15428,.F.);
#16158 = ORIENTED_EDGE('',*,*,#16159,.F.);
#16159 = EDGE_CURVE('',#16143,#15421,#16160,.T.);
#16160 = LINE('',#16161,#16162);
#16161 = CARTESIAN_POINT('',(-18.03333269747,2.178331894721,
    17.433333333333));
#16162 = VECTOR('',#16163,1.);
#16163 = DIRECTION('',(0.577350366524,-0.577350171856,-0.57735026919));
#16164 = PLANE('',#16165);
#16165 = AXIS2_PLACEMENT_3D('',#16166,#16167,#16168);
#16166 = CARTESIAN_POINT('',(-17.69999929109,1.744998617583,17.1));
#16167 = DIRECTION('',(-0.707106781187,-1.1920929155E-07,-0.707106781187
    ));
#16168 = DIRECTION('',(-1.685873968754E-07,1.,4.551412428063E-18));
#16169 = ADVANCED_FACE('',(#16170),#16188,.T.);
#16170 = FACE_BOUND('',#16171,.T.);
#16171 = EDGE_LOOP('',(#16172,#16180,#16186,#16187));
#16172 = ORIENTED_EDGE('',*,*,#16173,.F.);
#16173 = EDGE_CURVE('',#16174,#15452,#16176,.T.);
#16174 = VERTEX_POINT('',#16175);
#16175 = CARTESIAN_POINT('',(-17.7999993248,1.944998600725,19.2));
#16176 = LINE('',#16177,#16178);
#16177 = CARTESIAN_POINT('',(-18.44999943438,2.594998491143,18.55));
#16178 = VECTOR('',#16179,1.);
#16179 = DIRECTION('',(0.577350366524,-0.577350171856,0.57735026919));
#16180 = ORIENTED_EDGE('',*,*,#16181,.T.);
#16181 = EDGE_CURVE('',#16174,#16143,#16182,.T.);
#16182 = LINE('',#16183,#16184);
#16183 = CARTESIAN_POINT('',(-17.7999993248,1.944998600725,19.2));
#16184 = VECTOR('',#16185,1.);
#16185 = DIRECTION('',(-6.7E-16,-0.,-1.));
#16186 = ORIENTED_EDGE('',*,*,#16159,.T.);
#16187 = ORIENTED_EDGE('',*,*,#15451,.F.);
#16188 = PLANE('',#16189);
#16189 = AXIS2_PLACEMENT_3D('',#16190,#16191,#16192);
#16190 = CARTESIAN_POINT('',(-17.69999930794,1.844998617583,19.2));
#16191 = DIRECTION('',(-0.707106661977,-0.707106900396,4.7E-16));
#16192 = DIRECTION('',(-6.623402423971E-16,-2.340243186156E-18,-1.));
#16193 = ADVANCED_FACE('',(#16194),#16212,.T.);
#16194 = FACE_BOUND('',#16195,.F.);
#16195 = EDGE_LOOP('',(#16196,#16204,#16210,#16211));
#16196 = ORIENTED_EDGE('',*,*,#16197,.F.);
#16197 = EDGE_CURVE('',#16198,#16174,#16200,.T.);
#16198 = VERTEX_POINT('',#16199);
#16199 = CARTESIAN_POINT('',(-17.80000001601,6.044998600725,19.2));
#16200 = LINE('',#16201,#16202);
#16201 = CARTESIAN_POINT('',(-17.80000004973,6.244998600725,19.2));
#16202 = VECTOR('',#16203,1.);
#16203 = DIRECTION('',(1.6858739681E-07,-1.,0.));
#16204 = ORIENTED_EDGE('',*,*,#16205,.T.);
#16205 = EDGE_CURVE('',#16198,#15476,#16206,.T.);
#16206 = LINE('',#16207,#16208);
#16207 = CARTESIAN_POINT('',(-18.03333331001,5.811665228055,
    18.966666666667));
#16208 = VECTOR('',#16209,1.);
#16209 = DIRECTION('',(0.577350171856,0.577350366524,0.57735026919));
#16210 = ORIENTED_EDGE('',*,*,#15483,.T.);
#16211 = ORIENTED_EDGE('',*,*,#16173,.F.);
#16212 = PLANE('',#16213);
#16213 = AXIS2_PLACEMENT_3D('',#16214,#16215,#16216);
#16214 = CARTESIAN_POINT('',(-17.70000004973,6.244998617583,19.3));
#16215 = DIRECTION('',(-0.707106781187,-1.1920929155E-07,0.707106781187)
  );
#16216 = DIRECTION('',(-1.685873968754E-07,1.,-4.551412428063E-18));
#16217 = ADVANCED_FACE('',(#16218),#16229,.T.);
#16218 = FACE_BOUND('',#16219,.T.);
#16219 = EDGE_LOOP('',(#16220,#16221,#16227,#16228));
#16220 = ORIENTED_EDGE('',*,*,#16152,.F.);
#16221 = ORIENTED_EDGE('',*,*,#16222,.T.);
#16222 = EDGE_CURVE('',#16145,#16198,#16223,.T.);
#16223 = LINE('',#16224,#16225);
#16224 = CARTESIAN_POINT('',(-17.80000001601,6.044998600725,17.2));
#16225 = VECTOR('',#16226,1.);
#16226 = DIRECTION('',(6.7E-16,0.,1.));
#16227 = ORIENTED_EDGE('',*,*,#16205,.T.);
#16228 = ORIENTED_EDGE('',*,*,#15499,.F.);
#16229 = PLANE('',#16230);
#16230 = AXIS2_PLACEMENT_3D('',#16231,#16232,#16233);
#16231 = CARTESIAN_POINT('',(-17.70000003287,6.144998617583,17.2));
#16232 = DIRECTION('',(-0.707106900396,0.707106661977,4.7E-16));
#16233 = DIRECTION('',(6.673401302324E-16,2.659868870773E-18,1.));
#16234 = ADVANCED_FACE('',(#16235),#16241,.T.);
#16235 = FACE_BOUND('',#16236,.T.);
#16236 = EDGE_LOOP('',(#16237,#16238,#16239,#16240));
#16237 = ORIENTED_EDGE('',*,*,#15516,.F.);
#16238 = ORIENTED_EDGE('',*,*,#15555,.F.);
#16239 = ORIENTED_EDGE('',*,*,#15571,.F.);
#16240 = ORIENTED_EDGE('',*,*,#15596,.F.);
#16241 = PLANE('',#16242);
#16242 = AXIS2_PLACEMENT_3D('',#16243,#16244,#16245);
#16243 = CARTESIAN_POINT('',(-17.80000190588,17.254998600724,19.4));
#16244 = DIRECTION('',(-1.,-1.6858739688E-07,6.7E-16));
#16245 = DIRECTION('',(-6.7E-16,-1.598672317118E-36,-1.));
#16246 = ADVANCED_FACE('',(#16247,#16253,#16287,#16321,#16355,#16389,
    #16423,#16457,#16491),#16525,.T.);
#16247 = FACE_BOUND('',#16248,.T.);
#16248 = EDGE_LOOP('',(#16249,#16250,#16251,#16252));
#16249 = ORIENTED_EDGE('',*,*,#16011,.T.);
#16250 = ORIENTED_EDGE('',*,*,#15672,.T.);
#16251 = ORIENTED_EDGE('',*,*,#15648,.F.);
#16252 = ORIENTED_EDGE('',*,*,#15621,.F.);
#16253 = FACE_BOUND('',#16254,.T.);
#16254 = EDGE_LOOP('',(#16255,#16265,#16273,#16281));
#16255 = ORIENTED_EDGE('',*,*,#16256,.T.);
#16256 = EDGE_CURVE('',#16257,#16259,#16261,.T.);
#16257 = VERTEX_POINT('',#16258);
#16258 = CARTESIAN_POINT('',(-14.5000000295,6.124999157063,9.05));
#16259 = VERTEX_POINT('',#16260);
#16260 = CARTESIAN_POINT('',(-14.50000009693,6.524999157063,9.05));
#16261 = LINE('',#16262,#16263);
#16262 = CARTESIAN_POINT('',(-14.49999985838,5.109999157063,9.05));
#16263 = VECTOR('',#16264,1.);
#16264 = DIRECTION('',(-1.685873967E-07,1.,0.));
#16265 = ORIENTED_EDGE('',*,*,#16266,.T.);
#16266 = EDGE_CURVE('',#16259,#16267,#16269,.T.);
#16267 = VERTEX_POINT('',#16268);
#16268 = CARTESIAN_POINT('',(-14.00000009693,6.524999241357,9.05));
#16269 = LINE('',#16270,#16271);
#16270 = CARTESIAN_POINT('',(-15.50000009693,6.524998988476,9.05));
#16271 = VECTOR('',#16272,1.);
#16272 = DIRECTION('',(1.,1.6858739661E-07,-2.2E-16));
#16273 = ORIENTED_EDGE('',*,*,#16274,.T.);
#16274 = EDGE_CURVE('',#16267,#16275,#16277,.T.);
#16275 = VERTEX_POINT('',#16276);
#16276 = CARTESIAN_POINT('',(-14.0000000295,6.124999241357,9.05));
#16277 = LINE('',#16278,#16279);
#16278 = CARTESIAN_POINT('',(-13.99999985838,5.109999241357,9.05));
#16279 = VECTOR('',#16280,1.);
#16280 = DIRECTION('',(1.685873967E-07,-1.,0.));
#16281 = ORIENTED_EDGE('',*,*,#16282,.F.);
#16282 = EDGE_CURVE('',#16257,#16275,#16283,.T.);
#16283 = LINE('',#16284,#16285);
#16284 = CARTESIAN_POINT('',(-15.5000000295,6.124998988476,9.05));
#16285 = VECTOR('',#16286,1.);
#16286 = DIRECTION('',(1.,1.6858739661E-07,-2.2E-16));
#16287 = FACE_BOUND('',#16288,.T.);
#16288 = EDGE_LOOP('',(#16289,#16299,#16307,#16315));
#16289 = ORIENTED_EDGE('',*,*,#16290,.F.);
#16290 = EDGE_CURVE('',#16291,#16293,#16295,.T.);
#16291 = VERTEX_POINT('',#16292);
#16292 = CARTESIAN_POINT('',(-14.5000002436,7.394999157063,9.05));
#16293 = VERTEX_POINT('',#16294);
#16294 = CARTESIAN_POINT('',(-14.0000002436,7.394999241357,9.05));
#16295 = LINE('',#16296,#16297);
#16296 = CARTESIAN_POINT('',(-15.5000002436,7.394998988476,9.05));
#16297 = VECTOR('',#16298,1.);
#16298 = DIRECTION('',(1.,1.6858739661E-07,-2.2E-16));
#16299 = ORIENTED_EDGE('',*,*,#16300,.T.);
#16300 = EDGE_CURVE('',#16291,#16301,#16303,.T.);
#16301 = VERTEX_POINT('',#16302);
#16302 = CARTESIAN_POINT('',(-14.50000031104,7.794999157063,9.05));
#16303 = LINE('',#16304,#16305);
#16304 = CARTESIAN_POINT('',(-14.49999996544,5.744999157063,9.05));
#16305 = VECTOR('',#16306,1.);
#16306 = DIRECTION('',(-1.685873967E-07,1.,0.));
#16307 = ORIENTED_EDGE('',*,*,#16308,.T.);
#16308 = EDGE_CURVE('',#16301,#16309,#16311,.T.);
#16309 = VERTEX_POINT('',#16310);
#16310 = CARTESIAN_POINT('',(-14.00000031104,7.794999241357,9.05));
#16311 = LINE('',#16312,#16313);
#16312 = CARTESIAN_POINT('',(-15.50000031104,7.794998988476,9.05));
#16313 = VECTOR('',#16314,1.);
#16314 = DIRECTION('',(1.,1.6858739661E-07,-2.2E-16));
#16315 = ORIENTED_EDGE('',*,*,#16316,.T.);
#16316 = EDGE_CURVE('',#16309,#16293,#16317,.T.);
#16317 = LINE('',#16318,#16319);
#16318 = CARTESIAN_POINT('',(-13.99999996544,5.744999241357,9.05));
#16319 = VECTOR('',#16320,1.);
#16320 = DIRECTION('',(1.685873967E-07,-1.,0.));
#16321 = FACE_BOUND('',#16322,.T.);
#16322 = EDGE_LOOP('',(#16323,#16333,#16341,#16349));
#16323 = ORIENTED_EDGE('',*,*,#16324,.F.);
#16324 = EDGE_CURVE('',#16325,#16327,#16329,.T.);
#16325 = VERTEX_POINT('',#16326);
#16326 = CARTESIAN_POINT('',(-14.50000045771,8.664999157063,9.05));
#16327 = VERTEX_POINT('',#16328);
#16328 = CARTESIAN_POINT('',(-14.00000045771,8.664999241357,9.05));
#16329 = LINE('',#16330,#16331);
#16330 = CARTESIAN_POINT('',(-15.50000045771,8.664998988476,9.05));
#16331 = VECTOR('',#16332,1.);
#16332 = DIRECTION('',(1.,1.6858739661E-07,-2.2E-16));
#16333 = ORIENTED_EDGE('',*,*,#16334,.T.);
#16334 = EDGE_CURVE('',#16325,#16335,#16337,.T.);
#16335 = VERTEX_POINT('',#16336);
#16336 = CARTESIAN_POINT('',(-14.50000052515,9.064999157063,9.05));
#16337 = LINE('',#16338,#16339);
#16338 = CARTESIAN_POINT('',(-14.50000007249,6.379999157063,9.05));
#16339 = VECTOR('',#16340,1.);
#16340 = DIRECTION('',(-1.685873967E-07,1.,0.));
#16341 = ORIENTED_EDGE('',*,*,#16342,.T.);
#16342 = EDGE_CURVE('',#16335,#16343,#16345,.T.);
#16343 = VERTEX_POINT('',#16344);
#16344 = CARTESIAN_POINT('',(-14.00000052515,9.064999241357,9.05));
#16345 = LINE('',#16346,#16347);
#16346 = CARTESIAN_POINT('',(-15.50000052515,9.064998988476,9.05));
#16347 = VECTOR('',#16348,1.);
#16348 = DIRECTION('',(1.,1.6858739661E-07,-2.2E-16));
#16349 = ORIENTED_EDGE('',*,*,#16350,.T.);
#16350 = EDGE_CURVE('',#16343,#16327,#16351,.T.);
#16351 = LINE('',#16352,#16353);
#16352 = CARTESIAN_POINT('',(-14.00000007249,6.379999241357,9.05));
#16353 = VECTOR('',#16354,1.);
#16354 = DIRECTION('',(1.685873967E-07,-1.,0.));
#16355 = FACE_BOUND('',#16356,.T.);
#16356 = EDGE_LOOP('',(#16357,#16367,#16375,#16383));
#16357 = ORIENTED_EDGE('',*,*,#16358,.F.);
#16358 = EDGE_CURVE('',#16359,#16361,#16363,.T.);
#16359 = VERTEX_POINT('',#16360);
#16360 = CARTESIAN_POINT('',(-14.50000067182,9.934999157063,9.05));
#16361 = VERTEX_POINT('',#16362);
#16362 = CARTESIAN_POINT('',(-14.00000067182,9.934999241357,9.05));
#16363 = LINE('',#16364,#16365);
#16364 = CARTESIAN_POINT('',(-15.50000067182,9.934998988476,9.05));
#16365 = VECTOR('',#16366,1.);
#16366 = DIRECTION('',(1.,1.6858739661E-07,-2.2E-16));
#16367 = ORIENTED_EDGE('',*,*,#16368,.T.);
#16368 = EDGE_CURVE('',#16359,#16369,#16371,.T.);
#16369 = VERTEX_POINT('',#16370);
#16370 = CARTESIAN_POINT('',(-14.50000073925,10.334999157063,9.05));
#16371 = LINE('',#16372,#16373);
#16372 = CARTESIAN_POINT('',(-14.50000017954,7.014999157063,9.05));
#16373 = VECTOR('',#16374,1.);
#16374 = DIRECTION('',(-1.685873967E-07,1.,0.));
#16375 = ORIENTED_EDGE('',*,*,#16376,.T.);
#16376 = EDGE_CURVE('',#16369,#16377,#16379,.T.);
#16377 = VERTEX_POINT('',#16378);
#16378 = CARTESIAN_POINT('',(-14.00000073925,10.334999241357,9.05));
#16379 = LINE('',#16380,#16381);
#16380 = CARTESIAN_POINT('',(-15.50000073925,10.334998988476,9.05));
#16381 = VECTOR('',#16382,1.);
#16382 = DIRECTION('',(1.,1.6858739661E-07,-2.2E-16));
#16383 = ORIENTED_EDGE('',*,*,#16384,.T.);
#16384 = EDGE_CURVE('',#16377,#16361,#16385,.T.);
#16385 = LINE('',#16386,#16387);
#16386 = CARTESIAN_POINT('',(-14.00000017954,7.014999241357,9.05));
#16387 = VECTOR('',#16388,1.);
#16388 = DIRECTION('',(1.685873967E-07,-1.,0.));
#16389 = FACE_BOUND('',#16390,.T.);
#16390 = EDGE_LOOP('',(#16391,#16401,#16409,#16417));
#16391 = ORIENTED_EDGE('',*,*,#16392,.T.);
#16392 = EDGE_CURVE('',#16393,#16395,#16397,.T.);
#16393 = VERTEX_POINT('',#16394);
#16394 = CARTESIAN_POINT('',(-14.50000138157,14.144999157063,9.05));
#16395 = VERTEX_POINT('',#16396);
#16396 = CARTESIAN_POINT('',(-14.00000138157,14.144999241357,9.05));
#16397 = LINE('',#16398,#16399);
#16398 = CARTESIAN_POINT('',(-15.50000138157,14.144998988476,9.05));
#16399 = VECTOR('',#16400,1.);
#16400 = DIRECTION('',(1.,1.6858739661E-07,-2.2E-16));
#16401 = ORIENTED_EDGE('',*,*,#16402,.T.);
#16402 = EDGE_CURVE('',#16395,#16403,#16405,.T.);
#16403 = VERTEX_POINT('',#16404);
#16404 = CARTESIAN_POINT('',(-14.00000131413,13.744999241357,9.05));
#16405 = LINE('',#16406,#16407);
#16406 = CARTESIAN_POINT('',(-14.0000005007,8.919999241357,9.05));
#16407 = VECTOR('',#16408,1.);
#16408 = DIRECTION('',(1.685873967E-07,-1.,0.));
#16409 = ORIENTED_EDGE('',*,*,#16410,.F.);
#16410 = EDGE_CURVE('',#16411,#16403,#16413,.T.);
#16411 = VERTEX_POINT('',#16412);
#16412 = CARTESIAN_POINT('',(-14.50000131413,13.744999157063,9.05));
#16413 = LINE('',#16414,#16415);
#16414 = CARTESIAN_POINT('',(-15.50000131413,13.744998988476,9.05));
#16415 = VECTOR('',#16416,1.);
#16416 = DIRECTION('',(1.,1.6858739661E-07,-2.2E-16));
#16417 = ORIENTED_EDGE('',*,*,#16418,.T.);
#16418 = EDGE_CURVE('',#16411,#16393,#16419,.T.);
#16419 = LINE('',#16420,#16421);
#16420 = CARTESIAN_POINT('',(-14.5000005007,8.919999157063,9.05));
#16421 = VECTOR('',#16422,1.);
#16422 = DIRECTION('',(-1.685873967E-07,1.,0.));
#16423 = FACE_BOUND('',#16424,.T.);
#16424 = EDGE_LOOP('',(#16425,#16435,#16443,#16451));
#16425 = ORIENTED_EDGE('',*,*,#16426,.F.);
#16426 = EDGE_CURVE('',#16427,#16429,#16431,.T.);
#16427 = VERTEX_POINT('',#16428);
#16428 = CARTESIAN_POINT('',(-14.50000110003,12.474999157063,9.05));
#16429 = VERTEX_POINT('',#16430);
#16430 = CARTESIAN_POINT('',(-14.00000110003,12.474999241357,9.05));
#16431 = LINE('',#16432,#16433);
#16432 = CARTESIAN_POINT('',(-15.50000110003,12.474998988476,9.05));
#16433 = VECTOR('',#16434,1.);
#16434 = DIRECTION('',(1.,1.6858739661E-07,-2.2E-16));
#16435 = ORIENTED_EDGE('',*,*,#16436,.T.);
#16436 = EDGE_CURVE('',#16427,#16437,#16439,.T.);
#16437 = VERTEX_POINT('',#16438);
#16438 = CARTESIAN_POINT('',(-14.50000116746,12.874999157063,9.05));
#16439 = LINE('',#16440,#16441);
#16440 = CARTESIAN_POINT('',(-14.50000039365,8.284999157063,9.05));
#16441 = VECTOR('',#16442,1.);
#16442 = DIRECTION('',(-1.685873967E-07,1.,0.));
#16443 = ORIENTED_EDGE('',*,*,#16444,.T.);
#16444 = EDGE_CURVE('',#16437,#16445,#16447,.T.);
#16445 = VERTEX_POINT('',#16446);
#16446 = CARTESIAN_POINT('',(-14.00000116746,12.874999241357,9.05));
#16447 = LINE('',#16448,#16449);
#16448 = CARTESIAN_POINT('',(-15.50000116746,12.874998988476,9.05));
#16449 = VECTOR('',#16450,1.);
#16450 = DIRECTION('',(1.,1.6858739661E-07,-2.2E-16));
#16451 = ORIENTED_EDGE('',*,*,#16452,.T.);
#16452 = EDGE_CURVE('',#16445,#16429,#16453,.T.);
#16453 = LINE('',#16454,#16455);
#16454 = CARTESIAN_POINT('',(-14.00000039365,8.284999241357,9.05));
#16455 = VECTOR('',#16456,1.);
#16456 = DIRECTION('',(1.685873967E-07,-1.,0.));
#16457 = FACE_BOUND('',#16458,.T.);
#16458 = EDGE_LOOP('',(#16459,#16469,#16477,#16485));
#16459 = ORIENTED_EDGE('',*,*,#16460,.F.);
#16460 = EDGE_CURVE('',#16461,#16463,#16465,.T.);
#16461 = VERTEX_POINT('',#16462);
#16462 = CARTESIAN_POINT('',(-14.50000088592,11.204999157063,9.05));
#16463 = VERTEX_POINT('',#16464);
#16464 = CARTESIAN_POINT('',(-14.00000088592,11.204999241357,9.05));
#16465 = LINE('',#16466,#16467);
#16466 = CARTESIAN_POINT('',(-15.50000088592,11.204998988476,9.05));
#16467 = VECTOR('',#16468,1.);
#16468 = DIRECTION('',(1.,1.6858739661E-07,-2.2E-16));
#16469 = ORIENTED_EDGE('',*,*,#16470,.T.);
#16470 = EDGE_CURVE('',#16461,#16471,#16473,.T.);
#16471 = VERTEX_POINT('',#16472);
#16472 = CARTESIAN_POINT('',(-14.50000095336,11.604999157063,9.05));
#16473 = LINE('',#16474,#16475);
#16474 = CARTESIAN_POINT('',(-14.50000028659,7.649999157063,9.05));
#16475 = VECTOR('',#16476,1.);
#16476 = DIRECTION('',(-1.685873967E-07,1.,0.));
#16477 = ORIENTED_EDGE('',*,*,#16478,.T.);
#16478 = EDGE_CURVE('',#16471,#16479,#16481,.T.);
#16479 = VERTEX_POINT('',#16480);
#16480 = CARTESIAN_POINT('',(-14.00000095336,11.604999241357,9.05));
#16481 = LINE('',#16482,#16483);
#16482 = CARTESIAN_POINT('',(-15.50000095336,11.604998988476,9.05));
#16483 = VECTOR('',#16484,1.);
#16484 = DIRECTION('',(1.,1.6858739661E-07,-2.2E-16));
#16485 = ORIENTED_EDGE('',*,*,#16486,.T.);
#16486 = EDGE_CURVE('',#16479,#16463,#16487,.T.);
#16487 = LINE('',#16488,#16489);
#16488 = CARTESIAN_POINT('',(-14.00000028659,7.649999241357,9.05));
#16489 = VECTOR('',#16490,1.);
#16490 = DIRECTION('',(1.685873967E-07,-1.,0.));
#16491 = FACE_BOUND('',#16492,.T.);
#16492 = EDGE_LOOP('',(#16493,#16503,#16511,#16519));
#16493 = ORIENTED_EDGE('',*,*,#16494,.F.);
#16494 = EDGE_CURVE('',#16495,#16497,#16499,.T.);
#16495 = VERTEX_POINT('',#16496);
#16496 = CARTESIAN_POINT('',(-14.49999981539,4.854999157063,9.05));
#16497 = VERTEX_POINT('',#16498);
#16498 = CARTESIAN_POINT('',(-13.99999981539,4.854999241357,9.05));
#16499 = LINE('',#16500,#16501);
#16500 = CARTESIAN_POINT('',(-15.49999981539,4.854998988476,9.05));
#16501 = VECTOR('',#16502,1.);
#16502 = DIRECTION('',(1.,1.6858739661E-07,-2.2E-16));
#16503 = ORIENTED_EDGE('',*,*,#16504,.T.);
#16504 = EDGE_CURVE('',#16495,#16505,#16507,.T.);
#16505 = VERTEX_POINT('',#16506);
#16506 = CARTESIAN_POINT('',(-14.49999988283,5.254999157063,9.05));
#16507 = LINE('',#16508,#16509);
#16508 = CARTESIAN_POINT('',(-14.49999975133,4.474999157063,9.05));
#16509 = VECTOR('',#16510,1.);
#16510 = DIRECTION('',(-1.685873967E-07,1.,0.));
#16511 = ORIENTED_EDGE('',*,*,#16512,.T.);
#16512 = EDGE_CURVE('',#16505,#16513,#16515,.T.);
#16513 = VERTEX_POINT('',#16514);
#16514 = CARTESIAN_POINT('',(-13.99999988283,5.254999241357,9.05));
#16515 = LINE('',#16516,#16517);
#16516 = CARTESIAN_POINT('',(-15.49999988283,5.254998988476,9.05));
#16517 = VECTOR('',#16518,1.);
#16518 = DIRECTION('',(1.,1.6858739661E-07,-2.2E-16));
#16519 = ORIENTED_EDGE('',*,*,#16520,.T.);
#16520 = EDGE_CURVE('',#16513,#16497,#16521,.T.);
#16521 = LINE('',#16522,#16523);
#16522 = CARTESIAN_POINT('',(-13.99999975133,4.474999241357,9.05));
#16523 = VECTOR('',#16524,1.);
#16524 = DIRECTION('',(1.685873967E-07,-1.,0.));
#16525 = PLANE('',#16526);
#16526 = AXIS2_PLACEMENT_3D('',#16527,#16528,#16529);
#16527 = CARTESIAN_POINT('',(-16.99999961983,3.694998735595,9.05));
#16528 = DIRECTION('',(2.2E-16,0.,1.));
#16529 = DIRECTION('',(-1.6858739688E-07,1.,3.70892273136E-23));
#16530 = ADVANCED_FACE('',(#16531),#16542,.T.);
#16531 = FACE_BOUND('',#16532,.T.);
#16532 = EDGE_LOOP('',(#16533,#16539,#16540,#16541));
#16533 = ORIENTED_EDGE('',*,*,#16534,.T.);
#16534 = EDGE_CURVE('',#16071,#15697,#16535,.T.);
#16535 = LINE('',#16536,#16537);
#16536 = CARTESIAN_POINT('',(-17.00000009272,6.499998735595,19.41));
#16537 = VECTOR('',#16538,1.);
#16538 = DIRECTION('',(1.,1.6858739681E-07,-2.2E-16));
#16539 = ORIENTED_EDGE('',*,*,#15696,.T.);
#16540 = ORIENTED_EDGE('',*,*,#16109,.F.);
#16541 = ORIENTED_EDGE('',*,*,#16070,.F.);
#16542 = PLANE('',#16543);
#16543 = AXIS2_PLACEMENT_3D('',#16544,#16545,#16546);
#16544 = CARTESIAN_POINT('',(-17.00000009272,6.499998735595,19.41));
#16545 = DIRECTION('',(-1.6858739688E-07,1.,0.));
#16546 = DIRECTION('',(-2.2E-16,-3.70892273136E-23,-1.));
#16547 = ADVANCED_FACE('',(#16548),#16559,.T.);
#16548 = FACE_BOUND('',#16549,.T.);
#16549 = EDGE_LOOP('',(#16550,#16556,#16557,#16558));
#16550 = ORIENTED_EDGE('',*,*,#16551,.T.);
#16551 = EDGE_CURVE('',#16079,#15705,#16552,.T.);
#16552 = LINE('',#16553,#16554);
#16553 = CARTESIAN_POINT('',(-17.00000110424,12.499998735594,19.41));
#16554 = VECTOR('',#16555,1.);
#16555 = DIRECTION('',(1.,1.6858739681E-07,-2.2E-16));
#16556 = ORIENTED_EDGE('',*,*,#15704,.T.);
#16557 = ORIENTED_EDGE('',*,*,#16534,.F.);
#16558 = ORIENTED_EDGE('',*,*,#16078,.F.);
#16559 = PLANE('',#16560);
#16560 = AXIS2_PLACEMENT_3D('',#16561,#16562,#16563);
#16561 = CARTESIAN_POINT('',(-17.00000110424,12.499998735594,19.41));
#16562 = DIRECTION('',(-2.2E-16,-0.,-1.));
#16563 = DIRECTION('',(1.6858739688E-07,-1.,-3.70892273136E-23));
#16564 = ADVANCED_FACE('',(#16565),#16571,.T.);
#16565 = FACE_BOUND('',#16566,.T.);
#16566 = EDGE_LOOP('',(#16567,#16568,#16569,#16570));
#16567 = ORIENTED_EDGE('',*,*,#16128,.T.);
#16568 = ORIENTED_EDGE('',*,*,#15712,.T.);
#16569 = ORIENTED_EDGE('',*,*,#16551,.F.);
#16570 = ORIENTED_EDGE('',*,*,#16086,.F.);
#16571 = PLANE('',#16572);
#16572 = AXIS2_PLACEMENT_3D('',#16573,#16574,#16575);
#16573 = CARTESIAN_POINT('',(-17.00000110424,12.499998735594,17.25));
#16574 = DIRECTION('',(1.6858739688E-07,-1.,0.));
#16575 = DIRECTION('',(2.2E-16,3.70892273136E-23,1.));
#16576 = ADVANCED_FACE('',(#16577),#16609,.T.);
#16577 = FACE_BOUND('',#16578,.T.);
#16578 = EDGE_LOOP('',(#16579,#16580,#16588,#16594,#16595,#16603));
#16579 = ORIENTED_EDGE('',*,*,#16494,.T.);
#16580 = ORIENTED_EDGE('',*,*,#16581,.T.);
#16581 = EDGE_CURVE('',#16497,#16582,#16584,.T.);
#16582 = VERTEX_POINT('',#16583);
#16583 = CARTESIAN_POINT('',(-13.99999981539,4.854999241357,
    10.50000552498));
#16584 = LINE('',#16585,#16586);
#16585 = CARTESIAN_POINT('',(-13.99999981539,4.854999241357,6.5));
#16586 = VECTOR('',#16587,1.);
#16587 = DIRECTION('',(1.1E-16,1.1E-16,1.));
#16588 = ORIENTED_EDGE('',*,*,#16589,.T.);
#16589 = EDGE_CURVE('',#16582,#15731,#16590,.T.);
#16590 = LINE('',#16591,#16592);
#16591 = CARTESIAN_POINT('',(-13.99999981539,4.854999241357,
    10.50000552498));
#16592 = VECTOR('',#16593,1.);
#16593 = DIRECTION('',(0.85927266024,1.448625408E-07,0.511517834844));
#16594 = ORIENTED_EDGE('',*,*,#15730,.T.);
#16595 = ORIENTED_EDGE('',*,*,#16596,.T.);
#16596 = EDGE_CURVE('',#15733,#16597,#16599,.T.);
#16597 = VERTEX_POINT('',#16598);
#16598 = CARTESIAN_POINT('',(-14.49999981539,4.854999157063,10.5));
#16599 = LINE('',#16600,#16601);
#16600 = CARTESIAN_POINT('',(-4.499999815397,4.855000842937,
    16.452916443316));
#16601 = VECTOR('',#16602,1.);
#16602 = DIRECTION('',(-0.85927266024,-1.448625408E-07,-0.511517834844)
  );
#16603 = ORIENTED_EDGE('',*,*,#16604,.T.);
#16604 = EDGE_CURVE('',#16597,#16495,#16605,.T.);
#16605 = LINE('',#16606,#16607);
#16606 = CARTESIAN_POINT('',(-14.49999981539,4.854999157063,10.5));
#16607 = VECTOR('',#16608,1.);
#16608 = DIRECTION('',(-1.1E-16,-1.1E-16,-1.));
#16609 = PLANE('',#16610);
#16610 = AXIS2_PLACEMENT_3D('',#16611,#16612,#16613);
#16611 = CARTESIAN_POINT('',(-13.99999981539,4.854999241357,6.5));
#16612 = DIRECTION('',(1.6858739668E-07,-1.,1.1E-16));
#16613 = DIRECTION('',(1.,1.6858739668E-07,0.));
#16614 = ADVANCED_FACE('',(#16615),#16633,.F.);
#16615 = FACE_BOUND('',#16616,.F.);
#16616 = EDGE_LOOP('',(#16617,#16625,#16631,#16632));
#16617 = ORIENTED_EDGE('',*,*,#16618,.F.);
#16618 = EDGE_CURVE('',#16619,#15741,#16621,.T.);
#16619 = VERTEX_POINT('',#16620);
#16620 = CARTESIAN_POINT('',(-13.99999988283,5.254999241357,
    10.50000552498));
#16621 = LINE('',#16622,#16623);
#16622 = CARTESIAN_POINT('',(-13.99999988283,5.254999241357,
    10.50000552498));
#16623 = VECTOR('',#16624,1.);
#16624 = DIRECTION('',(0.85927266024,1.448625408E-07,0.511517834844));
#16625 = ORIENTED_EDGE('',*,*,#16626,.T.);
#16626 = EDGE_CURVE('',#16619,#16582,#16627,.T.);
#16627 = LINE('',#16628,#16629);
#16628 = CARTESIAN_POINT('',(-13.99999988283,5.254999241357,
    10.50000552498));
#16629 = VECTOR('',#16630,1.);
#16630 = DIRECTION('',(1.685873967E-07,-1.,1.7E-16));
#16631 = ORIENTED_EDGE('',*,*,#16589,.T.);
#16632 = ORIENTED_EDGE('',*,*,#15740,.T.);
#16633 = PLANE('',#16634);
#16634 = AXIS2_PLACEMENT_3D('',#16635,#16636,#16637);
#16635 = CARTESIAN_POINT('',(-13.99999988283,5.254999241357,
    10.50000552498));
#16636 = DIRECTION('',(-0.511517834844,-8.623546004E-08,0.85927266024));
#16637 = DIRECTION('',(0.85927266024,1.4486254071E-07,0.511517834844));
#16638 = ADVANCED_FACE('',(#16639),#16664,.F.);
#16639 = FACE_BOUND('',#16640,.F.);
#16640 = EDGE_LOOP('',(#16641,#16642,#16648,#16649,#16650,#16658));
#16641 = ORIENTED_EDGE('',*,*,#16512,.T.);
#16642 = ORIENTED_EDGE('',*,*,#16643,.T.);
#16643 = EDGE_CURVE('',#16513,#16619,#16644,.T.);
#16644 = LINE('',#16645,#16646);
#16645 = CARTESIAN_POINT('',(-13.99999988283,5.254999241357,6.5));
#16646 = VECTOR('',#16647,1.);
#16647 = DIRECTION('',(1.1E-16,1.1E-16,1.));
#16648 = ORIENTED_EDGE('',*,*,#16618,.T.);
#16649 = ORIENTED_EDGE('',*,*,#15748,.T.);
#16650 = ORIENTED_EDGE('',*,*,#16651,.T.);
#16651 = EDGE_CURVE('',#15749,#16652,#16654,.T.);
#16652 = VERTEX_POINT('',#16653);
#16653 = CARTESIAN_POINT('',(-14.49999988283,5.254999157063,10.5));
#16654 = LINE('',#16655,#16656);
#16655 = CARTESIAN_POINT('',(-4.499999882832,5.255000842937,
    16.452916443316));
#16656 = VECTOR('',#16657,1.);
#16657 = DIRECTION('',(-0.85927266024,-1.448625408E-07,-0.511517834844)
  );
#16658 = ORIENTED_EDGE('',*,*,#16659,.T.);
#16659 = EDGE_CURVE('',#16652,#16505,#16660,.T.);
#16660 = LINE('',#16661,#16662);
#16661 = CARTESIAN_POINT('',(-14.49999988283,5.254999157063,10.5));
#16662 = VECTOR('',#16663,1.);
#16663 = DIRECTION('',(-1.1E-16,-1.1E-16,-1.));
#16664 = PLANE('',#16665);
#16665 = AXIS2_PLACEMENT_3D('',#16666,#16667,#16668);
#16666 = CARTESIAN_POINT('',(-13.99999988283,5.254999241357,6.5));
#16667 = DIRECTION('',(1.6858739668E-07,-1.,1.1E-16));
#16668 = DIRECTION('',(1.,1.6858739668E-07,0.));
#16669 = ADVANCED_FACE('',(#16670),#16681,.F.);
#16670 = FACE_BOUND('',#16671,.F.);
#16671 = EDGE_LOOP('',(#16672,#16673,#16674,#16675));
#16672 = ORIENTED_EDGE('',*,*,#16651,.F.);
#16673 = ORIENTED_EDGE('',*,*,#15756,.T.);
#16674 = ORIENTED_EDGE('',*,*,#16596,.T.);
#16675 = ORIENTED_EDGE('',*,*,#16676,.F.);
#16676 = EDGE_CURVE('',#16652,#16597,#16677,.T.);
#16677 = LINE('',#16678,#16679);
#16678 = CARTESIAN_POINT('',(-14.49999988283,5.254999157063,10.5));
#16679 = VECTOR('',#16680,1.);
#16680 = DIRECTION('',(1.685873967E-07,-1.,1.7E-16));
#16681 = PLANE('',#16682);
#16682 = AXIS2_PLACEMENT_3D('',#16683,#16684,#16685);
#16683 = CARTESIAN_POINT('',(-4.499999882832,5.255000842937,
    16.452916443316));
#16684 = DIRECTION('',(0.511517834844,8.623546004E-08,-0.85927266024));
#16685 = DIRECTION('',(-0.85927266024,-1.4486254071E-07,-0.511517834844)
  );
#16686 = ADVANCED_FACE('',(#16687),#16719,.T.);
#16687 = FACE_BOUND('',#16688,.T.);
#16688 = EDGE_LOOP('',(#16689,#16690,#16698,#16704,#16705,#16713));
#16689 = ORIENTED_EDGE('',*,*,#16282,.T.);
#16690 = ORIENTED_EDGE('',*,*,#16691,.T.);
#16691 = EDGE_CURVE('',#16275,#16692,#16694,.T.);
#16692 = VERTEX_POINT('',#16693);
#16693 = CARTESIAN_POINT('',(-14.0000000295,6.124999241357,
    10.50000552498));
#16694 = LINE('',#16695,#16696);
#16695 = CARTESIAN_POINT('',(-14.0000000295,6.124999241357,6.5));
#16696 = VECTOR('',#16697,1.);
#16697 = DIRECTION('',(1.1E-16,1.1E-16,1.));
#16698 = ORIENTED_EDGE('',*,*,#16699,.T.);
#16699 = EDGE_CURVE('',#16692,#15765,#16700,.T.);
#16700 = LINE('',#16701,#16702);
#16701 = CARTESIAN_POINT('',(-14.0000000295,6.124999241357,
    10.50000552498));
#16702 = VECTOR('',#16703,1.);
#16703 = DIRECTION('',(0.85927266024,1.448625408E-07,0.511517834844));
#16704 = ORIENTED_EDGE('',*,*,#15764,.T.);
#16705 = ORIENTED_EDGE('',*,*,#16706,.T.);
#16706 = EDGE_CURVE('',#15767,#16707,#16709,.T.);
#16707 = VERTEX_POINT('',#16708);
#16708 = CARTESIAN_POINT('',(-14.5000000295,6.124999157063,10.5));
#16709 = LINE('',#16710,#16711);
#16710 = CARTESIAN_POINT('',(-4.500000029503,6.125000842937,
    16.452916443316));
#16711 = VECTOR('',#16712,1.);
#16712 = DIRECTION('',(-0.85927266024,-1.448625408E-07,-0.511517834844)
  );
#16713 = ORIENTED_EDGE('',*,*,#16714,.T.);
#16714 = EDGE_CURVE('',#16707,#16257,#16715,.T.);
#16715 = LINE('',#16716,#16717);
#16716 = CARTESIAN_POINT('',(-14.5000000295,6.124999157063,10.5));
#16717 = VECTOR('',#16718,1.);
#16718 = DIRECTION('',(-1.1E-16,-1.1E-16,-1.));
#16719 = PLANE('',#16720);
#16720 = AXIS2_PLACEMENT_3D('',#16721,#16722,#16723);
#16721 = CARTESIAN_POINT('',(-14.0000000295,6.124999241357,6.5));
#16722 = DIRECTION('',(1.6858739668E-07,-1.,1.1E-16));
#16723 = DIRECTION('',(1.,1.6858739668E-07,0.));
#16724 = ADVANCED_FACE('',(#16725),#16743,.F.);
#16725 = FACE_BOUND('',#16726,.F.);
#16726 = EDGE_LOOP('',(#16727,#16735,#16741,#16742));
#16727 = ORIENTED_EDGE('',*,*,#16728,.F.);
#16728 = EDGE_CURVE('',#16729,#15775,#16731,.T.);
#16729 = VERTEX_POINT('',#16730);
#16730 = CARTESIAN_POINT('',(-14.00000009693,6.524999241357,
    10.50000552498));
#16731 = LINE('',#16732,#16733);
#16732 = CARTESIAN_POINT('',(-14.00000009693,6.524999241357,
    10.50000552498));
#16733 = VECTOR('',#16734,1.);
#16734 = DIRECTION('',(0.85927266024,1.448625408E-07,0.511517834844));
#16735 = ORIENTED_EDGE('',*,*,#16736,.T.);
#16736 = EDGE_CURVE('',#16729,#16692,#16737,.T.);
#16737 = LINE('',#16738,#16739);
#16738 = CARTESIAN_POINT('',(-14.00000009693,6.524999241357,
    10.50000552498));
#16739 = VECTOR('',#16740,1.);
#16740 = DIRECTION('',(1.685873967E-07,-1.,1.7E-16));
#16741 = ORIENTED_EDGE('',*,*,#16699,.T.);
#16742 = ORIENTED_EDGE('',*,*,#15774,.T.);
#16743 = PLANE('',#16744);
#16744 = AXIS2_PLACEMENT_3D('',#16745,#16746,#16747);
#16745 = CARTESIAN_POINT('',(-14.00000009693,6.524999241357,
    10.50000552498));
#16746 = DIRECTION('',(-0.511517834844,-8.623546004E-08,0.85927266024));
#16747 = DIRECTION('',(0.85927266024,1.4486254071E-07,0.511517834844));
#16748 = ADVANCED_FACE('',(#16749),#16774,.F.);
#16749 = FACE_BOUND('',#16750,.F.);
#16750 = EDGE_LOOP('',(#16751,#16752,#16758,#16759,#16760,#16768));
#16751 = ORIENTED_EDGE('',*,*,#16266,.T.);
#16752 = ORIENTED_EDGE('',*,*,#16753,.T.);
#16753 = EDGE_CURVE('',#16267,#16729,#16754,.T.);
#16754 = LINE('',#16755,#16756);
#16755 = CARTESIAN_POINT('',(-14.00000009693,6.524999241357,6.5));
#16756 = VECTOR('',#16757,1.);
#16757 = DIRECTION('',(1.1E-16,1.1E-16,1.));
#16758 = ORIENTED_EDGE('',*,*,#16728,.T.);
#16759 = ORIENTED_EDGE('',*,*,#15782,.T.);
#16760 = ORIENTED_EDGE('',*,*,#16761,.T.);
#16761 = EDGE_CURVE('',#15783,#16762,#16764,.T.);
#16762 = VERTEX_POINT('',#16763);
#16763 = CARTESIAN_POINT('',(-14.50000009693,6.524999157063,10.5));
#16764 = LINE('',#16765,#16766);
#16765 = CARTESIAN_POINT('',(-4.500000096938,6.525000842937,
    16.452916443316));
#16766 = VECTOR('',#16767,1.);
#16767 = DIRECTION('',(-0.85927266024,-1.448625408E-07,-0.511517834844)
  );
#16768 = ORIENTED_EDGE('',*,*,#16769,.T.);
#16769 = EDGE_CURVE('',#16762,#16259,#16770,.T.);
#16770 = LINE('',#16771,#16772);
#16771 = CARTESIAN_POINT('',(-14.50000009693,6.524999157063,10.5));
#16772 = VECTOR('',#16773,1.);
#16773 = DIRECTION('',(-1.1E-16,-1.1E-16,-1.));
#16774 = PLANE('',#16775);
#16775 = AXIS2_PLACEMENT_3D('',#16776,#16777,#16778);
#16776 = CARTESIAN_POINT('',(-14.00000009693,6.524999241357,6.5));
#16777 = DIRECTION('',(1.6858739668E-07,-1.,1.1E-16));
#16778 = DIRECTION('',(1.,1.6858739668E-07,0.));
#16779 = ADVANCED_FACE('',(#16780),#16791,.F.);
#16780 = FACE_BOUND('',#16781,.F.);
#16781 = EDGE_LOOP('',(#16782,#16783,#16784,#16785));
#16782 = ORIENTED_EDGE('',*,*,#16761,.F.);
#16783 = ORIENTED_EDGE('',*,*,#15790,.T.);
#16784 = ORIENTED_EDGE('',*,*,#16706,.T.);
#16785 = ORIENTED_EDGE('',*,*,#16786,.F.);
#16786 = EDGE_CURVE('',#16762,#16707,#16787,.T.);
#16787 = LINE('',#16788,#16789);
#16788 = CARTESIAN_POINT('',(-14.50000009693,6.524999157063,10.5));
#16789 = VECTOR('',#16790,1.);
#16790 = DIRECTION('',(1.685873967E-07,-1.,1.7E-16));
#16791 = PLANE('',#16792);
#16792 = AXIS2_PLACEMENT_3D('',#16793,#16794,#16795);
#16793 = CARTESIAN_POINT('',(-4.500000096938,6.525000842937,
    16.452916443316));
#16794 = DIRECTION('',(0.511517834844,8.623546004E-08,-0.85927266024));
#16795 = DIRECTION('',(-0.85927266024,-1.4486254071E-07,-0.511517834844)
  );
#16796 = ADVANCED_FACE('',(#16797),#16829,.T.);
#16797 = FACE_BOUND('',#16798,.T.);
#16798 = EDGE_LOOP('',(#16799,#16800,#16808,#16814,#16815,#16823));
#16799 = ORIENTED_EDGE('',*,*,#16290,.T.);
#16800 = ORIENTED_EDGE('',*,*,#16801,.T.);
#16801 = EDGE_CURVE('',#16293,#16802,#16804,.T.);
#16802 = VERTEX_POINT('',#16803);
#16803 = CARTESIAN_POINT('',(-14.0000002436,7.394999241357,
    10.50000552498));
#16804 = LINE('',#16805,#16806);
#16805 = CARTESIAN_POINT('',(-14.0000002436,7.394999241357,6.5));
#16806 = VECTOR('',#16807,1.);
#16807 = DIRECTION('',(1.1E-16,1.1E-16,1.));
#16808 = ORIENTED_EDGE('',*,*,#16809,.T.);
#16809 = EDGE_CURVE('',#16802,#15799,#16810,.T.);
#16810 = LINE('',#16811,#16812);
#16811 = CARTESIAN_POINT('',(-14.0000002436,7.394999241357,
    10.50000552498));
#16812 = VECTOR('',#16813,1.);
#16813 = DIRECTION('',(0.85927266024,1.448625408E-07,0.511517834844));
#16814 = ORIENTED_EDGE('',*,*,#15798,.T.);
#16815 = ORIENTED_EDGE('',*,*,#16816,.T.);
#16816 = EDGE_CURVE('',#15801,#16817,#16819,.T.);
#16817 = VERTEX_POINT('',#16818);
#16818 = CARTESIAN_POINT('',(-14.5000002436,7.394999157063,10.5));
#16819 = LINE('',#16820,#16821);
#16820 = CARTESIAN_POINT('',(-4.500000243609,7.395000842937,
    16.452916443316));
#16821 = VECTOR('',#16822,1.);
#16822 = DIRECTION('',(-0.85927266024,-1.448625408E-07,-0.511517834844)
  );
#16823 = ORIENTED_EDGE('',*,*,#16824,.T.);
#16824 = EDGE_CURVE('',#16817,#16291,#16825,.T.);
#16825 = LINE('',#16826,#16827);
#16826 = CARTESIAN_POINT('',(-14.5000002436,7.394999157063,10.5));
#16827 = VECTOR('',#16828,1.);
#16828 = DIRECTION('',(-1.1E-16,-1.1E-16,-1.));
#16829 = PLANE('',#16830);
#16830 = AXIS2_PLACEMENT_3D('',#16831,#16832,#16833);
#16831 = CARTESIAN_POINT('',(-14.0000002436,7.394999241357,6.5));
#16832 = DIRECTION('',(1.6858739668E-07,-1.,1.1E-16));
#16833 = DIRECTION('',(1.,1.6858739668E-07,0.));
#16834 = ADVANCED_FACE('',(#16835),#16853,.F.);
#16835 = FACE_BOUND('',#16836,.F.);
#16836 = EDGE_LOOP('',(#16837,#16845,#16851,#16852));
#16837 = ORIENTED_EDGE('',*,*,#16838,.F.);
#16838 = EDGE_CURVE('',#16839,#15809,#16841,.T.);
#16839 = VERTEX_POINT('',#16840);
#16840 = CARTESIAN_POINT('',(-14.00000031104,7.794999241357,
    10.50000552498));
#16841 = LINE('',#16842,#16843);
#16842 = CARTESIAN_POINT('',(-14.00000031104,7.794999241357,
    10.50000552498));
#16843 = VECTOR('',#16844,1.);
#16844 = DIRECTION('',(0.85927266024,1.448625408E-07,0.511517834844));
#16845 = ORIENTED_EDGE('',*,*,#16846,.T.);
#16846 = EDGE_CURVE('',#16839,#16802,#16847,.T.);
#16847 = LINE('',#16848,#16849);
#16848 = CARTESIAN_POINT('',(-14.00000031104,7.794999241357,
    10.50000552498));
#16849 = VECTOR('',#16850,1.);
#16850 = DIRECTION('',(1.685873967E-07,-1.,1.7E-16));
#16851 = ORIENTED_EDGE('',*,*,#16809,.T.);
#16852 = ORIENTED_EDGE('',*,*,#15808,.T.);
#16853 = PLANE('',#16854);
#16854 = AXIS2_PLACEMENT_3D('',#16855,#16856,#16857);
#16855 = CARTESIAN_POINT('',(-14.00000031104,7.794999241357,
    10.50000552498));
#16856 = DIRECTION('',(-0.511517834844,-8.623546004E-08,0.85927266024));
#16857 = DIRECTION('',(0.85927266024,1.4486254071E-07,0.511517834844));
#16858 = ADVANCED_FACE('',(#16859),#16884,.F.);
#16859 = FACE_BOUND('',#16860,.F.);
#16860 = EDGE_LOOP('',(#16861,#16862,#16868,#16869,#16870,#16878));
#16861 = ORIENTED_EDGE('',*,*,#16308,.T.);
#16862 = ORIENTED_EDGE('',*,*,#16863,.T.);
#16863 = EDGE_CURVE('',#16309,#16839,#16864,.T.);
#16864 = LINE('',#16865,#16866);
#16865 = CARTESIAN_POINT('',(-14.00000031104,7.794999241357,6.5));
#16866 = VECTOR('',#16867,1.);
#16867 = DIRECTION('',(1.1E-16,1.1E-16,1.));
#16868 = ORIENTED_EDGE('',*,*,#16838,.T.);
#16869 = ORIENTED_EDGE('',*,*,#15816,.T.);
#16870 = ORIENTED_EDGE('',*,*,#16871,.T.);
#16871 = EDGE_CURVE('',#15817,#16872,#16874,.T.);
#16872 = VERTEX_POINT('',#16873);
#16873 = CARTESIAN_POINT('',(-14.50000031104,7.794999157063,10.5));
#16874 = LINE('',#16875,#16876);
#16875 = CARTESIAN_POINT('',(-4.500000311044,7.795000842937,
    16.452916443316));
#16876 = VECTOR('',#16877,1.);
#16877 = DIRECTION('',(-0.85927266024,-1.448625408E-07,-0.511517834844)
  );
#16878 = ORIENTED_EDGE('',*,*,#16879,.T.);
#16879 = EDGE_CURVE('',#16872,#16301,#16880,.T.);
#16880 = LINE('',#16881,#16882);
#16881 = CARTESIAN_POINT('',(-14.50000031104,7.794999157063,10.5));
#16882 = VECTOR('',#16883,1.);
#16883 = DIRECTION('',(-1.1E-16,-1.1E-16,-1.));
#16884 = PLANE('',#16885);
#16885 = AXIS2_PLACEMENT_3D('',#16886,#16887,#16888);
#16886 = CARTESIAN_POINT('',(-14.00000031104,7.794999241357,6.5));
#16887 = DIRECTION('',(1.6858739668E-07,-1.,1.1E-16));
#16888 = DIRECTION('',(1.,1.6858739668E-07,0.));
#16889 = ADVANCED_FACE('',(#16890),#16901,.F.);
#16890 = FACE_BOUND('',#16891,.F.);
#16891 = EDGE_LOOP('',(#16892,#16893,#16894,#16895));
#16892 = ORIENTED_EDGE('',*,*,#16871,.F.);
#16893 = ORIENTED_EDGE('',*,*,#15824,.T.);
#16894 = ORIENTED_EDGE('',*,*,#16816,.T.);
#16895 = ORIENTED_EDGE('',*,*,#16896,.F.);
#16896 = EDGE_CURVE('',#16872,#16817,#16897,.T.);
#16897 = LINE('',#16898,#16899);
#16898 = CARTESIAN_POINT('',(-14.50000031104,7.794999157063,10.5));
#16899 = VECTOR('',#16900,1.);
#16900 = DIRECTION('',(1.685873967E-07,-1.,1.7E-16));
#16901 = PLANE('',#16902);
#16902 = AXIS2_PLACEMENT_3D('',#16903,#16904,#16905);
#16903 = CARTESIAN_POINT('',(-4.500000311044,7.795000842937,
    16.452916443316));
#16904 = DIRECTION('',(0.511517834844,8.623546004E-08,-0.85927266024));
#16905 = DIRECTION('',(-0.85927266024,-1.4486254071E-07,-0.511517834844)
  );
#16906 = ADVANCED_FACE('',(#16907),#16939,.T.);
#16907 = FACE_BOUND('',#16908,.T.);
#16908 = EDGE_LOOP('',(#16909,#16910,#16918,#16924,#16925,#16933));
#16909 = ORIENTED_EDGE('',*,*,#16358,.T.);
#16910 = ORIENTED_EDGE('',*,*,#16911,.T.);
#16911 = EDGE_CURVE('',#16361,#16912,#16914,.T.);
#16912 = VERTEX_POINT('',#16913);
#16913 = CARTESIAN_POINT('',(-14.00000067182,9.934999241357,
    10.50000552498));
#16914 = LINE('',#16915,#16916);
#16915 = CARTESIAN_POINT('',(-14.00000067182,9.934999241357,6.5));
#16916 = VECTOR('',#16917,1.);
#16917 = DIRECTION('',(1.1E-16,1.1E-16,1.));
#16918 = ORIENTED_EDGE('',*,*,#16919,.T.);
#16919 = EDGE_CURVE('',#16912,#15833,#16920,.T.);
#16920 = LINE('',#16921,#16922);
#16921 = CARTESIAN_POINT('',(-14.00000067182,9.934999241357,
    10.50000552498));
#16922 = VECTOR('',#16923,1.);
#16923 = DIRECTION('',(0.85927266024,1.448625408E-07,0.511517834844));
#16924 = ORIENTED_EDGE('',*,*,#15832,.T.);
#16925 = ORIENTED_EDGE('',*,*,#16926,.T.);
#16926 = EDGE_CURVE('',#15835,#16927,#16929,.T.);
#16927 = VERTEX_POINT('',#16928);
#16928 = CARTESIAN_POINT('',(-14.50000067182,9.934999157063,10.5));
#16929 = LINE('',#16930,#16931);
#16930 = CARTESIAN_POINT('',(-4.500000671821,9.935000842937,
    16.452916443316));
#16931 = VECTOR('',#16932,1.);
#16932 = DIRECTION('',(-0.85927266024,-1.448625408E-07,-0.511517834844)
  );
#16933 = ORIENTED_EDGE('',*,*,#16934,.T.);
#16934 = EDGE_CURVE('',#16927,#16359,#16935,.T.);
#16935 = LINE('',#16936,#16937);
#16936 = CARTESIAN_POINT('',(-14.50000067182,9.934999157063,10.5));
#16937 = VECTOR('',#16938,1.);
#16938 = DIRECTION('',(-1.1E-16,-1.1E-16,-1.));
#16939 = PLANE('',#16940);
#16940 = AXIS2_PLACEMENT_3D('',#16941,#16942,#16943);
#16941 = CARTESIAN_POINT('',(-14.00000067182,9.934999241357,6.5));
#16942 = DIRECTION('',(1.6858739668E-07,-1.,1.1E-16));
#16943 = DIRECTION('',(1.,1.6858739668E-07,0.));
#16944 = ADVANCED_FACE('',(#16945),#16963,.F.);
#16945 = FACE_BOUND('',#16946,.F.);
#16946 = EDGE_LOOP('',(#16947,#16955,#16961,#16962));
#16947 = ORIENTED_EDGE('',*,*,#16948,.F.);
#16948 = EDGE_CURVE('',#16949,#15843,#16951,.T.);
#16949 = VERTEX_POINT('',#16950);
#16950 = CARTESIAN_POINT('',(-14.00000073925,10.334999241357,
    10.50000552498));
#16951 = LINE('',#16952,#16953);
#16952 = CARTESIAN_POINT('',(-14.00000073925,10.334999241357,
    10.50000552498));
#16953 = VECTOR('',#16954,1.);
#16954 = DIRECTION('',(0.85927266024,1.448625408E-07,0.511517834844));
#16955 = ORIENTED_EDGE('',*,*,#16956,.T.);
#16956 = EDGE_CURVE('',#16949,#16912,#16957,.T.);
#16957 = LINE('',#16958,#16959);
#16958 = CARTESIAN_POINT('',(-14.00000073925,10.334999241357,
    10.50000552498));
#16959 = VECTOR('',#16960,1.);
#16960 = DIRECTION('',(1.685873967E-07,-1.,1.7E-16));
#16961 = ORIENTED_EDGE('',*,*,#16919,.T.);
#16962 = ORIENTED_EDGE('',*,*,#15842,.T.);
#16963 = PLANE('',#16964);
#16964 = AXIS2_PLACEMENT_3D('',#16965,#16966,#16967);
#16965 = CARTESIAN_POINT('',(-14.00000073925,10.334999241357,
    10.50000552498));
#16966 = DIRECTION('',(-0.511517834844,-8.623546004E-08,0.85927266024));
#16967 = DIRECTION('',(0.85927266024,1.4486254071E-07,0.511517834844));
#16968 = ADVANCED_FACE('',(#16969),#16994,.F.);
#16969 = FACE_BOUND('',#16970,.F.);
#16970 = EDGE_LOOP('',(#16971,#16972,#16978,#16979,#16980,#16988));
#16971 = ORIENTED_EDGE('',*,*,#16376,.T.);
#16972 = ORIENTED_EDGE('',*,*,#16973,.T.);
#16973 = EDGE_CURVE('',#16377,#16949,#16974,.T.);
#16974 = LINE('',#16975,#16976);
#16975 = CARTESIAN_POINT('',(-14.00000073925,10.334999241357,6.5));
#16976 = VECTOR('',#16977,1.);
#16977 = DIRECTION('',(1.1E-16,1.1E-16,1.));
#16978 = ORIENTED_EDGE('',*,*,#16948,.T.);
#16979 = ORIENTED_EDGE('',*,*,#15850,.T.);
#16980 = ORIENTED_EDGE('',*,*,#16981,.T.);
#16981 = EDGE_CURVE('',#15851,#16982,#16984,.T.);
#16982 = VERTEX_POINT('',#16983);
#16983 = CARTESIAN_POINT('',(-14.50000073925,10.334999157063,10.5));
#16984 = LINE('',#16985,#16986);
#16985 = CARTESIAN_POINT('',(-4.500000739256,10.335000842937,
    16.452916443316));
#16986 = VECTOR('',#16987,1.);
#16987 = DIRECTION('',(-0.85927266024,-1.448625408E-07,-0.511517834844)
  );
#16988 = ORIENTED_EDGE('',*,*,#16989,.T.);
#16989 = EDGE_CURVE('',#16982,#16369,#16990,.T.);
#16990 = LINE('',#16991,#16992);
#16991 = CARTESIAN_POINT('',(-14.50000073925,10.334999157063,10.5));
#16992 = VECTOR('',#16993,1.);
#16993 = DIRECTION('',(-1.1E-16,-1.1E-16,-1.));
#16994 = PLANE('',#16995);
#16995 = AXIS2_PLACEMENT_3D('',#16996,#16997,#16998);
#16996 = CARTESIAN_POINT('',(-14.00000073925,10.334999241357,6.5));
#16997 = DIRECTION('',(1.6858739668E-07,-1.,1.1E-16));
#16998 = DIRECTION('',(1.,1.6858739668E-07,0.));
#16999 = ADVANCED_FACE('',(#17000),#17011,.F.);
#17000 = FACE_BOUND('',#17001,.F.);
#17001 = EDGE_LOOP('',(#17002,#17003,#17004,#17005));
#17002 = ORIENTED_EDGE('',*,*,#16981,.F.);
#17003 = ORIENTED_EDGE('',*,*,#15858,.T.);
#17004 = ORIENTED_EDGE('',*,*,#16926,.T.);
#17005 = ORIENTED_EDGE('',*,*,#17006,.F.);
#17006 = EDGE_CURVE('',#16982,#16927,#17007,.T.);
#17007 = LINE('',#17008,#17009);
#17008 = CARTESIAN_POINT('',(-14.50000073925,10.334999157063,10.5));
#17009 = VECTOR('',#17010,1.);
#17010 = DIRECTION('',(1.685873967E-07,-1.,1.7E-16));
#17011 = PLANE('',#17012);
#17012 = AXIS2_PLACEMENT_3D('',#17013,#17014,#17015);
#17013 = CARTESIAN_POINT('',(-4.500000739256,10.335000842937,
    16.452916443316));
#17014 = DIRECTION('',(0.511517834844,8.623546004E-08,-0.85927266024));
#17015 = DIRECTION('',(-0.85927266024,-1.4486254071E-07,-0.511517834844)
  );
#17016 = ADVANCED_FACE('',(#17017),#17049,.T.);
#17017 = FACE_BOUND('',#17018,.T.);
#17018 = EDGE_LOOP('',(#17019,#17020,#17028,#17034,#17035,#17043));
#17019 = ORIENTED_EDGE('',*,*,#16324,.T.);
#17020 = ORIENTED_EDGE('',*,*,#17021,.T.);
#17021 = EDGE_CURVE('',#16327,#17022,#17024,.T.);
#17022 = VERTEX_POINT('',#17023);
#17023 = CARTESIAN_POINT('',(-14.00000045771,8.664999241357,
    10.50000552498));
#17024 = LINE('',#17025,#17026);
#17025 = CARTESIAN_POINT('',(-14.00000045771,8.664999241357,6.5));
#17026 = VECTOR('',#17027,1.);
#17027 = DIRECTION('',(1.1E-16,1.1E-16,1.));
#17028 = ORIENTED_EDGE('',*,*,#17029,.T.);
#17029 = EDGE_CURVE('',#17022,#15867,#17030,.T.);
#17030 = LINE('',#17031,#17032);
#17031 = CARTESIAN_POINT('',(-14.00000045771,8.664999241357,
    10.50000552498));
#17032 = VECTOR('',#17033,1.);
#17033 = DIRECTION('',(0.85927266024,1.448625408E-07,0.511517834844));
#17034 = ORIENTED_EDGE('',*,*,#15866,.T.);
#17035 = ORIENTED_EDGE('',*,*,#17036,.T.);
#17036 = EDGE_CURVE('',#15869,#17037,#17039,.T.);
#17037 = VERTEX_POINT('',#17038);
#17038 = CARTESIAN_POINT('',(-14.50000045771,8.664999157063,10.5));
#17039 = LINE('',#17040,#17041);
#17040 = CARTESIAN_POINT('',(-4.500000457715,8.665000842937,
    16.452916443316));
#17041 = VECTOR('',#17042,1.);
#17042 = DIRECTION('',(-0.85927266024,-1.448625408E-07,-0.511517834844)
  );
#17043 = ORIENTED_EDGE('',*,*,#17044,.T.);
#17044 = EDGE_CURVE('',#17037,#16325,#17045,.T.);
#17045 = LINE('',#17046,#17047);
#17046 = CARTESIAN_POINT('',(-14.50000045771,8.664999157063,10.5));
#17047 = VECTOR('',#17048,1.);
#17048 = DIRECTION('',(-1.1E-16,-1.1E-16,-1.));
#17049 = PLANE('',#17050);
#17050 = AXIS2_PLACEMENT_3D('',#17051,#17052,#17053);
#17051 = CARTESIAN_POINT('',(-14.00000045771,8.664999241357,6.5));
#17052 = DIRECTION('',(1.6858739668E-07,-1.,1.1E-16));
#17053 = DIRECTION('',(1.,1.6858739668E-07,0.));
#17054 = ADVANCED_FACE('',(#17055),#17073,.F.);
#17055 = FACE_BOUND('',#17056,.F.);
#17056 = EDGE_LOOP('',(#17057,#17065,#17071,#17072));
#17057 = ORIENTED_EDGE('',*,*,#17058,.F.);
#17058 = EDGE_CURVE('',#17059,#15877,#17061,.T.);
#17059 = VERTEX_POINT('',#17060);
#17060 = CARTESIAN_POINT('',(-14.00000052515,9.064999241357,
    10.50000552498));
#17061 = LINE('',#17062,#17063);
#17062 = CARTESIAN_POINT('',(-14.00000052515,9.064999241357,
    10.50000552498));
#17063 = VECTOR('',#17064,1.);
#17064 = DIRECTION('',(0.85927266024,1.448625408E-07,0.511517834844));
#17065 = ORIENTED_EDGE('',*,*,#17066,.T.);
#17066 = EDGE_CURVE('',#17059,#17022,#17067,.T.);
#17067 = LINE('',#17068,#17069);
#17068 = CARTESIAN_POINT('',(-14.00000052515,9.064999241357,
    10.50000552498));
#17069 = VECTOR('',#17070,1.);
#17070 = DIRECTION('',(1.685873967E-07,-1.,1.7E-16));
#17071 = ORIENTED_EDGE('',*,*,#17029,.T.);
#17072 = ORIENTED_EDGE('',*,*,#15876,.T.);
#17073 = PLANE('',#17074);
#17074 = AXIS2_PLACEMENT_3D('',#17075,#17076,#17077);
#17075 = CARTESIAN_POINT('',(-14.00000052515,9.064999241357,
    10.50000552498));
#17076 = DIRECTION('',(-0.511517834844,-8.623546004E-08,0.85927266024));
#17077 = DIRECTION('',(0.85927266024,1.4486254071E-07,0.511517834844));
#17078 = ADVANCED_FACE('',(#17079),#17104,.F.);
#17079 = FACE_BOUND('',#17080,.F.);
#17080 = EDGE_LOOP('',(#17081,#17082,#17088,#17089,#17090,#17098));
#17081 = ORIENTED_EDGE('',*,*,#16342,.T.);
#17082 = ORIENTED_EDGE('',*,*,#17083,.T.);
#17083 = EDGE_CURVE('',#16343,#17059,#17084,.T.);
#17084 = LINE('',#17085,#17086);
#17085 = CARTESIAN_POINT('',(-14.00000052515,9.064999241357,6.5));
#17086 = VECTOR('',#17087,1.);
#17087 = DIRECTION('',(1.1E-16,1.1E-16,1.));
#17088 = ORIENTED_EDGE('',*,*,#17058,.T.);
#17089 = ORIENTED_EDGE('',*,*,#15884,.T.);
#17090 = ORIENTED_EDGE('',*,*,#17091,.T.);
#17091 = EDGE_CURVE('',#15885,#17092,#17094,.T.);
#17092 = VERTEX_POINT('',#17093);
#17093 = CARTESIAN_POINT('',(-14.50000052515,9.064999157063,10.5));
#17094 = LINE('',#17095,#17096);
#17095 = CARTESIAN_POINT('',(-4.50000052515,9.065000842937,
    16.452916443316));
#17096 = VECTOR('',#17097,1.);
#17097 = DIRECTION('',(-0.85927266024,-1.448625408E-07,-0.511517834844)
  );
#17098 = ORIENTED_EDGE('',*,*,#17099,.T.);
#17099 = EDGE_CURVE('',#17092,#16335,#17100,.T.);
#17100 = LINE('',#17101,#17102);
#17101 = CARTESIAN_POINT('',(-14.50000052515,9.064999157063,10.5));
#17102 = VECTOR('',#17103,1.);
#17103 = DIRECTION('',(-1.1E-16,-1.1E-16,-1.));
#17104 = PLANE('',#17105);
#17105 = AXIS2_PLACEMENT_3D('',#17106,#17107,#17108);
#17106 = CARTESIAN_POINT('',(-14.00000052515,9.064999241357,6.5));
#17107 = DIRECTION('',(1.6858739668E-07,-1.,1.1E-16));
#17108 = DIRECTION('',(1.,1.6858739668E-07,0.));
#17109 = ADVANCED_FACE('',(#17110),#17121,.F.);
#17110 = FACE_BOUND('',#17111,.F.);
#17111 = EDGE_LOOP('',(#17112,#17113,#17114,#17115));
#17112 = ORIENTED_EDGE('',*,*,#17091,.F.);
#17113 = ORIENTED_EDGE('',*,*,#15892,.T.);
#17114 = ORIENTED_EDGE('',*,*,#17036,.T.);
#17115 = ORIENTED_EDGE('',*,*,#17116,.F.);
#17116 = EDGE_CURVE('',#17092,#17037,#17117,.T.);
#17117 = LINE('',#17118,#17119);
#17118 = CARTESIAN_POINT('',(-14.50000052515,9.064999157063,10.5));
#17119 = VECTOR('',#17120,1.);
#17120 = DIRECTION('',(1.685873967E-07,-1.,1.7E-16));
#17121 = PLANE('',#17122);
#17122 = AXIS2_PLACEMENT_3D('',#17123,#17124,#17125);
#17123 = CARTESIAN_POINT('',(-4.50000052515,9.065000842937,
    16.452916443316));
#17124 = DIRECTION('',(0.511517834844,8.623546004E-08,-0.85927266024));
#17125 = DIRECTION('',(-0.85927266024,-1.4486254071E-07,-0.511517834844)
  );
#17126 = ADVANCED_FACE('',(#17127),#17159,.T.);
#17127 = FACE_BOUND('',#17128,.T.);
#17128 = EDGE_LOOP('',(#17129,#17130,#17138,#17144,#17145,#17153));
#17129 = ORIENTED_EDGE('',*,*,#16460,.T.);
#17130 = ORIENTED_EDGE('',*,*,#17131,.T.);
#17131 = EDGE_CURVE('',#16463,#17132,#17134,.T.);
#17132 = VERTEX_POINT('',#17133);
#17133 = CARTESIAN_POINT('',(-14.00000088592,11.204999241357,
    10.50000552498));
#17134 = LINE('',#17135,#17136);
#17135 = CARTESIAN_POINT('',(-14.00000088592,11.204999241357,6.5));
#17136 = VECTOR('',#17137,1.);
#17137 = DIRECTION('',(1.1E-16,1.1E-16,1.));
#17138 = ORIENTED_EDGE('',*,*,#17139,.T.);
#17139 = EDGE_CURVE('',#17132,#15901,#17140,.T.);
#17140 = LINE('',#17141,#17142);
#17141 = CARTESIAN_POINT('',(-14.00000088592,11.204999241357,
    10.50000552498));
#17142 = VECTOR('',#17143,1.);
#17143 = DIRECTION('',(0.85927266024,1.448625408E-07,0.511517834844));
#17144 = ORIENTED_EDGE('',*,*,#15900,.T.);
#17145 = ORIENTED_EDGE('',*,*,#17146,.T.);
#17146 = EDGE_CURVE('',#15903,#17147,#17149,.T.);
#17147 = VERTEX_POINT('',#17148);
#17148 = CARTESIAN_POINT('',(-14.50000088592,11.204999157063,10.5));
#17149 = LINE('',#17150,#17151);
#17150 = CARTESIAN_POINT('',(-4.500000885927,11.205000842937,
    16.452916443316));
#17151 = VECTOR('',#17152,1.);
#17152 = DIRECTION('',(-0.85927266024,-1.448625408E-07,-0.511517834844)
  );
#17153 = ORIENTED_EDGE('',*,*,#17154,.T.);
#17154 = EDGE_CURVE('',#17147,#16461,#17155,.T.);
#17155 = LINE('',#17156,#17157);
#17156 = CARTESIAN_POINT('',(-14.50000088592,11.204999157063,10.5));
#17157 = VECTOR('',#17158,1.);
#17158 = DIRECTION('',(-1.1E-16,-1.1E-16,-1.));
#17159 = PLANE('',#17160);
#17160 = AXIS2_PLACEMENT_3D('',#17161,#17162,#17163);
#17161 = CARTESIAN_POINT('',(-14.00000088592,11.204999241357,6.5));
#17162 = DIRECTION('',(1.6858739668E-07,-1.,1.1E-16));
#17163 = DIRECTION('',(1.,1.6858739668E-07,0.));
#17164 = ADVANCED_FACE('',(#17165),#17183,.F.);
#17165 = FACE_BOUND('',#17166,.F.);
#17166 = EDGE_LOOP('',(#17167,#17175,#17181,#17182));
#17167 = ORIENTED_EDGE('',*,*,#17168,.F.);
#17168 = EDGE_CURVE('',#17169,#15911,#17171,.T.);
#17169 = VERTEX_POINT('',#17170);
#17170 = CARTESIAN_POINT('',(-14.00000095336,11.604999241357,
    10.50000552498));
#17171 = LINE('',#17172,#17173);
#17172 = CARTESIAN_POINT('',(-14.00000095336,11.604999241357,
    10.50000552498));
#17173 = VECTOR('',#17174,1.);
#17174 = DIRECTION('',(0.85927266024,1.448625408E-07,0.511517834844));
#17175 = ORIENTED_EDGE('',*,*,#17176,.T.);
#17176 = EDGE_CURVE('',#17169,#17132,#17177,.T.);
#17177 = LINE('',#17178,#17179);
#17178 = CARTESIAN_POINT('',(-14.00000095336,11.604999241357,
    10.50000552498));
#17179 = VECTOR('',#17180,1.);
#17180 = DIRECTION('',(1.685873967E-07,-1.,1.7E-16));
#17181 = ORIENTED_EDGE('',*,*,#17139,.T.);
#17182 = ORIENTED_EDGE('',*,*,#15910,.T.);
#17183 = PLANE('',#17184);
#17184 = AXIS2_PLACEMENT_3D('',#17185,#17186,#17187);
#17185 = CARTESIAN_POINT('',(-14.00000095336,11.604999241357,
    10.50000552498));
#17186 = DIRECTION('',(-0.511517834844,-8.623546004E-08,0.85927266024));
#17187 = DIRECTION('',(0.85927266024,1.4486254071E-07,0.511517834844));
#17188 = ADVANCED_FACE('',(#17189),#17214,.F.);
#17189 = FACE_BOUND('',#17190,.F.);
#17190 = EDGE_LOOP('',(#17191,#17192,#17198,#17199,#17200,#17208));
#17191 = ORIENTED_EDGE('',*,*,#16478,.T.);
#17192 = ORIENTED_EDGE('',*,*,#17193,.T.);
#17193 = EDGE_CURVE('',#16479,#17169,#17194,.T.);
#17194 = LINE('',#17195,#17196);
#17195 = CARTESIAN_POINT('',(-14.00000095336,11.604999241357,6.5));
#17196 = VECTOR('',#17197,1.);
#17197 = DIRECTION('',(1.1E-16,1.1E-16,1.));
#17198 = ORIENTED_EDGE('',*,*,#17168,.T.);
#17199 = ORIENTED_EDGE('',*,*,#15918,.T.);
#17200 = ORIENTED_EDGE('',*,*,#17201,.T.);
#17201 = EDGE_CURVE('',#15919,#17202,#17204,.T.);
#17202 = VERTEX_POINT('',#17203);
#17203 = CARTESIAN_POINT('',(-14.50000095336,11.604999157063,10.5));
#17204 = LINE('',#17205,#17206);
#17205 = CARTESIAN_POINT('',(-4.500000953362,11.605000842937,
    16.452916443316));
#17206 = VECTOR('',#17207,1.);
#17207 = DIRECTION('',(-0.85927266024,-1.448625408E-07,-0.511517834844)
  );
#17208 = ORIENTED_EDGE('',*,*,#17209,.T.);
#17209 = EDGE_CURVE('',#17202,#16471,#17210,.T.);
#17210 = LINE('',#17211,#17212);
#17211 = CARTESIAN_POINT('',(-14.50000095336,11.604999157063,10.5));
#17212 = VECTOR('',#17213,1.);
#17213 = DIRECTION('',(-1.1E-16,-1.1E-16,-1.));
#17214 = PLANE('',#17215);
#17215 = AXIS2_PLACEMENT_3D('',#17216,#17217,#17218);
#17216 = CARTESIAN_POINT('',(-14.00000095336,11.604999241357,6.5));
#17217 = DIRECTION('',(1.6858739668E-07,-1.,1.1E-16));
#17218 = DIRECTION('',(1.,1.6858739668E-07,0.));
#17219 = ADVANCED_FACE('',(#17220),#17231,.F.);
#17220 = FACE_BOUND('',#17221,.F.);
#17221 = EDGE_LOOP('',(#17222,#17223,#17224,#17225));
#17222 = ORIENTED_EDGE('',*,*,#17201,.F.);
#17223 = ORIENTED_EDGE('',*,*,#15926,.T.);
#17224 = ORIENTED_EDGE('',*,*,#17146,.T.);
#17225 = ORIENTED_EDGE('',*,*,#17226,.F.);
#17226 = EDGE_CURVE('',#17202,#17147,#17227,.T.);
#17227 = LINE('',#17228,#17229);
#17228 = CARTESIAN_POINT('',(-14.50000095336,11.604999157063,10.5));
#17229 = VECTOR('',#17230,1.);
#17230 = DIRECTION('',(1.685873967E-07,-1.,1.7E-16));
#17231 = PLANE('',#17232);
#17232 = AXIS2_PLACEMENT_3D('',#17233,#17234,#17235);
#17233 = CARTESIAN_POINT('',(-4.500000953362,11.605000842937,
    16.452916443316));
#17234 = DIRECTION('',(0.511517834844,8.623546004E-08,-0.85927266024));
#17235 = DIRECTION('',(-0.85927266024,-1.4486254071E-07,-0.511517834844)
  );
#17236 = ADVANCED_FACE('',(#17237),#17269,.F.);
#17237 = FACE_BOUND('',#17238,.F.);
#17238 = EDGE_LOOP('',(#17239,#17240,#17248,#17254,#17255,#17263));
#17239 = ORIENTED_EDGE('',*,*,#16444,.T.);
#17240 = ORIENTED_EDGE('',*,*,#17241,.T.);
#17241 = EDGE_CURVE('',#16445,#17242,#17244,.T.);
#17242 = VERTEX_POINT('',#17243);
#17243 = CARTESIAN_POINT('',(-14.00000116746,12.874999241357,
    10.50000552498));
#17244 = LINE('',#17245,#17246);
#17245 = CARTESIAN_POINT('',(-14.00000116746,12.874999241357,6.5));
#17246 = VECTOR('',#17247,1.);
#17247 = DIRECTION('',(1.1E-16,1.1E-16,1.));
#17248 = ORIENTED_EDGE('',*,*,#17249,.T.);
#17249 = EDGE_CURVE('',#17242,#15935,#17250,.T.);
#17250 = LINE('',#17251,#17252);
#17251 = CARTESIAN_POINT('',(-14.00000116746,12.874999241357,
    10.50000552498));
#17252 = VECTOR('',#17253,1.);
#17253 = DIRECTION('',(0.85927266024,1.448625408E-07,0.511517834844));
#17254 = ORIENTED_EDGE('',*,*,#15934,.T.);
#17255 = ORIENTED_EDGE('',*,*,#17256,.T.);
#17256 = EDGE_CURVE('',#15937,#17257,#17259,.T.);
#17257 = VERTEX_POINT('',#17258);
#17258 = CARTESIAN_POINT('',(-14.50000116746,12.874999157063,10.5));
#17259 = LINE('',#17260,#17261);
#17260 = CARTESIAN_POINT('',(-4.500001167468,12.875000842937,
    16.452916443316));
#17261 = VECTOR('',#17262,1.);
#17262 = DIRECTION('',(-0.85927266024,-1.448625408E-07,-0.511517834844)
  );
#17263 = ORIENTED_EDGE('',*,*,#17264,.T.);
#17264 = EDGE_CURVE('',#17257,#16437,#17265,.T.);
#17265 = LINE('',#17266,#17267);
#17266 = CARTESIAN_POINT('',(-14.50000116746,12.874999157063,10.5));
#17267 = VECTOR('',#17268,1.);
#17268 = DIRECTION('',(-1.1E-16,-1.1E-16,-1.));
#17269 = PLANE('',#17270);
#17270 = AXIS2_PLACEMENT_3D('',#17271,#17272,#17273);
#17271 = CARTESIAN_POINT('',(-14.00000116746,12.874999241357,6.5));
#17272 = DIRECTION('',(1.6858739668E-07,-1.,1.1E-16));
#17273 = DIRECTION('',(1.,1.6858739668E-07,0.));
#17274 = ADVANCED_FACE('',(#17275),#17293,.F.);
#17275 = FACE_BOUND('',#17276,.F.);
#17276 = EDGE_LOOP('',(#17277,#17278,#17279,#17287));
#17277 = ORIENTED_EDGE('',*,*,#17256,.F.);
#17278 = ORIENTED_EDGE('',*,*,#15944,.T.);
#17279 = ORIENTED_EDGE('',*,*,#17280,.T.);
#17280 = EDGE_CURVE('',#15945,#17281,#17283,.T.);
#17281 = VERTEX_POINT('',#17282);
#17282 = CARTESIAN_POINT('',(-14.50000110003,12.474999157063,10.5));
#17283 = LINE('',#17284,#17285);
#17284 = CARTESIAN_POINT('',(-4.500001100033,12.475000842937,
    16.452916443316));
#17285 = VECTOR('',#17286,1.);
#17286 = DIRECTION('',(-0.85927266024,-1.448625408E-07,-0.511517834844)
  );
#17287 = ORIENTED_EDGE('',*,*,#17288,.F.);
#17288 = EDGE_CURVE('',#17257,#17281,#17289,.T.);
#17289 = LINE('',#17290,#17291);
#17290 = CARTESIAN_POINT('',(-14.50000116746,12.874999157063,10.5));
#17291 = VECTOR('',#17292,1.);
#17292 = DIRECTION('',(1.685873967E-07,-1.,1.7E-16));
#17293 = PLANE('',#17294);
#17294 = AXIS2_PLACEMENT_3D('',#17295,#17296,#17297);
#17295 = CARTESIAN_POINT('',(-4.500001167468,12.875000842937,
    16.452916443316));
#17296 = DIRECTION('',(0.511517834844,8.623546004E-08,-0.85927266024));
#17297 = DIRECTION('',(-0.85927266024,-1.4486254071E-07,-0.511517834844)
  );
#17298 = ADVANCED_FACE('',(#17299),#17324,.T.);
#17299 = FACE_BOUND('',#17300,.T.);
#17300 = EDGE_LOOP('',(#17301,#17302,#17310,#17316,#17317,#17318));
#17301 = ORIENTED_EDGE('',*,*,#16426,.T.);
#17302 = ORIENTED_EDGE('',*,*,#17303,.T.);
#17303 = EDGE_CURVE('',#16429,#17304,#17306,.T.);
#17304 = VERTEX_POINT('',#17305);
#17305 = CARTESIAN_POINT('',(-14.00000110003,12.474999241357,
    10.50000552498));
#17306 = LINE('',#17307,#17308);
#17307 = CARTESIAN_POINT('',(-14.00000110003,12.474999241357,6.5));
#17308 = VECTOR('',#17309,1.);
#17309 = DIRECTION('',(1.1E-16,1.1E-16,1.));
#17310 = ORIENTED_EDGE('',*,*,#17311,.T.);
#17311 = EDGE_CURVE('',#17304,#15953,#17312,.T.);
#17312 = LINE('',#17313,#17314);
#17313 = CARTESIAN_POINT('',(-14.00000110003,12.474999241357,
    10.50000552498));
#17314 = VECTOR('',#17315,1.);
#17315 = DIRECTION('',(0.85927266024,1.448625408E-07,0.511517834844));
#17316 = ORIENTED_EDGE('',*,*,#15952,.T.);
#17317 = ORIENTED_EDGE('',*,*,#17280,.T.);
#17318 = ORIENTED_EDGE('',*,*,#17319,.T.);
#17319 = EDGE_CURVE('',#17281,#16427,#17320,.T.);
#17320 = LINE('',#17321,#17322);
#17321 = CARTESIAN_POINT('',(-14.50000110003,12.474999157063,10.5));
#17322 = VECTOR('',#17323,1.);
#17323 = DIRECTION('',(-1.1E-16,-1.1E-16,-1.));
#17324 = PLANE('',#17325);
#17325 = AXIS2_PLACEMENT_3D('',#17326,#17327,#17328);
#17326 = CARTESIAN_POINT('',(-14.00000110003,12.474999241357,6.5));
#17327 = DIRECTION('',(1.6858739668E-07,-1.,1.1E-16));
#17328 = DIRECTION('',(1.,1.6858739668E-07,0.));
#17329 = ADVANCED_FACE('',(#17330),#17341,.F.);
#17330 = FACE_BOUND('',#17331,.F.);
#17331 = EDGE_LOOP('',(#17332,#17333,#17339,#17340));
#17332 = ORIENTED_EDGE('',*,*,#17249,.F.);
#17333 = ORIENTED_EDGE('',*,*,#17334,.T.);
#17334 = EDGE_CURVE('',#17242,#17304,#17335,.T.);
#17335 = LINE('',#17336,#17337);
#17336 = CARTESIAN_POINT('',(-14.00000116746,12.874999241357,
    10.50000552498));
#17337 = VECTOR('',#17338,1.);
#17338 = DIRECTION('',(1.685873967E-07,-1.,1.7E-16));
#17339 = ORIENTED_EDGE('',*,*,#17311,.T.);
#17340 = ORIENTED_EDGE('',*,*,#15960,.T.);
#17341 = PLANE('',#17342);
#17342 = AXIS2_PLACEMENT_3D('',#17343,#17344,#17345);
#17343 = CARTESIAN_POINT('',(-14.00000116746,12.874999241357,
    10.50000552498));
#17344 = DIRECTION('',(-0.511517834844,-8.623546004E-08,0.85927266024));
#17345 = DIRECTION('',(0.85927266024,1.4486254071E-07,0.511517834844));
#17346 = ADVANCED_FACE('',(#17347),#17379,.T.);
#17347 = FACE_BOUND('',#17348,.T.);
#17348 = EDGE_LOOP('',(#17349,#17350,#17358,#17364,#17365,#17373));
#17349 = ORIENTED_EDGE('',*,*,#16410,.T.);
#17350 = ORIENTED_EDGE('',*,*,#17351,.T.);
#17351 = EDGE_CURVE('',#16403,#17352,#17354,.T.);
#17352 = VERTEX_POINT('',#17353);
#17353 = CARTESIAN_POINT('',(-14.00000131413,13.744999241357,
    10.50000552498));
#17354 = LINE('',#17355,#17356);
#17355 = CARTESIAN_POINT('',(-14.00000131413,13.744999241357,6.5));
#17356 = VECTOR('',#17357,1.);
#17357 = DIRECTION('',(1.1E-16,1.1E-16,1.));
#17358 = ORIENTED_EDGE('',*,*,#17359,.T.);
#17359 = EDGE_CURVE('',#17352,#15969,#17360,.T.);
#17360 = LINE('',#17361,#17362);
#17361 = CARTESIAN_POINT('',(-14.00000131413,13.744999241357,
    10.50000552498));
#17362 = VECTOR('',#17363,1.);
#17363 = DIRECTION('',(0.85927266024,1.448625408E-07,0.511517834844));
#17364 = ORIENTED_EDGE('',*,*,#15968,.T.);
#17365 = ORIENTED_EDGE('',*,*,#17366,.T.);
#17366 = EDGE_CURVE('',#15971,#17367,#17369,.T.);
#17367 = VERTEX_POINT('',#17368);
#17368 = CARTESIAN_POINT('',(-14.50000131413,13.744999157063,10.5));
#17369 = LINE('',#17370,#17371);
#17370 = CARTESIAN_POINT('',(-4.500001314139,13.745000842937,
    16.452916443316));
#17371 = VECTOR('',#17372,1.);
#17372 = DIRECTION('',(-0.85927266024,-1.448625408E-07,-0.511517834844)
  );
#17373 = ORIENTED_EDGE('',*,*,#17374,.T.);
#17374 = EDGE_CURVE('',#17367,#16411,#17375,.T.);
#17375 = LINE('',#17376,#17377);
#17376 = CARTESIAN_POINT('',(-14.50000131413,13.744999157063,10.5));
#17377 = VECTOR('',#17378,1.);
#17378 = DIRECTION('',(-1.1E-16,-1.1E-16,-1.));
#17379 = PLANE('',#17380);
#17380 = AXIS2_PLACEMENT_3D('',#17381,#17382,#17383);
#17381 = CARTESIAN_POINT('',(-14.00000131413,13.744999241357,6.5));
#17382 = DIRECTION('',(1.6858739668E-07,-1.,1.1E-16));
#17383 = DIRECTION('',(1.,1.6858739668E-07,0.));
#17384 = ADVANCED_FACE('',(#17385),#17403,.F.);
#17385 = FACE_BOUND('',#17386,.F.);
#17386 = EDGE_LOOP('',(#17387,#17395,#17401,#17402));
#17387 = ORIENTED_EDGE('',*,*,#17388,.F.);
#17388 = EDGE_CURVE('',#17389,#15979,#17391,.T.);
#17389 = VERTEX_POINT('',#17390);
#17390 = CARTESIAN_POINT('',(-14.00000138157,14.144999241357,
    10.50000552498));
#17391 = LINE('',#17392,#17393);
#17392 = CARTESIAN_POINT('',(-14.00000138157,14.144999241357,
    10.50000552498));
#17393 = VECTOR('',#17394,1.);
#17394 = DIRECTION('',(0.85927266024,1.448625408E-07,0.511517834844));
#17395 = ORIENTED_EDGE('',*,*,#17396,.T.);
#17396 = EDGE_CURVE('',#17389,#17352,#17397,.T.);
#17397 = LINE('',#17398,#17399);
#17398 = CARTESIAN_POINT('',(-14.00000138157,14.144999241357,
    10.50000552498));
#17399 = VECTOR('',#17400,1.);
#17400 = DIRECTION('',(1.685873967E-07,-1.,1.7E-16));
#17401 = ORIENTED_EDGE('',*,*,#17359,.T.);
#17402 = ORIENTED_EDGE('',*,*,#15978,.T.);
#17403 = PLANE('',#17404);
#17404 = AXIS2_PLACEMENT_3D('',#17405,#17406,#17407);
#17405 = CARTESIAN_POINT('',(-14.00000138157,14.144999241357,
    10.50000552498));
#17406 = DIRECTION('',(-0.511517834844,-8.623546004E-08,0.85927266024));
#17407 = DIRECTION('',(0.85927266024,1.4486254071E-07,0.511517834844));
#17408 = ADVANCED_FACE('',(#17409),#17434,.F.);
#17409 = FACE_BOUND('',#17410,.F.);
#17410 = EDGE_LOOP('',(#17411,#17412,#17418,#17419,#17420,#17428));
#17411 = ORIENTED_EDGE('',*,*,#16392,.T.);
#17412 = ORIENTED_EDGE('',*,*,#17413,.T.);
#17413 = EDGE_CURVE('',#16395,#17389,#17414,.T.);
#17414 = LINE('',#17415,#17416);
#17415 = CARTESIAN_POINT('',(-14.00000138157,14.144999241357,6.5));
#17416 = VECTOR('',#17417,1.);
#17417 = DIRECTION('',(1.1E-16,1.1E-16,1.));
#17418 = ORIENTED_EDGE('',*,*,#17388,.T.);
#17419 = ORIENTED_EDGE('',*,*,#15986,.T.);
#17420 = ORIENTED_EDGE('',*,*,#17421,.T.);
#17421 = EDGE_CURVE('',#15987,#17422,#17424,.T.);
#17422 = VERTEX_POINT('',#17423);
#17423 = CARTESIAN_POINT('',(-14.50000138157,14.144999157063,10.5));
#17424 = LINE('',#17425,#17426);
#17425 = CARTESIAN_POINT('',(-4.500001381574,14.145000842937,
    16.452916443316));
#17426 = VECTOR('',#17427,1.);
#17427 = DIRECTION('',(-0.85927266024,-1.448625408E-07,-0.511517834844)
  );
#17428 = ORIENTED_EDGE('',*,*,#17429,.T.);
#17429 = EDGE_CURVE('',#17422,#16393,#17430,.T.);
#17430 = LINE('',#17431,#17432);
#17431 = CARTESIAN_POINT('',(-14.50000138157,14.144999157063,10.5));
#17432 = VECTOR('',#17433,1.);
#17433 = DIRECTION('',(-1.1E-16,-1.1E-16,-1.));
#17434 = PLANE('',#17435);
#17435 = AXIS2_PLACEMENT_3D('',#17436,#17437,#17438);
#17436 = CARTESIAN_POINT('',(-14.00000138157,14.144999241357,6.5));
#17437 = DIRECTION('',(1.6858739668E-07,-1.,1.1E-16));
#17438 = DIRECTION('',(1.,1.6858739668E-07,0.));
#17439 = ADVANCED_FACE('',(#17440),#17451,.F.);
#17440 = FACE_BOUND('',#17441,.F.);
#17441 = EDGE_LOOP('',(#17442,#17443,#17444,#17445));
#17442 = ORIENTED_EDGE('',*,*,#17421,.F.);
#17443 = ORIENTED_EDGE('',*,*,#15994,.T.);
#17444 = ORIENTED_EDGE('',*,*,#17366,.T.);
#17445 = ORIENTED_EDGE('',*,*,#17446,.F.);
#17446 = EDGE_CURVE('',#17422,#17367,#17447,.T.);
#17447 = LINE('',#17448,#17449);
#17448 = CARTESIAN_POINT('',(-14.50000138157,14.144999157063,10.5));
#17449 = VECTOR('',#17450,1.);
#17450 = DIRECTION('',(1.685873967E-07,-1.,1.7E-16));
#17451 = PLANE('',#17452);
#17452 = AXIS2_PLACEMENT_3D('',#17453,#17454,#17455);
#17453 = CARTESIAN_POINT('',(-4.500001381574,14.145000842937,
    16.452916443316));
#17454 = DIRECTION('',(0.511517834844,8.623546004E-08,-0.85927266024));
#17455 = DIRECTION('',(-0.85927266024,-1.4486254071E-07,-0.511517834844)
  );
#17456 = ADVANCED_FACE('',(#17457),#17463,.T.);
#17457 = FACE_BOUND('',#17458,.T.);
#17458 = EDGE_LOOP('',(#17459,#17460,#17461,#17462));
#17459 = ORIENTED_EDGE('',*,*,#16142,.F.);
#17460 = ORIENTED_EDGE('',*,*,#16181,.F.);
#17461 = ORIENTED_EDGE('',*,*,#16197,.F.);
#17462 = ORIENTED_EDGE('',*,*,#16222,.F.);
#17463 = PLANE('',#17464);
#17464 = AXIS2_PLACEMENT_3D('',#17465,#17466,#17467);
#17465 = CARTESIAN_POINT('',(-17.80000004973,6.244998600725,19.4));
#17466 = DIRECTION('',(-1.,-1.6858739688E-07,6.7E-16));
#17467 = DIRECTION('',(-6.7E-16,-1.598672317118E-36,-1.));
#17468 = ADVANCED_FACE('',(#17469),#17475,.F.);
#17469 = FACE_BOUND('',#17470,.F.);
#17470 = EDGE_LOOP('',(#17471,#17472,#17473,#17474));
#17471 = ORIENTED_EDGE('',*,*,#16769,.F.);
#17472 = ORIENTED_EDGE('',*,*,#16786,.T.);
#17473 = ORIENTED_EDGE('',*,*,#16714,.T.);
#17474 = ORIENTED_EDGE('',*,*,#16256,.T.);
#17475 = PLANE('',#17476);
#17476 = AXIS2_PLACEMENT_3D('',#17477,#17478,#17479);
#17477 = CARTESIAN_POINT('',(-14.50000009693,6.524999157063,10.5));
#17478 = DIRECTION('',(1.,1.6858739677E-07,-1.1E-16));
#17479 = DIRECTION('',(-1.1E-16,-2.64486228935E-37,-1.));
#17480 = ADVANCED_FACE('',(#17481),#17487,.F.);
#17481 = FACE_BOUND('',#17482,.F.);
#17482 = EDGE_LOOP('',(#17483,#17484,#17485,#17486));
#17483 = ORIENTED_EDGE('',*,*,#16753,.F.);
#17484 = ORIENTED_EDGE('',*,*,#16274,.T.);
#17485 = ORIENTED_EDGE('',*,*,#16691,.T.);
#17486 = ORIENTED_EDGE('',*,*,#16736,.F.);
#17487 = PLANE('',#17488);
#17488 = AXIS2_PLACEMENT_3D('',#17489,#17490,#17491);
#17489 = CARTESIAN_POINT('',(-14.00000009693,6.524999241357,6.5));
#17490 = DIRECTION('',(-1.,-1.6858739677E-07,1.1E-16));
#17491 = DIRECTION('',(1.1E-16,2.64486228935E-37,1.));
#17492 = ADVANCED_FACE('',(#17493),#17499,.F.);
#17493 = FACE_BOUND('',#17494,.F.);
#17494 = EDGE_LOOP('',(#17495,#17496,#17497,#17498));
#17495 = ORIENTED_EDGE('',*,*,#16879,.F.);
#17496 = ORIENTED_EDGE('',*,*,#16896,.T.);
#17497 = ORIENTED_EDGE('',*,*,#16824,.T.);
#17498 = ORIENTED_EDGE('',*,*,#16300,.T.);
#17499 = PLANE('',#17500);
#17500 = AXIS2_PLACEMENT_3D('',#17501,#17502,#17503);
#17501 = CARTESIAN_POINT('',(-14.50000031104,7.794999157063,10.5));
#17502 = DIRECTION('',(1.,1.6858739677E-07,-1.1E-16));
#17503 = DIRECTION('',(-1.1E-16,-2.64486228935E-37,-1.));
#17504 = ADVANCED_FACE('',(#17505),#17511,.F.);
#17505 = FACE_BOUND('',#17506,.F.);
#17506 = EDGE_LOOP('',(#17507,#17508,#17509,#17510));
#17507 = ORIENTED_EDGE('',*,*,#16863,.F.);
#17508 = ORIENTED_EDGE('',*,*,#16316,.T.);
#17509 = ORIENTED_EDGE('',*,*,#16801,.T.);
#17510 = ORIENTED_EDGE('',*,*,#16846,.F.);
#17511 = PLANE('',#17512);
#17512 = AXIS2_PLACEMENT_3D('',#17513,#17514,#17515);
#17513 = CARTESIAN_POINT('',(-14.00000031104,7.794999241357,6.5));
#17514 = DIRECTION('',(-1.,-1.6858739677E-07,1.1E-16));
#17515 = DIRECTION('',(1.1E-16,2.64486228935E-37,1.));
#17516 = ADVANCED_FACE('',(#17517),#17523,.F.);
#17517 = FACE_BOUND('',#17518,.F.);
#17518 = EDGE_LOOP('',(#17519,#17520,#17521,#17522));
#17519 = ORIENTED_EDGE('',*,*,#17099,.F.);
#17520 = ORIENTED_EDGE('',*,*,#17116,.T.);
#17521 = ORIENTED_EDGE('',*,*,#17044,.T.);
#17522 = ORIENTED_EDGE('',*,*,#16334,.T.);
#17523 = PLANE('',#17524);
#17524 = AXIS2_PLACEMENT_3D('',#17525,#17526,#17527);
#17525 = CARTESIAN_POINT('',(-14.50000052515,9.064999157063,10.5));
#17526 = DIRECTION('',(1.,1.6858739677E-07,-1.1E-16));
#17527 = DIRECTION('',(-1.1E-16,-2.64486228935E-37,-1.));
#17528 = ADVANCED_FACE('',(#17529),#17535,.F.);
#17529 = FACE_BOUND('',#17530,.F.);
#17530 = EDGE_LOOP('',(#17531,#17532,#17533,#17534));
#17531 = ORIENTED_EDGE('',*,*,#17083,.F.);
#17532 = ORIENTED_EDGE('',*,*,#16350,.T.);
#17533 = ORIENTED_EDGE('',*,*,#17021,.T.);
#17534 = ORIENTED_EDGE('',*,*,#17066,.F.);
#17535 = PLANE('',#17536);
#17536 = AXIS2_PLACEMENT_3D('',#17537,#17538,#17539);
#17537 = CARTESIAN_POINT('',(-14.00000052515,9.064999241357,6.5));
#17538 = DIRECTION('',(-1.,-1.6858739677E-07,1.1E-16));
#17539 = DIRECTION('',(1.1E-16,2.64486228935E-37,1.));
#17540 = ADVANCED_FACE('',(#17541),#17547,.F.);
#17541 = FACE_BOUND('',#17542,.F.);
#17542 = EDGE_LOOP('',(#17543,#17544,#17545,#17546));
#17543 = ORIENTED_EDGE('',*,*,#16989,.F.);
#17544 = ORIENTED_EDGE('',*,*,#17006,.T.);
#17545 = ORIENTED_EDGE('',*,*,#16934,.T.);
#17546 = ORIENTED_EDGE('',*,*,#16368,.T.);
#17547 = PLANE('',#17548);
#17548 = AXIS2_PLACEMENT_3D('',#17549,#17550,#17551);
#17549 = CARTESIAN_POINT('',(-14.50000073925,10.334999157063,10.5));
#17550 = DIRECTION('',(1.,1.6858739677E-07,-1.1E-16));
#17551 = DIRECTION('',(-1.1E-16,-2.64486228935E-37,-1.));
#17552 = ADVANCED_FACE('',(#17553),#17559,.F.);
#17553 = FACE_BOUND('',#17554,.F.);
#17554 = EDGE_LOOP('',(#17555,#17556,#17557,#17558));
#17555 = ORIENTED_EDGE('',*,*,#16973,.F.);
#17556 = ORIENTED_EDGE('',*,*,#16384,.T.);
#17557 = ORIENTED_EDGE('',*,*,#16911,.T.);
#17558 = ORIENTED_EDGE('',*,*,#16956,.F.);
#17559 = PLANE('',#17560);
#17560 = AXIS2_PLACEMENT_3D('',#17561,#17562,#17563);
#17561 = CARTESIAN_POINT('',(-14.00000073925,10.334999241357,6.5));
#17562 = DIRECTION('',(-1.,-1.6858739677E-07,1.1E-16));
#17563 = DIRECTION('',(1.1E-16,2.64486228935E-37,1.));
#17564 = ADVANCED_FACE('',(#17565),#17571,.F.);
#17565 = FACE_BOUND('',#17566,.F.);
#17566 = EDGE_LOOP('',(#17567,#17568,#17569,#17570));
#17567 = ORIENTED_EDGE('',*,*,#17413,.F.);
#17568 = ORIENTED_EDGE('',*,*,#16402,.T.);
#17569 = ORIENTED_EDGE('',*,*,#17351,.T.);
#17570 = ORIENTED_EDGE('',*,*,#17396,.F.);
#17571 = PLANE('',#17572);
#17572 = AXIS2_PLACEMENT_3D('',#17573,#17574,#17575);
#17573 = CARTESIAN_POINT('',(-14.00000138157,14.144999241357,6.5));
#17574 = DIRECTION('',(-1.,-1.6858739677E-07,1.1E-16));
#17575 = DIRECTION('',(1.1E-16,2.64486228935E-37,1.));
#17576 = ADVANCED_FACE('',(#17577),#17583,.F.);
#17577 = FACE_BOUND('',#17578,.F.);
#17578 = EDGE_LOOP('',(#17579,#17580,#17581,#17582));
#17579 = ORIENTED_EDGE('',*,*,#17429,.F.);
#17580 = ORIENTED_EDGE('',*,*,#17446,.T.);
#17581 = ORIENTED_EDGE('',*,*,#17374,.T.);
#17582 = ORIENTED_EDGE('',*,*,#16418,.T.);
#17583 = PLANE('',#17584);
#17584 = AXIS2_PLACEMENT_3D('',#17585,#17586,#17587);
#17585 = CARTESIAN_POINT('',(-14.50000138157,14.144999157063,10.5));
#17586 = DIRECTION('',(1.,1.6858739677E-07,-1.1E-16));
#17587 = DIRECTION('',(-1.1E-16,-2.64486228935E-37,-1.));
#17588 = ADVANCED_FACE('',(#17589),#17595,.F.);
#17589 = FACE_BOUND('',#17590,.F.);
#17590 = EDGE_LOOP('',(#17591,#17592,#17593,#17594));
#17591 = ORIENTED_EDGE('',*,*,#17264,.F.);
#17592 = ORIENTED_EDGE('',*,*,#17288,.T.);
#17593 = ORIENTED_EDGE('',*,*,#17319,.T.);
#17594 = ORIENTED_EDGE('',*,*,#16436,.T.);
#17595 = PLANE('',#17596);
#17596 = AXIS2_PLACEMENT_3D('',#17597,#17598,#17599);
#17597 = CARTESIAN_POINT('',(-14.50000116746,12.874999157063,10.5));
#17598 = DIRECTION('',(1.,1.6858739677E-07,-1.1E-16));
#17599 = DIRECTION('',(-1.1E-16,-2.64486228935E-37,-1.));
#17600 = ADVANCED_FACE('',(#17601),#17607,.F.);
#17601 = FACE_BOUND('',#17602,.F.);
#17602 = EDGE_LOOP('',(#17603,#17604,#17605,#17606));
#17603 = ORIENTED_EDGE('',*,*,#17241,.F.);
#17604 = ORIENTED_EDGE('',*,*,#16452,.T.);
#17605 = ORIENTED_EDGE('',*,*,#17303,.T.);
#17606 = ORIENTED_EDGE('',*,*,#17334,.F.);
#17607 = PLANE('',#17608);
#17608 = AXIS2_PLACEMENT_3D('',#17609,#17610,#17611);
#17609 = CARTESIAN_POINT('',(-14.00000116746,12.874999241357,6.5));
#17610 = DIRECTION('',(-1.,-1.6858739677E-07,1.1E-16));
#17611 = DIRECTION('',(1.1E-16,2.64486228935E-37,1.));
#17612 = ADVANCED_FACE('',(#17613),#17619,.F.);
#17613 = FACE_BOUND('',#17614,.F.);
#17614 = EDGE_LOOP('',(#17615,#17616,#17617,#17618));
#17615 = ORIENTED_EDGE('',*,*,#17209,.F.);
#17616 = ORIENTED_EDGE('',*,*,#17226,.T.);
#17617 = ORIENTED_EDGE('',*,*,#17154,.T.);
#17618 = ORIENTED_EDGE('',*,*,#16470,.T.);
#17619 = PLANE('',#17620);
#17620 = AXIS2_PLACEMENT_3D('',#17621,#17622,#17623);
#17621 = CARTESIAN_POINT('',(-14.50000095336,11.604999157063,10.5));
#17622 = DIRECTION('',(1.,1.6858739677E-07,-1.1E-16));
#17623 = DIRECTION('',(-1.1E-16,-2.64486228935E-37,-1.));
#17624 = ADVANCED_FACE('',(#17625),#17631,.F.);
#17625 = FACE_BOUND('',#17626,.F.);
#17626 = EDGE_LOOP('',(#17627,#17628,#17629,#17630));
#17627 = ORIENTED_EDGE('',*,*,#17193,.F.);
#17628 = ORIENTED_EDGE('',*,*,#16486,.T.);
#17629 = ORIENTED_EDGE('',*,*,#17131,.T.);
#17630 = ORIENTED_EDGE('',*,*,#17176,.F.);
#17631 = PLANE('',#17632);
#17632 = AXIS2_PLACEMENT_3D('',#17633,#17634,#17635);
#17633 = CARTESIAN_POINT('',(-14.00000095336,11.604999241357,6.5));
#17634 = DIRECTION('',(-1.,-1.6858739677E-07,1.1E-16));
#17635 = DIRECTION('',(1.1E-16,2.64486228935E-37,1.));
#17636 = ADVANCED_FACE('',(#17637),#17643,.F.);
#17637 = FACE_BOUND('',#17638,.F.);
#17638 = EDGE_LOOP('',(#17639,#17640,#17641,#17642));
#17639 = ORIENTED_EDGE('',*,*,#16659,.F.);
#17640 = ORIENTED_EDGE('',*,*,#16676,.T.);
#17641 = ORIENTED_EDGE('',*,*,#16604,.T.);
#17642 = ORIENTED_EDGE('',*,*,#16504,.T.);
#17643 = PLANE('',#17644);
#17644 = AXIS2_PLACEMENT_3D('',#17645,#17646,#17647);
#17645 = CARTESIAN_POINT('',(-14.49999988283,5.254999157063,10.5));
#17646 = DIRECTION('',(1.,1.6858739677E-07,-1.1E-16));
#17647 = DIRECTION('',(-1.1E-16,-2.64486228935E-37,-1.));
#17648 = ADVANCED_FACE('',(#17649),#17655,.F.);
#17649 = FACE_BOUND('',#17650,.F.);
#17650 = EDGE_LOOP('',(#17651,#17652,#17653,#17654));
#17651 = ORIENTED_EDGE('',*,*,#16643,.F.);
#17652 = ORIENTED_EDGE('',*,*,#16520,.T.);
#17653 = ORIENTED_EDGE('',*,*,#16581,.T.);
#17654 = ORIENTED_EDGE('',*,*,#16626,.F.);
#17655 = PLANE('',#17656);
#17656 = AXIS2_PLACEMENT_3D('',#17657,#17658,#17659);
#17657 = CARTESIAN_POINT('',(-13.99999988283,5.254999241357,6.5));
#17658 = DIRECTION('',(-1.,-1.6858739677E-07,1.1E-16));
#17659 = DIRECTION('',(1.1E-16,2.64486228935E-37,1.));
#17660 = ADVANCED_FACE('',(#17661,#17689,#17700,#17734,#17745,#17756,
    #17767,#17778,#17789,#17800,#17811,#17822,#17833,#17844,#17855),
  #17866,.T.);
#17661 = FACE_BOUND('',#17662,.T.);
#17662 = EDGE_LOOP('',(#17663,#17664,#17665,#17666,#17674,#17683));
#17663 = ORIENTED_EDGE('',*,*,#14871,.F.);
#17664 = ORIENTED_EDGE('',*,*,#14776,.F.);
#17665 = ORIENTED_EDGE('',*,*,#14807,.F.);
#17666 = ORIENTED_EDGE('',*,*,#17667,.T.);
#17667 = EDGE_CURVE('',#14808,#17668,#17670,.T.);
#17668 = VERTEX_POINT('',#17669);
#17669 = CARTESIAN_POINT('',(-10.80362332027,2.095486,6.5));
#17670 = LINE('',#17671,#17672);
#17671 = CARTESIAN_POINT('',(0.792853,2.095486,6.5));
#17672 = VECTOR('',#17673,1.);
#17673 = DIRECTION('',(-1.,0.,0.));
#17674 = ORIENTED_EDGE('',*,*,#17675,.T.);
#17675 = EDGE_CURVE('',#17668,#17676,#17678,.T.);
#17676 = VERTEX_POINT('',#17677);
#17677 = CARTESIAN_POINT('',(-13.27637573563,2.095486,6.5));
#17678 = CIRCLE('',#17679,1.625);
#17679 = AXIS2_PLACEMENT_3D('',#17680,#17681,#17682);
#17680 = CARTESIAN_POINT('',(-12.03999952795,3.149999571788,6.5));
#17681 = DIRECTION('',(-0.,0.,1.));
#17682 = DIRECTION('',(1.6858739688E-07,-1.,0.));
#17683 = ORIENTED_EDGE('',*,*,#17684,.T.);
#17684 = EDGE_CURVE('',#17676,#14864,#17685,.T.);
#17685 = LINE('',#17686,#17687);
#17686 = CARTESIAN_POINT('',(0.792853,2.095486,6.5));
#17687 = VECTOR('',#17688,1.);
#17688 = DIRECTION('',(-1.,0.,0.));
#17689 = FACE_BOUND('',#17690,.T.);
#17690 = EDGE_LOOP('',(#17691));
#17691 = ORIENTED_EDGE('',*,*,#17692,.T.);
#17692 = EDGE_CURVE('',#17693,#17693,#17695,.T.);
#17693 = VERTEX_POINT('',#17694);
#17694 = CARTESIAN_POINT('',(-12.04000139506,14.224999571788,6.5));
#17695 = CIRCLE('',#17696,1.625);
#17696 = AXIS2_PLACEMENT_3D('',#17697,#17698,#17699);
#17697 = CARTESIAN_POINT('',(-12.04000166901,15.849999571788,6.5));
#17698 = DIRECTION('',(-0.,0.,1.));
#17699 = DIRECTION('',(1.6858739688E-07,-1.,0.));
#17700 = FACE_BOUND('',#17701,.T.);
#17701 = EDGE_LOOP('',(#17702,#17712,#17720,#17728));
#17702 = ORIENTED_EDGE('',*,*,#17703,.F.);
#17703 = EDGE_CURVE('',#17704,#17706,#17708,.T.);
#17704 = VERTEX_POINT('',#17705);
#17705 = CARTESIAN_POINT('',(-8.11000197753,17.680000234336,6.5));
#17706 = VERTEX_POINT('',#17707);
#17707 = CARTESIAN_POINT('',(-8.110001960671,17.580000234336,6.5));
#17708 = LINE('',#17709,#17710);
#17709 = CARTESIAN_POINT('',(-8.11000197753,17.680000234336,6.5));
#17710 = VECTOR('',#17711,1.);
#17711 = DIRECTION('',(1.6858739677E-07,-1.,1.7E-16));
#17712 = ORIENTED_EDGE('',*,*,#17713,.T.);
#17713 = EDGE_CURVE('',#17704,#17714,#17716,.T.);
#17714 = VERTEX_POINT('',#17715);
#17715 = CARTESIAN_POINT('',(-9.11000197753,17.680000065749,6.5));
#17716 = LINE('',#17717,#17718);
#17717 = CARTESIAN_POINT('',(-8.11000197753,17.680000234336,6.5));
#17718 = VECTOR('',#17719,1.);
#17719 = DIRECTION('',(-1.,-1.6858739666E-07,1.1E-16));
#17720 = ORIENTED_EDGE('',*,*,#17721,.T.);
#17721 = EDGE_CURVE('',#17714,#17722,#17724,.T.);
#17722 = VERTEX_POINT('',#17723);
#17723 = CARTESIAN_POINT('',(-9.110001960671,17.580000065749,6.5));
#17724 = LINE('',#17725,#17726);
#17725 = CARTESIAN_POINT('',(-9.11000197753,17.680000065749,6.5));
#17726 = VECTOR('',#17727,1.);
#17727 = DIRECTION('',(1.6858739677E-07,-1.,1.7E-16));
#17728 = ORIENTED_EDGE('',*,*,#17729,.F.);
#17729 = EDGE_CURVE('',#17706,#17722,#17730,.T.);
#17730 = LINE('',#17731,#17732);
#17731 = CARTESIAN_POINT('',(-8.110001960671,17.580000234336,6.5));
#17732 = VECTOR('',#17733,1.);
#17733 = DIRECTION('',(-1.,-1.6858739666E-07,1.1E-16));
#17734 = FACE_BOUND('',#17735,.T.);
#17735 = EDGE_LOOP('',(#17736));
#17736 = ORIENTED_EDGE('',*,*,#17737,.T.);
#17737 = EDGE_CURVE('',#17738,#17738,#17740,.T.);
#17738 = VERTEX_POINT('',#17739);
#17739 = CARTESIAN_POINT('',(-9.499999956167,5.69,6.5));
#17740 = CIRCLE('',#17741,0.25);
#17741 = AXIS2_PLACEMENT_3D('',#17742,#17743,#17744);
#17742 = CARTESIAN_POINT('',(-9.499999998314,5.94,6.5));
#17743 = DIRECTION('',(-0.,0.,1.));
#17744 = DIRECTION('',(1.6858739681E-07,-1.,0.));
#17745 = FACE_BOUND('',#17746,.T.);
#17746 = EDGE_LOOP('',(#17747));
#17747 = ORIENTED_EDGE('',*,*,#17748,.T.);
#17748 = EDGE_CURVE('',#17749,#17749,#17751,.T.);
#17749 = VERTEX_POINT('',#17750);
#17750 = CARTESIAN_POINT('',(-9.5000002984,7.72,6.5));
#17751 = CIRCLE('',#17752,0.25);
#17752 = AXIS2_PLACEMENT_3D('',#17753,#17754,#17755);
#17753 = CARTESIAN_POINT('',(-9.500000340547,7.97,6.5));
#17754 = DIRECTION('',(-0.,0.,1.));
#17755 = DIRECTION('',(1.6858739681E-07,-1.,0.));
#17756 = FACE_BOUND('',#17757,.T.);
#17757 = EDGE_LOOP('',(#17758));
#17758 = ORIENTED_EDGE('',*,*,#17759,.T.);
#17759 = EDGE_CURVE('',#17760,#17760,#17762,.T.);
#17760 = VERTEX_POINT('',#17761);
#17761 = CARTESIAN_POINT('',(-9.500000640632,9.75,6.5));
#17762 = CIRCLE('',#17763,0.25);
#17763 = AXIS2_PLACEMENT_3D('',#17764,#17765,#17766);
#17764 = CARTESIAN_POINT('',(-9.500000682779,10.,6.5));
#17765 = DIRECTION('',(-0.,0.,1.));
#17766 = DIRECTION('',(1.6858739681E-07,-1.,0.));
#17767 = FACE_BOUND('',#17768,.T.);
#17768 = EDGE_LOOP('',(#17769));
#17769 = ORIENTED_EDGE('',*,*,#17770,.T.);
#17770 = EDGE_CURVE('',#17771,#17771,#17773,.T.);
#17771 = VERTEX_POINT('',#17772);
#17772 = CARTESIAN_POINT('',(-7.720000128126,6.710000300086,6.5));
#17773 = CIRCLE('',#17774,0.25);
#17774 = AXIS2_PLACEMENT_3D('',#17775,#17776,#17777);
#17775 = CARTESIAN_POINT('',(-7.720000170273,6.960000300086,6.5));
#17776 = DIRECTION('',(-0.,0.,1.));
#17777 = DIRECTION('',(1.6858739681E-07,-1.,0.));
#17778 = FACE_BOUND('',#17779,.T.);
#17779 = EDGE_LOOP('',(#17780));
#17780 = ORIENTED_EDGE('',*,*,#17781,.T.);
#17781 = EDGE_CURVE('',#17782,#17782,#17784,.T.);
#17782 = VERTEX_POINT('',#17783);
#17783 = CARTESIAN_POINT('',(-7.720000470359,8.740000300086,6.5));
#17784 = CIRCLE('',#17785,0.25);
#17785 = AXIS2_PLACEMENT_3D('',#17786,#17787,#17788);
#17786 = CARTESIAN_POINT('',(-7.720000512506,8.990000300086,6.5));
#17787 = DIRECTION('',(-0.,0.,1.));
#17788 = DIRECTION('',(1.6858739681E-07,-1.,0.));
#17789 = FACE_BOUND('',#17790,.T.);
#17790 = EDGE_LOOP('',(#17791));
#17791 = ORIENTED_EDGE('',*,*,#17792,.T.);
#17792 = EDGE_CURVE('',#17793,#17793,#17795,.T.);
#17793 = VERTEX_POINT('',#17794);
#17794 = CARTESIAN_POINT('',(-9.500000982865,11.78,6.5));
#17795 = CIRCLE('',#17796,0.25);
#17796 = AXIS2_PLACEMENT_3D('',#17797,#17798,#17799);
#17797 = CARTESIAN_POINT('',(-9.500001025011,12.03,6.5));
#17798 = DIRECTION('',(-0.,0.,1.));
#17799 = DIRECTION('',(1.6858739681E-07,-1.,0.));
#17800 = FACE_BOUND('',#17801,.T.);
#17801 = EDGE_LOOP('',(#17802));
#17802 = ORIENTED_EDGE('',*,*,#17803,.T.);
#17803 = EDGE_CURVE('',#17804,#17804,#17806,.T.);
#17804 = VERTEX_POINT('',#17805);
#17805 = CARTESIAN_POINT('',(-2.890027807017,2.390001114358,6.5));
#17806 = CIRCLE('',#17807,0.25);
#17807 = AXIS2_PLACEMENT_3D('',#17808,#17809,#17810);
#17808 = CARTESIAN_POINT('',(-2.890027849164,2.640001114358,6.5));
#17809 = DIRECTION('',(-0.,0.,1.));
#17810 = DIRECTION('',(1.6858739688E-07,-1.,0.));
#17811 = FACE_BOUND('',#17812,.T.);
#17812 = EDGE_LOOP('',(#17813));
#17813 = ORIENTED_EDGE('',*,*,#17814,.T.);
#17814 = EDGE_CURVE('',#17815,#17815,#17817,.T.);
#17815 = VERTEX_POINT('',#17816);
#17816 = CARTESIAN_POINT('',(-2.890028193082,4.680001114358,6.5));
#17817 = CIRCLE('',#17818,0.25);
#17818 = AXIS2_PLACEMENT_3D('',#17819,#17820,#17821);
#17819 = CARTESIAN_POINT('',(-2.890028235229,4.930001114358,6.5));
#17820 = DIRECTION('',(-0.,0.,1.));
#17821 = DIRECTION('',(1.6858739688E-07,-1.,0.));
#17822 = FACE_BOUND('',#17823,.T.);
#17823 = EDGE_LOOP('',(#17824));
#17824 = ORIENTED_EDGE('',*,*,#17825,.T.);
#17825 = EDGE_CURVE('',#17826,#17826,#17828,.T.);
#17826 = VERTEX_POINT('',#17827);
#17827 = CARTESIAN_POINT('',(-7.720000812591,10.770000300085,6.5));
#17828 = CIRCLE('',#17829,0.25);
#17829 = AXIS2_PLACEMENT_3D('',#17830,#17831,#17832);
#17830 = CARTESIAN_POINT('',(-7.720000854738,11.020000300085,6.5));
#17831 = DIRECTION('',(-0.,0.,1.));
#17832 = DIRECTION('',(1.6858739688E-07,-1.,0.));
#17833 = FACE_BOUND('',#17834,.T.);
#17834 = EDGE_LOOP('',(#17835));
#17835 = ORIENTED_EDGE('',*,*,#17836,.T.);
#17836 = EDGE_CURVE('',#17837,#17837,#17839,.T.);
#17837 = VERTEX_POINT('',#17838);
#17838 = CARTESIAN_POINT('',(-7.720001154824,12.800000300085,6.5));
#17839 = CIRCLE('',#17840,0.25);
#17840 = AXIS2_PLACEMENT_3D('',#17841,#17842,#17843);
#17841 = CARTESIAN_POINT('',(-7.720001196971,13.050000300085,6.5));
#17842 = DIRECTION('',(-0.,0.,1.));
#17843 = DIRECTION('',(1.6858739681E-07,-1.,0.));
#17844 = FACE_BOUND('',#17845,.T.);
#17845 = EDGE_LOOP('',(#17846));
#17846 = ORIENTED_EDGE('',*,*,#17847,.T.);
#17847 = EDGE_CURVE('',#17848,#17848,#17850,.T.);
#17848 = VERTEX_POINT('',#17849);
#17849 = CARTESIAN_POINT('',(-2.890029733971,13.820001114358,6.5));
#17850 = CIRCLE('',#17851,0.25);
#17851 = AXIS2_PLACEMENT_3D('',#17852,#17853,#17854);
#17852 = CARTESIAN_POINT('',(-2.890029776118,14.070001114358,6.5));
#17853 = DIRECTION('',(-0.,0.,1.));
#17854 = DIRECTION('',(1.6858739688E-07,-1.,0.));
#17855 = FACE_BOUND('',#17856,.T.);
#17856 = EDGE_LOOP('',(#17857));
#17857 = ORIENTED_EDGE('',*,*,#17858,.T.);
#17858 = EDGE_CURVE('',#17859,#17859,#17861,.T.);
#17859 = VERTEX_POINT('',#17860);
#17860 = CARTESIAN_POINT('',(-2.890030120036,16.110001114358,6.5));
#17861 = CIRCLE('',#17862,0.25);
#17862 = AXIS2_PLACEMENT_3D('',#17863,#17864,#17865);
#17863 = CARTESIAN_POINT('',(-2.890030162183,16.360001114358,6.5));
#17864 = DIRECTION('',(-0.,0.,1.));
#17865 = DIRECTION('',(1.6858739688E-07,-1.,0.));
#17866 = PLANE('',#17867);
#17867 = AXIS2_PLACEMENT_3D('',#17868,#17869,#17870);
#17868 = CARTESIAN_POINT('',(-9.777597883748,9.579495134354,6.5));
#17869 = DIRECTION('',(-0.,-0.,-1.));
#17870 = DIRECTION('',(-1.,0.,0.));
#17871 = ADVANCED_FACE('',(#17872),#17891,.T.);
#17872 = FACE_BOUND('',#17873,.T.);
#17873 = EDGE_LOOP('',(#17874,#17875,#17883,#17890));
#17874 = ORIENTED_EDGE('',*,*,#17737,.F.);
#17875 = ORIENTED_EDGE('',*,*,#17876,.T.);
#17876 = EDGE_CURVE('',#17738,#17877,#17879,.T.);
#17877 = VERTEX_POINT('',#17878);
#17878 = CARTESIAN_POINT('',(-9.499999956167,5.69,3.96));
#17879 = LINE('',#17880,#17881);
#17880 = CARTESIAN_POINT('',(-9.499999956167,5.69,6.5));
#17881 = VECTOR('',#17882,1.);
#17882 = DIRECTION('',(0.,0.,-1.));
#17883 = ORIENTED_EDGE('',*,*,#17884,.T.);
#17884 = EDGE_CURVE('',#17877,#17877,#17885,.T.);
#17885 = CIRCLE('',#17886,0.25);
#17886 = AXIS2_PLACEMENT_3D('',#17887,#17888,#17889);
#17887 = CARTESIAN_POINT('',(-9.499999998314,5.94,3.96));
#17888 = DIRECTION('',(-0.,0.,1.));
#17889 = DIRECTION('',(1.6858739681E-07,-1.,0.));
#17890 = ORIENTED_EDGE('',*,*,#17876,.F.);
#17891 = CYLINDRICAL_SURFACE('',#17892,0.25);
#17892 = AXIS2_PLACEMENT_3D('',#17893,#17894,#17895);
#17893 = CARTESIAN_POINT('',(-9.499999998314,5.94,6.5));
#17894 = DIRECTION('',(0.,0.,1.));
#17895 = DIRECTION('',(1.6858739688E-07,-1.,0.));
#17896 = ADVANCED_FACE('',(#17897),#17900,.T.);
#17897 = FACE_BOUND('',#17898,.F.);
#17898 = EDGE_LOOP('',(#17899));
#17899 = ORIENTED_EDGE('',*,*,#17884,.T.);
#17900 = PLANE('',#17901);
#17901 = AXIS2_PLACEMENT_3D('',#17902,#17903,#17904);
#17902 = CARTESIAN_POINT('',(-9.499999956167,5.69,3.96));
#17903 = DIRECTION('',(0.,0.,-1.));
#17904 = DIRECTION('',(-1.6858739688E-07,1.,0.));
#17905 = ADVANCED_FACE('',(#17906),#17925,.T.);
#17906 = FACE_BOUND('',#17907,.T.);
#17907 = EDGE_LOOP('',(#17908,#17909,#17917,#17924));
#17908 = ORIENTED_EDGE('',*,*,#17748,.F.);
#17909 = ORIENTED_EDGE('',*,*,#17910,.T.);
#17910 = EDGE_CURVE('',#17749,#17911,#17913,.T.);
#17911 = VERTEX_POINT('',#17912);
#17912 = CARTESIAN_POINT('',(-9.5000002984,7.72,3.96));
#17913 = LINE('',#17914,#17915);
#17914 = CARTESIAN_POINT('',(-9.5000002984,7.72,6.5));
#17915 = VECTOR('',#17916,1.);
#17916 = DIRECTION('',(0.,0.,-1.));
#17917 = ORIENTED_EDGE('',*,*,#17918,.T.);
#17918 = EDGE_CURVE('',#17911,#17911,#17919,.T.);
#17919 = CIRCLE('',#17920,0.25);
#17920 = AXIS2_PLACEMENT_3D('',#17921,#17922,#17923);
#17921 = CARTESIAN_POINT('',(-9.500000340547,7.97,3.96));
#17922 = DIRECTION('',(-0.,0.,1.));
#17923 = DIRECTION('',(1.6858739681E-07,-1.,0.));
#17924 = ORIENTED_EDGE('',*,*,#17910,.F.);
#17925 = CYLINDRICAL_SURFACE('',#17926,0.25);
#17926 = AXIS2_PLACEMENT_3D('',#17927,#17928,#17929);
#17927 = CARTESIAN_POINT('',(-9.500000340547,7.97,6.5));
#17928 = DIRECTION('',(0.,0.,1.));
#17929 = DIRECTION('',(1.6858739688E-07,-1.,0.));
#17930 = ADVANCED_FACE('',(#17931),#17934,.T.);
#17931 = FACE_BOUND('',#17932,.F.);
#17932 = EDGE_LOOP('',(#17933));
#17933 = ORIENTED_EDGE('',*,*,#17918,.T.);
#17934 = PLANE('',#17935);
#17935 = AXIS2_PLACEMENT_3D('',#17936,#17937,#17938);
#17936 = CARTESIAN_POINT('',(-9.5000002984,7.72,3.96));
#17937 = DIRECTION('',(0.,0.,-1.));
#17938 = DIRECTION('',(-1.6858739688E-07,1.,0.));
#17939 = ADVANCED_FACE('',(#17940),#17959,.T.);
#17940 = FACE_BOUND('',#17941,.T.);
#17941 = EDGE_LOOP('',(#17942,#17943,#17951,#17958));
#17942 = ORIENTED_EDGE('',*,*,#17759,.F.);
#17943 = ORIENTED_EDGE('',*,*,#17944,.T.);
#17944 = EDGE_CURVE('',#17760,#17945,#17947,.T.);
#17945 = VERTEX_POINT('',#17946);
#17946 = CARTESIAN_POINT('',(-9.500000640632,9.75,3.96));
#17947 = LINE('',#17948,#17949);
#17948 = CARTESIAN_POINT('',(-9.500000640632,9.75,6.5));
#17949 = VECTOR('',#17950,1.);
#17950 = DIRECTION('',(0.,0.,-1.));
#17951 = ORIENTED_EDGE('',*,*,#17952,.T.);
#17952 = EDGE_CURVE('',#17945,#17945,#17953,.T.);
#17953 = CIRCLE('',#17954,0.25);
#17954 = AXIS2_PLACEMENT_3D('',#17955,#17956,#17957);
#17955 = CARTESIAN_POINT('',(-9.500000682779,10.,3.96));
#17956 = DIRECTION('',(-0.,0.,1.));
#17957 = DIRECTION('',(1.6858739681E-07,-1.,0.));
#17958 = ORIENTED_EDGE('',*,*,#17944,.F.);
#17959 = CYLINDRICAL_SURFACE('',#17960,0.25);
#17960 = AXIS2_PLACEMENT_3D('',#17961,#17962,#17963);
#17961 = CARTESIAN_POINT('',(-9.500000682779,10.,6.5));
#17962 = DIRECTION('',(0.,0.,1.));
#17963 = DIRECTION('',(1.6858739688E-07,-1.,0.));
#17964 = ADVANCED_FACE('',(#17965),#17968,.T.);
#17965 = FACE_BOUND('',#17966,.F.);
#17966 = EDGE_LOOP('',(#17967));
#17967 = ORIENTED_EDGE('',*,*,#17952,.T.);
#17968 = PLANE('',#17969);
#17969 = AXIS2_PLACEMENT_3D('',#17970,#17971,#17972);
#17970 = CARTESIAN_POINT('',(-9.500000640632,9.75,3.96));
#17971 = DIRECTION('',(0.,0.,-1.));
#17972 = DIRECTION('',(-1.6858739688E-07,1.,0.));
#17973 = ADVANCED_FACE('',(#17974),#17993,.T.);
#17974 = FACE_BOUND('',#17975,.T.);
#17975 = EDGE_LOOP('',(#17976,#17977,#17985,#17992));
#17976 = ORIENTED_EDGE('',*,*,#17770,.F.);
#17977 = ORIENTED_EDGE('',*,*,#17978,.T.);
#17978 = EDGE_CURVE('',#17771,#17979,#17981,.T.);
#17979 = VERTEX_POINT('',#17980);
#17980 = CARTESIAN_POINT('',(-7.720000128126,6.710000300086,3.96));
#17981 = LINE('',#17982,#17983);
#17982 = CARTESIAN_POINT('',(-7.720000128126,6.710000300086,6.5));
#17983 = VECTOR('',#17984,1.);
#17984 = DIRECTION('',(0.,0.,-1.));
#17985 = ORIENTED_EDGE('',*,*,#17986,.T.);
#17986 = EDGE_CURVE('',#17979,#17979,#17987,.T.);
#17987 = CIRCLE('',#17988,0.25);
#17988 = AXIS2_PLACEMENT_3D('',#17989,#17990,#17991);
#17989 = CARTESIAN_POINT('',(-7.720000170273,6.960000300086,3.96));
#17990 = DIRECTION('',(-0.,0.,1.));
#17991 = DIRECTION('',(1.6858739681E-07,-1.,0.));
#17992 = ORIENTED_EDGE('',*,*,#17978,.F.);
#17993 = CYLINDRICAL_SURFACE('',#17994,0.25);
#17994 = AXIS2_PLACEMENT_3D('',#17995,#17996,#17997);
#17995 = CARTESIAN_POINT('',(-7.720000170273,6.960000300086,6.5));
#17996 = DIRECTION('',(0.,0.,1.));
#17997 = DIRECTION('',(1.6858739688E-07,-1.,0.));
#17998 = ADVANCED_FACE('',(#17999),#18002,.T.);
#17999 = FACE_BOUND('',#18000,.F.);
#18000 = EDGE_LOOP('',(#18001));
#18001 = ORIENTED_EDGE('',*,*,#17986,.T.);
#18002 = PLANE('',#18003);
#18003 = AXIS2_PLACEMENT_3D('',#18004,#18005,#18006);
#18004 = CARTESIAN_POINT('',(-7.720000128126,6.710000300086,3.96));
#18005 = DIRECTION('',(0.,0.,-1.));
#18006 = DIRECTION('',(-1.6858739688E-07,1.,0.));
#18007 = ADVANCED_FACE('',(#18008),#18027,.T.);
#18008 = FACE_BOUND('',#18009,.T.);
#18009 = EDGE_LOOP('',(#18010,#18011,#18019,#18026));
#18010 = ORIENTED_EDGE('',*,*,#17781,.F.);
#18011 = ORIENTED_EDGE('',*,*,#18012,.T.);
#18012 = EDGE_CURVE('',#17782,#18013,#18015,.T.);
#18013 = VERTEX_POINT('',#18014);
#18014 = CARTESIAN_POINT('',(-7.720000470359,8.740000300086,3.96));
#18015 = LINE('',#18016,#18017);
#18016 = CARTESIAN_POINT('',(-7.720000470359,8.740000300086,6.5));
#18017 = VECTOR('',#18018,1.);
#18018 = DIRECTION('',(0.,0.,-1.));
#18019 = ORIENTED_EDGE('',*,*,#18020,.T.);
#18020 = EDGE_CURVE('',#18013,#18013,#18021,.T.);
#18021 = CIRCLE('',#18022,0.25);
#18022 = AXIS2_PLACEMENT_3D('',#18023,#18024,#18025);
#18023 = CARTESIAN_POINT('',(-7.720000512506,8.990000300086,3.96));
#18024 = DIRECTION('',(-0.,0.,1.));
#18025 = DIRECTION('',(1.6858739681E-07,-1.,0.));
#18026 = ORIENTED_EDGE('',*,*,#18012,.F.);
#18027 = CYLINDRICAL_SURFACE('',#18028,0.25);
#18028 = AXIS2_PLACEMENT_3D('',#18029,#18030,#18031);
#18029 = CARTESIAN_POINT('',(-7.720000512506,8.990000300086,6.5));
#18030 = DIRECTION('',(0.,0.,1.));
#18031 = DIRECTION('',(1.6858739688E-07,-1.,0.));
#18032 = ADVANCED_FACE('',(#18033),#18036,.T.);
#18033 = FACE_BOUND('',#18034,.F.);
#18034 = EDGE_LOOP('',(#18035));
#18035 = ORIENTED_EDGE('',*,*,#18020,.T.);
#18036 = PLANE('',#18037);
#18037 = AXIS2_PLACEMENT_3D('',#18038,#18039,#18040);
#18038 = CARTESIAN_POINT('',(-7.720000470359,8.740000300086,3.96));
#18039 = DIRECTION('',(0.,0.,-1.));
#18040 = DIRECTION('',(-1.6858739688E-07,1.,0.));
#18041 = ADVANCED_FACE('',(#18042),#18061,.T.);
#18042 = FACE_BOUND('',#18043,.T.);
#18043 = EDGE_LOOP('',(#18044,#18045,#18053,#18060));
#18044 = ORIENTED_EDGE('',*,*,#17792,.F.);
#18045 = ORIENTED_EDGE('',*,*,#18046,.T.);
#18046 = EDGE_CURVE('',#17793,#18047,#18049,.T.);
#18047 = VERTEX_POINT('',#18048);
#18048 = CARTESIAN_POINT('',(-9.500000982865,11.78,3.96));
#18049 = LINE('',#18050,#18051);
#18050 = CARTESIAN_POINT('',(-9.500000982865,11.78,6.5));
#18051 = VECTOR('',#18052,1.);
#18052 = DIRECTION('',(0.,0.,-1.));
#18053 = ORIENTED_EDGE('',*,*,#18054,.T.);
#18054 = EDGE_CURVE('',#18047,#18047,#18055,.T.);
#18055 = CIRCLE('',#18056,0.25);
#18056 = AXIS2_PLACEMENT_3D('',#18057,#18058,#18059);
#18057 = CARTESIAN_POINT('',(-9.500001025011,12.03,3.96));
#18058 = DIRECTION('',(-0.,0.,1.));
#18059 = DIRECTION('',(1.6858739681E-07,-1.,0.));
#18060 = ORIENTED_EDGE('',*,*,#18046,.F.);
#18061 = CYLINDRICAL_SURFACE('',#18062,0.25);
#18062 = AXIS2_PLACEMENT_3D('',#18063,#18064,#18065);
#18063 = CARTESIAN_POINT('',(-9.500001025011,12.03,6.5));
#18064 = DIRECTION('',(0.,0.,1.));
#18065 = DIRECTION('',(1.6858739688E-07,-1.,0.));
#18066 = ADVANCED_FACE('',(#18067),#18070,.T.);
#18067 = FACE_BOUND('',#18068,.F.);
#18068 = EDGE_LOOP('',(#18069));
#18069 = ORIENTED_EDGE('',*,*,#18054,.T.);
#18070 = PLANE('',#18071);
#18071 = AXIS2_PLACEMENT_3D('',#18072,#18073,#18074);
#18072 = CARTESIAN_POINT('',(-9.500000982865,11.78,3.96));
#18073 = DIRECTION('',(0.,0.,-1.));
#18074 = DIRECTION('',(-1.6858739688E-07,1.,0.));
#18075 = ADVANCED_FACE('',(#18076),#18095,.T.);
#18076 = FACE_BOUND('',#18077,.T.);
#18077 = EDGE_LOOP('',(#18078,#18079,#18087,#18094));
#18078 = ORIENTED_EDGE('',*,*,#17836,.F.);
#18079 = ORIENTED_EDGE('',*,*,#18080,.T.);
#18080 = EDGE_CURVE('',#17837,#18081,#18083,.T.);
#18081 = VERTEX_POINT('',#18082);
#18082 = CARTESIAN_POINT('',(-7.720001154824,12.800000300085,3.96));
#18083 = LINE('',#18084,#18085);
#18084 = CARTESIAN_POINT('',(-7.720001154824,12.800000300085,6.5));
#18085 = VECTOR('',#18086,1.);
#18086 = DIRECTION('',(0.,0.,-1.));
#18087 = ORIENTED_EDGE('',*,*,#18088,.T.);
#18088 = EDGE_CURVE('',#18081,#18081,#18089,.T.);
#18089 = CIRCLE('',#18090,0.25);
#18090 = AXIS2_PLACEMENT_3D('',#18091,#18092,#18093);
#18091 = CARTESIAN_POINT('',(-7.720001196971,13.050000300085,3.96));
#18092 = DIRECTION('',(-0.,0.,1.));
#18093 = DIRECTION('',(1.6858739681E-07,-1.,0.));
#18094 = ORIENTED_EDGE('',*,*,#18080,.F.);
#18095 = CYLINDRICAL_SURFACE('',#18096,0.25);
#18096 = AXIS2_PLACEMENT_3D('',#18097,#18098,#18099);
#18097 = CARTESIAN_POINT('',(-7.720001196971,13.050000300085,6.5));
#18098 = DIRECTION('',(0.,0.,1.));
#18099 = DIRECTION('',(1.6858739688E-07,-1.,0.));
#18100 = ADVANCED_FACE('',(#18101),#18104,.T.);
#18101 = FACE_BOUND('',#18102,.F.);
#18102 = EDGE_LOOP('',(#18103));
#18103 = ORIENTED_EDGE('',*,*,#18088,.T.);
#18104 = PLANE('',#18105);
#18105 = AXIS2_PLACEMENT_3D('',#18106,#18107,#18108);
#18106 = CARTESIAN_POINT('',(-7.720001154824,12.800000300085,3.96));
#18107 = DIRECTION('',(0.,0.,-1.));
#18108 = DIRECTION('',(-1.6858739688E-07,1.,0.));
#18109 = ( GEOMETRIC_REPRESENTATION_CONTEXT(3) 
GLOBAL_UNCERTAINTY_ASSIGNED_CONTEXT((#18113)) 
GLOBAL_UNIT_ASSIGNED_CONTEXT((#18110,#18111,#18112)) 
REPRESENTATION_CONTEXT('Context #1',
  '3D Context with UNIT and UNCERTAINTY') );
#18110 = ( LENGTH_UNIT() NAMED_UNIT(*) SI_UNIT(.MILLI.,.METRE.) );
#18111 = ( NAMED_UNIT(*) PLANE_ANGLE_UNIT() SI_UNIT($,.RADIAN.) );
#18112 = ( NAMED_UNIT(*) SI_UNIT($,.STERADIAN.) SOLID_ANGLE_UNIT() );
#18113 = UNCERTAINTY_MEASURE_WITH_UNIT(LENGTH_MEASURE(1.E-07),#18110,
  'distance_accuracy_value','confusion accuracy');
#18114 = CONTEXT_DEPENDENT_SHAPE_REPRESENTATION(#18115,#18117);
#18115 = ( REPRESENTATION_RELATIONSHIP('','',#14743,#10) 
REPRESENTATION_RELATIONSHIP_WITH_TRANSFORMATION(#18116) 
SHAPE_REPRESENTATION_RELATIONSHIP() );
#18116 = ITEM_DEFINED_TRANSFORMATION('','',#11,#35);
#18117 = PRODUCT_DEFINITION_SHAPE('Placement','Placement of an item',
  #18118);
#18118 = NEXT_ASSEMBLY_USAGE_OCCURRENCE('61','Cut001','',#5,#14738,$);
#18119 = PRODUCT_RELATED_PRODUCT_CATEGORY('part',$,(#14740));
#18120 = MECHANICAL_DESIGN_GEOMETRIC_PRESENTATION_REPRESENTATION('',(
    #18121),#623);
#18121 = STYLED_ITEM('color',(#18122),#53);
#18122 = PRESENTATION_STYLE_ASSIGNMENT((#18123,#18129));
#18123 = SURFACE_STYLE_USAGE(.BOTH.,#18124);
#18124 = SURFACE_SIDE_STYLE('',(#18125));
#18125 = SURFACE_STYLE_FILL_AREA(#18126);
#18126 = FILL_AREA_STYLE('',(#18127));
#18127 = FILL_AREA_STYLE_COLOUR('',#18128);
#18128 = COLOUR_RGB('',0.678431390124,0.709803936702,0.741176476869);
#18129 = CURVE_STYLE('',#18130,POSITIVE_LENGTH_MEASURE(0.1),#18131);
#18130 = DRAUGHTING_PRE_DEFINED_CURVE_FONT('continuous');
#18131 = COLOUR_RGB('',9.803921802644E-02,9.803921802644E-02,
  9.803921802644E-02);
#18132 = MECHANICAL_DESIGN_GEOMETRIC_PRESENTATION_REPRESENTATION('',(
    #18133),#12760);
#18133 = STYLED_ITEM('color',(#18134),#7693);
#18134 = PRESENTATION_STYLE_ASSIGNMENT((#18135,#18141));
#18135 = SURFACE_STYLE_USAGE(.BOTH.,#18136);
#18136 = SURFACE_SIDE_STYLE('',(#18137));
#18137 = SURFACE_STYLE_FILL_AREA(#18138);
#18138 = FILL_AREA_STYLE('',(#18139));
#18139 = FILL_AREA_STYLE_COLOUR('',#18140);
#18140 = COLOUR_RGB('',0.823529417451,0.819607860991,0.780392170416);
#18141 = CURVE_STYLE('',#18142,POSITIVE_LENGTH_MEASURE(0.1),#18131);
#18142 = DRAUGHTING_PRE_DEFINED_CURVE_FONT('continuous');
#18143 = MECHANICAL_DESIGN_GEOMETRIC_PRESENTATION_REPRESENTATION('',(
    #18144),#7674);
#18144 = STYLED_ITEM('color',(#18145),#5728);
#18145 = PRESENTATION_STYLE_ASSIGNMENT((#18146,#18152));
#18146 = SURFACE_STYLE_USAGE(.BOTH.,#18147);
#18147 = SURFACE_SIDE_STYLE('',(#18148));
#18148 = SURFACE_STYLE_FILL_AREA(#18149);
#18149 = FILL_AREA_STYLE('',(#18150));
#18150 = FILL_AREA_STYLE_COLOUR('',#18151);
#18151 = COLOUR_RGB('',0.274509816483,0.274509816483,0.274509816483);
#18152 = CURVE_STYLE('',#18153,POSITIVE_LENGTH_MEASURE(0.1),#18131);
#18153 = DRAUGHTING_PRE_DEFINED_CURVE_FONT('continuous');
#18154 = MECHANICAL_DESIGN_GEOMETRIC_PRESENTATION_REPRESENTATION('',(
    #18155),#14725);
#18155 = STYLED_ITEM('color',(#18156),#12779);
#18156 = PRESENTATION_STYLE_ASSIGNMENT((#18157,#18162));
#18157 = SURFACE_STYLE_USAGE(.BOTH.,#18158);
#18158 = SURFACE_SIDE_STYLE('',(#18159));
#18159 = SURFACE_STYLE_FILL_AREA(#18160);
#18160 = FILL_AREA_STYLE('',(#18161));
#18161 = FILL_AREA_STYLE_COLOUR('',#18151);
#18162 = CURVE_STYLE('',#18163,POSITIVE_LENGTH_MEASURE(0.1),#18131);
#18163 = DRAUGHTING_PRE_DEFINED_CURVE_FONT('continuous');
#18164 = MECHANICAL_DESIGN_GEOMETRIC_PRESENTATION_REPRESENTATION('',(
    #18165),#18109);
#18165 = STYLED_ITEM('color',(#18166),#14744);
#18166 = PRESENTATION_STYLE_ASSIGNMENT((#18167,#18172));
#18167 = SURFACE_STYLE_USAGE(.BOTH.,#18168);
#18168 = SURFACE_SIDE_STYLE('',(#18169));
#18169 = SURFACE_STYLE_FILL_AREA(#18170);
#18170 = FILL_AREA_STYLE('',(#18171));
#18171 = FILL_AREA_STYLE_COLOUR('',#18128);
#18172 = CURVE_STYLE('',#18173,POSITIVE_LENGTH_MEASURE(0.1),#18131);
#18173 = DRAUGHTING_PRE_DEFINED_CURVE_FONT('continuous');
#18174 = MECHANICAL_DESIGN_GEOMETRIC_PRESENTATION_REPRESENTATION('',(
    #18175),#5709);
#18175 = STYLED_ITEM('color',(#18176),#642);
#18176 = PRESENTATION_STYLE_ASSIGNMENT((#18177,#18182));
#18177 = SURFACE_STYLE_USAGE(.BOTH.,#18178);
#18178 = SURFACE_SIDE_STYLE('',(#18179));
#18179 = SURFACE_STYLE_FILL_AREA(#18180);
#18180 = FILL_AREA_STYLE('',(#18181));
#18181 = FILL_AREA_STYLE_COLOUR('',#18140);
#18182 = CURVE_STYLE('',#18183,POSITIVE_LENGTH_MEASURE(0.1),#18131);
#18183 = DRAUGHTING_PRE_DEFINED_CURVE_FONT('continuous');
ENDSEC;
END-ISO-10303-21;
